t_s,phase,fps,cpu_process_ms,gpu_ms,draw_calls,primitives,video_mem_mb,x,y,z
0.007,1,144.00,7.332,6.400,94,139720,178.0,4.21,1.15,22.80
0.014,1,144.00,7.332,6.371,192,260814,178.0,4.22,1.15,22.80
0.021,1,144.00,7.332,6.104,192,260818,178.0,4.24,1.15,22.80
0.028,1,144.00,7.332,6.123,192,260818,178.0,4.25,1.15,22.80
0.035,1,144.00,7.332,6.114,192,260818,178.0,4.26,1.15,22.80
0.042,1,144.00,7.332,6.139,192,260818,178.0,4.27,1.15,22.80
0.049,1,144.00,7.332,6.084,192,260818,178.0,4.28,1.15,22.80
0.056,1,144.00,7.332,6.119,192,260818,178.0,4.29,1.15,22.80
0.063,1,144.00,7.332,6.103,192,260818,178.0,4.31,1.15,22.80
0.069,1,144.00,7.332,6.107,190,260650,178.0,4.32,1.15,22.80
0.076,1,144.00,7.332,6.121,190,260650,178.0,4.33,1.15,22.80
0.083,1,144.00,7.332,6.077,190,260650,178.0,4.34,1.15,22.80
0.090,1,144.00,7.332,6.109,190,260650,178.0,4.35,1.15,22.80
0.097,1,144.00,7.332,6.140,190,260650,178.0,4.37,1.15,22.80
0.104,1,144.00,7.332,6.112,190,260650,178.0,4.38,1.16,22.80
0.111,1,144.00,7.332,6.100,190,260650,178.0,4.39,1.16,22.80
0.118,1,144.00,7.332,6.106,189,260594,178.0,4.40,1.16,22.80
0.125,1,144.00,7.332,6.102,189,260594,178.0,4.41,1.16,22.80
0.132,1,144.00,7.332,6.126,189,260594,178.0,4.42,1.16,22.80
0.139,1,144.00,7.332,6.141,189,260594,178.0,4.44,1.16,22.80
0.145,1,144.00,7.332,6.145,189,260594,178.0,4.45,1.16,22.80
0.152,1,144.00,7.332,6.140,189,260594,178.0,4.46,1.16,22.80
0.159,1,144.00,7.332,6.144,189,260594,178.0,4.47,1.16,22.80
0.166,1,144.00,7.332,6.152,190,262890,178.0,4.48,1.16,22.80
0.172,1,144.00,7.332,6.096,190,262890,178.0,4.49,1.16,22.80
0.179,1,144.00,7.332,6.102,191,276330,178.0,4.50,1.16,22.80
0.186,1,144.00,7.332,6.104,192,278626,178.0,4.52,1.16,22.80
0.192,1,144.00,7.332,6.124,192,278626,178.0,4.53,1.16,22.80
0.199,1,144.00,7.332,6.120,193,293410,178.0,4.54,1.16,22.80
0.206,1,144.00,7.332,6.119,193,293410,178.0,4.55,1.16,22.80
0.212,1,144.00,7.332,6.132,193,293410,178.0,4.56,1.16,22.80
0.219,1,144.00,7.332,6.118,193,293410,178.0,4.57,1.16,22.80
0.226,1,144.00,7.332,6.134,193,293410,178.0,4.58,1.16,22.80
0.232,1,144.00,7.332,6.207,194,293802,178.0,4.59,1.16,22.80
0.239,1,144.00,7.332,6.203,195,294162,178.0,4.61,1.16,22.80
0.246,1,144.00,7.332,6.231,195,294162,178.0,4.62,1.16,22.80
0.252,1,144.00,7.332,6.228,196,296122,178.0,4.63,1.16,22.80
0.259,1,144.00,7.332,6.242,196,296122,178.0,4.64,1.16,22.80
0.266,1,144.00,7.332,6.273,196,296122,178.0,4.65,1.16,22.80
0.273,1,144.00,7.332,6.244,195,295618,178.0,4.66,1.16,22.80
0.280,1,144.00,7.332,6.255,195,295618,178.0,4.68,1.16,22.80
0.287,1,144.00,7.332,6.256,195,295618,178.0,4.69,1.16,22.80
0.293,1,144.00,7.332,6.257,196,296066,178.0,4.70,1.16,22.80
0.300,1,144.00,7.332,6.317,196,296066,178.0,4.71,1.16,22.80
0.307,1,144.00,7.332,6.305,196,296066,178.0,4.72,1.16,22.80
0.314,1,144.00,7.332,6.277,196,296066,178.0,4.73,1.16,22.80
0.321,1,144.00,7.332,6.299,194,295394,178.0,4.75,1.16,22.80
0.328,1,144.00,7.332,6.292,195,295634,178.0,4.76,1.16,22.80
0.334,1,144.00,7.332,6.289,195,295634,178.0,4.77,1.16,22.80
0.341,1,144.00,7.332,6.308,195,295634,178.0,4.78,1.16,22.80
0.348,1,144.00,7.332,6.349,195,295634,178.0,4.79,1.16,22.80
0.355,1,144.00,7.332,6.400,195,295634,178.0,4.80,1.16,22.80
0.362,1,144.00,7.332,6.427,196,296122,178.0,4.82,1.16,22.80
0.369,1,144.00,7.332,6.577,196,296122,178.0,4.83,1.16,22.80
0.376,1,144.00,7.332,6.569,196,296122,178.0,4.84,1.16,22.80
0.383,1,144.00,7.332,6.546,196,296122,178.0,4.85,1.16,22.80
0.390,1,144.00,7.332,6.554,197,296570,178.0,4.86,1.16,22.80
0.397,1,144.00,7.332,6.560,197,296570,178.0,4.87,1.16,22.80
0.404,1,144.00,7.332,6.563,197,296570,178.0,4.89,1.16,22.80
0.411,1,144.00,7.332,6.515,197,296570,178.0,4.90,1.16,22.80
0.418,1,144.00,7.332,6.551,196,296066,178.0,4.91,1.16,22.80
0.424,1,144.00,7.332,6.518,196,296066,178.0,4.92,1.16,22.80
0.431,1,144.00,7.332,6.567,197,296306,178.0,4.93,1.16,22.80
0.438,1,144.00,7.332,6.575,197,296306,178.0,4.95,1.16,22.80
0.445,1,144.00,7.332,6.548,197,296306,178.0,4.96,1.16,22.80
0.452,1,144.00,7.332,6.554,197,296306,178.0,4.97,1.16,22.80
0.459,1,144.00,7.332,6.551,197,296306,178.0,4.98,1.16,22.80
0.466,1,144.00,7.332,6.488,197,296306,178.0,4.99,1.16,22.80
0.473,1,144.00,7.332,6.457,195,295634,178.0,5.00,1.16,22.80
0.480,1,144.00,7.332,6.472,195,295634,178.0,5.02,1.16,22.80
0.487,1,144.00,7.332,6.442,195,295634,178.0,5.03,1.16,22.80
0.494,1,144.00,7.332,6.454,195,295634,178.0,5.04,1.15,22.80
0.501,1,144.00,7.332,6.475,195,295634,178.0,5.05,1.15,22.80
0.508,1,144.00,7.332,6.467,197,295754,178.0,5.06,1.15,22.80
0.515,1,144.00,7.332,6.472,197,295754,178.0,5.08,1.15,22.80
0.522,1,144.00,7.332,6.493,197,295754,178.0,5.09,1.15,22.80
0.529,1,144.00,7.332,6.486,196,295530,178.0,5.10,1.15,22.80
0.536,1,144.00,7.332,6.481,196,295530,178.0,5.11,1.15,22.80
0.543,1,144.00,7.332,6.473,196,295530,178.0,5.12,1.15,22.80
0.549,1,144.00,7.332,6.479,196,295530,178.0,5.13,1.15,22.80
0.556,1,144.00,7.332,6.474,196,295530,178.0,5.15,1.15,22.80
0.563,1,144.00,7.332,6.457,196,295530,178.0,5.16,1.15,22.80
0.570,1,144.00,7.332,6.526,196,295530,178.0,5.17,1.15,22.80
0.577,1,144.00,7.332,6.527,196,295530,178.0,5.18,1.15,22.80
0.584,1,144.00,7.332,6.528,196,295530,178.0,5.19,1.15,22.80
0.591,1,144.00,7.332,6.519,196,295530,178.0,5.20,1.15,22.80
0.598,1,144.00,7.332,6.493,196,295530,178.0,5.22,1.15,22.80
0.605,1,144.00,7.332,6.476,196,295530,178.0,5.23,1.15,22.80
0.612,1,144.00,7.332,6.483,196,295530,178.0,5.24,1.15,22.80
0.619,1,144.00,7.332,6.469,195,295474,178.0,5.25,1.15,22.80
0.626,1,144.00,7.332,6.416,195,295474,178.0,5.26,1.15,22.80
0.633,1,144.00,7.332,6.389,195,295474,178.0,5.28,1.15,22.80
0.640,1,144.00,7.332,6.376,195,295474,178.0,5.29,1.15,22.80
0.647,1,144.00,7.332,6.401,195,295474,178.0,5.30,1.15,22.80
0.654,1,144.00,7.332,6.422,195,295474,178.0,5.31,1.15,22.80
0.661,1,144.00,7.332,6.425,195,295474,178.0,5.32,1.14,22.80
0.668,1,144.00,7.332,6.447,196,295642,178.0,5.33,1.14,22.80
0.674,1,144.00,7.332,6.472,196,295642,178.0,5.35,1.14,22.80
0.681,1,144.00,7.332,6.475,196,295642,178.0,5.36,1.14,22.80
0.688,1,144.00,7.332,6.526,195,295418,178.0,5.37,1.14,22.80
0.695,1,144.00,7.332,6.512,194,295362,178.0,5.38,1.14,22.80
0.702,1,144.00,7.332,6.527,193,295306,178.0,5.39,1.14,22.80
0.709,1,144.00,7.332,6.534,193,295306,178.0,5.41,1.14,22.80
0.716,1,144.00,7.332,6.570,194,295418,178.0,5.42,1.14,22.80
0.723,1,144.00,7.332,6.497,194,295418,178.0,5.43,1.14,22.80
0.730,1,144.00,7.332,6.508,194,295418,178.0,5.44,1.14,22.80
0.737,1,144.00,7.332,6.515,194,295418,178.0,5.45,1.14,22.80
0.744,1,144.00,7.332,6.506,194,295418,178.0,5.46,1.14,22.80
0.751,1,144.00,7.332,6.524,194,295418,178.0,5.48,1.14,22.80
0.758,1,144.00,7.332,6.523,194,295418,178.0,5.49,1.14,22.80
0.765,1,144.00,7.332,6.519,194,295418,178.0,5.50,1.14,22.80
0.772,1,144.00,7.332,6.512,195,295586,178.0,5.51,1.14,22.80
0.779,1,144.00,7.332,6.507,195,295586,178.0,5.52,1.14,22.80
0.786,1,144.00,7.332,6.568,195,295586,178.0,5.54,1.14,22.80
0.793,1,144.00,7.332,6.569,195,295586,178.0,5.55,1.14,22.80
0.799,1,144.00,7.332,6.548,195,295586,178.0,5.56,1.14,22.80
0.806,1,144.00,7.332,6.580,195,295586,178.0,5.57,1.14,22.80
0.813,1,144.00,7.332,6.576,195,295586,178.0,5.58,1.14,22.80
0.820,1,144.00,7.332,6.573,195,295586,178.0,5.59,1.14,22.80
0.827,1,144.00,7.332,6.567,194,295530,178.0,5.61,1.14,22.80
0.834,1,144.00,7.332,6.595,195,295566,178.0,5.62,1.14,22.80
0.841,1,144.00,7.332,6.602,195,295566,178.0,5.63,1.14,22.80
0.848,1,144.00,7.332,6.543,195,295566,178.0,5.64,1.13,22.80
0.855,1,144.00,7.332,6.572,194,295342,178.0,5.65,1.13,22.80
0.862,1,144.00,7.332,6.563,194,295342,178.0,5.67,1.13,22.80
0.869,1,144.00,7.332,6.539,195,295538,178.0,5.68,1.13,22.80
0.876,1,144.00,7.332,6.547,195,295538,178.0,5.69,1.13,22.80
0.883,1,144.00,7.332,6.574,195,295538,178.0,5.70,1.13,22.80
0.890,1,144.00,7.332,6.555,195,295538,178.0,5.71,1.13,22.80
0.897,1,144.00,7.332,6.562,195,295538,178.0,5.72,1.13,22.80
0.904,1,144.00,7.332,6.572,195,295538,178.0,5.74,1.13,22.80
0.911,1,144.00,7.332,6.562,194,287474,178.0,5.75,1.13,22.80
0.918,1,144.00,7.332,6.559,194,287474,178.0,5.76,1.13,22.80
0.925,1,144.00,7.332,6.551,193,287026,178.0,5.77,1.13,22.80
0.932,1,144.00,7.332,6.552,193,287026,178.0,5.78,1.13,22.80
0.939,1,144.00,7.332,6.575,193,287026,178.0,5.80,1.13,22.80
0.947,1,144.00,7.332,6.577,191,278122,178.0,5.81,1.13,22.80
0.954,1,144.00,7.332,6.560,191,278122,178.0,5.82,1.13,22.80
0.961,1,144.00,7.332,6.549,191,278122,178.0,5.83,1.13,22.80
0.968,1,144.00,7.332,6.560,190,276330,178.0,5.85,1.13,22.80
0.975,1,144.00,7.332,6.562,187,274678,178.0,5.86,1.13,22.80
0.982,1,144.00,7.332,6.574,188,275214,178.0,5.87,1.13,22.80
0.989,1,144.00,7.139,6.559,188,275214,178.0,5.88,1.13,22.80
0.996,1,144.00,7.139,6.580,188,275214,178.0,5.89,1.13,22.80
1.004,1,144.00,7.139,6.559,189,275322,178.0,5.91,1.13,22.80
1.011,1,144.00,7.139,6.567,188,274986,178.0,5.92,1.13,22.80
1.018,1,144.00,7.139,6.579,188,274986,178.0,5.93,1.13,22.80
1.025,1,144.00,7.139,6.575,188,274986,178.0,5.94,1.13,22.80
1.032,1,144.00,7.139,6.588,188,274986,178.0,5.95,1.13,22.80
1.039,1,144.00,7.139,6.614,188,274986,178.0,5.97,1.13,22.80
1.046,1,144.00,7.139,6.600,188,274986,178.0,5.98,1.13,22.80
1.054,1,144.00,7.139,6.593,188,274986,178.0,5.99,1.13,22.80
1.061,1,144.00,7.139,6.590,189,275322,178.0,6.00,1.13,22.80
1.068,1,144.00,7.139,6.585,192,283274,178.0,6.01,1.13,22.79
1.075,1,144.00,7.139,6.561,192,283274,178.0,6.02,1.13,22.78
1.082,1,144.00,7.139,6.588,190,291110,178.0,6.03,1.13,22.77
1.089,1,144.00,7.139,6.640,190,291110,178.0,6.04,1.13,22.76
1.097,1,144.00,7.139,6.593,190,291110,178.0,6.05,1.13,22.75
1.104,1,144.00,7.139,6.619,190,291110,178.0,6.05,1.13,22.75
1.111,1,144.00,7.139,6.608,190,291110,178.0,6.06,1.14,22.74
1.118,1,144.00,7.139,6.595,190,291110,178.0,6.07,1.14,22.73
1.125,1,144.00,7.139,6.693,190,291110,178.0,6.08,1.14,22.72
1.132,1,144.00,7.139,6.649,190,291110,178.0,6.09,1.14,22.71
1.139,1,144.00,7.139,6.628,189,286966,178.0,6.10,1.14,22.70
1.147,1,144.00,7.139,6.648,189,286966,178.0,6.11,1.14,22.69
1.154,1,144.00,7.139,6.664,189,286966,178.0,6.11,1.14,22.69
1.161,1,144.00,7.139,6.639,189,286966,178.0,6.12,1.14,22.68
1.168,1,144.00,7.139,6.682,189,286966,178.0,6.13,1.14,22.67
1.175,1,144.00,7.139,6.683,189,286966,178.0,6.14,1.14,22.66
1.183,1,144.00,7.139,6.690,189,286966,178.0,6.15,1.14,22.65
1.190,1,144.00,7.139,6.669,189,286966,178.0,6.16,1.14,22.64
1.198,1,144.00,7.139,6.719,189,286966,178.0,6.17,1.14,22.63
1.205,1,144.00,7.139,6.719,189,286966,178.0,6.18,1.14,22.62
1.213,1,144.00,7.139,6.731,189,286966,178.0,6.18,1.14,22.62
1.220,1,144.00,7.139,6.754,187,286846,178.0,6.19,1.14,22.61
1.227,1,144.00,7.139,6.765,187,286846,178.0,6.20,1.14,22.60
1.235,1,144.00,7.139,6.778,187,286846,178.0,6.21,1.14,22.59
1.242,1,144.00,7.139,6.787,187,286846,178.0,6.22,1.14,22.58
1.250,1,144.00,7.139,6.759,187,286846,178.0,6.23,1.14,22.57
1.257,1,144.00,7.139,6.781,185,277830,178.0,6.24,1.14,22.56
1.264,1,144.00,7.139,6.759,185,277970,178.0,6.25,1.14,22.55
1.272,1,144.00,7.139,6.742,185,277970,178.0,6.26,1.14,22.54
1.279,1,144.00,7.139,6.744,185,277970,178.0,6.26,1.14,22.54
1.287,1,144.00,7.139,6.803,185,277970,178.0,6.27,1.14,22.53
1.294,1,144.00,7.139,6.807,185,277970,178.0,6.28,1.14,22.52
1.301,1,144.00,7.139,6.823,185,277970,178.0,6.29,1.14,22.51
1.309,1,144.00,7.139,6.827,185,277970,178.0,6.30,1.15,22.50
1.316,1,144.00,7.139,6.839,185,277970,178.0,6.31,1.15,22.49
1.324,1,144.00,7.139,6.823,184,273826,178.0,6.32,1.15,22.48
1.331,1,144.00,7.139,6.834,184,273826,178.0,6.33,1.15,22.47
1.338,1,144.00,7.139,6.829,184,273826,178.0,6.34,1.15,22.46
1.346,1,144.00,7.139,6.809,184,273826,178.0,6.35,1.15,22.45
1.353,1,144.00,7.139,6.837,184,273826,178.0,6.35,1.15,22.45
1.361,1,144.00,7.139,6.886,184,273826,178.0,6.36,1.15,22.44
1.368,1,144.00,7.139,7.003,183,269122,178.0,6.37,1.15,22.43
1.375,1,144.00,7.139,7.039,183,269122,178.0,6.38,1.15,22.42
1.383,1,144.00,7.139,6.994,183,269122,178.0,6.39,1.15,22.41
1.390,1,144.00,7.139,6.937,183,269122,178.0,6.40,1.15,22.40
1.398,1,144.00,7.139,6.897,183,269122,178.0,6.41,1.15,22.39
1.405,1,144.00,7.139,6.830,181,269002,178.0,6.42,1.15,22.38
1.413,1,144.00,7.139,6.812,181,269002,178.0,6.43,1.15,22.37
1.420,1,144.00,7.139,6.864,181,269002,178.0,6.43,1.15,22.37
1.427,1,144.00,7.139,6.910,181,269002,178.0,6.44,1.15,22.36
1.435,1,144.00,7.139,6.893,181,269002,178.0,6.45,1.15,22.35
1.442,1,144.00,7.139,6.835,181,269002,178.0,6.46,1.15,22.34
1.450,1,144.00,7.139,6.832,182,269182,178.0,6.47,1.15,22.33
1.457,1,144.00,7.139,6.850,182,269182,178.0,6.48,1.15,22.32
1.464,1,144.00,7.139,6.837,182,269182,178.0,6.49,1.15,22.31
1.472,1,144.00,7.139,6.835,182,269182,178.0,6.50,1.15,22.30
1.479,1,144.00,7.139,6.854,182,269182,178.0,6.51,1.15,22.29
1.487,1,144.00,7.139,6.821,181,264702,178.0,6.51,1.15,22.29
1.494,1,144.00,7.139,6.834,181,264702,178.0,6.52,1.15,22.28
1.501,1,144.00,7.139,6.837,181,264702,178.0,6.53,1.15,22.27
1.509,1,144.00,7.139,6.837,181,264702,178.0,6.54,1.15,22.26
1.516,1,144.00,7.139,6.809,181,264702,178.0,6.55,1.15,22.25
1.524,1,144.00,7.139,6.812,181,264702,178.0,6.56,1.15,22.24
1.531,1,144.00,7.139,6.859,181,264702,178.0,6.57,1.15,22.23
1.538,1,144.00,7.139,6.829,181,264702,178.0,6.58,1.15,22.22
1.546,1,144.00,7.139,6.866,181,264702,178.0,6.59,1.15,22.21
1.553,1,144.00,7.139,6.809,181,264702,178.0,6.59,1.15,22.21
1.561,1,144.00,7.139,6.802,180,259102,178.0,6.60,1.15,22.20
1.568,1,144.00,7.139,6.805,177,258874,178.0,6.62,1.15,22.20
1.575,1,144.00,7.139,6.810,177,258874,178.0,6.63,1.15,22.20
1.583,1,144.00,7.139,6.800,177,258874,178.0,6.64,1.15,22.20
1.590,1,144.00,7.139,6.795,177,258874,178.0,6.65,1.15,22.20
1.598,1,144.00,7.139,6.791,177,258874,178.0,6.67,1.15,22.20
1.605,1,144.00,7.139,6.800,177,258874,178.0,6.68,1.15,22.20
1.613,1,144.00,7.139,6.787,177,258874,178.0,6.69,1.15,22.20
1.620,1,144.00,7.139,6.792,177,258874,178.0,6.71,1.15,22.20
1.627,1,144.00,7.139,6.788,177,258874,178.0,6.72,1.15,22.20
1.635,1,144.00,7.139,6.809,177,258874,178.0,6.73,1.15,22.20
1.642,1,144.00,7.139,6.802,179,277802,178.0,6.74,1.15,22.20
1.650,1,144.00,7.139,6.789,179,277802,178.0,6.76,1.15,22.20
1.657,1,144.00,7.139,6.824,179,277802,178.0,6.77,1.15,22.20
1.664,1,144.00,7.139,6.789,179,277802,178.0,6.78,1.15,22.20
1.672,1,144.00,7.139,6.764,179,277802,178.0,6.79,1.15,22.20
1.679,1,144.00,7.139,6.797,179,277802,178.0,6.81,1.15,22.20
1.687,1,144.00,7.139,6.792,179,277802,178.0,6.82,1.15,22.20
1.694,1,144.00,7.139,6.799,180,289226,178.0,6.83,1.15,22.20
1.701,1,144.00,7.139,6.789,180,289226,178.0,6.84,1.15,22.20
1.709,1,144.00,7.139,6.843,181,300482,178.0,6.86,1.15,22.20
1.716,1,144.00,7.139,6.801,181,300482,178.0,6.87,1.15,22.20
1.724,1,144.00,7.139,6.765,181,300482,178.0,6.88,1.15,22.20
1.731,1,144.00,7.139,6.766,182,308042,178.0,6.89,1.15,22.20
1.738,1,144.00,7.139,6.851,182,308042,178.0,6.91,1.15,22.20
1.746,1,144.00,7.139,6.782,182,308042,178.0,6.92,1.15,22.20
1.753,1,144.00,7.139,6.758,183,318570,178.0,6.93,1.15,22.20
1.761,1,144.00,7.139,6.757,183,318570,178.0,6.94,1.15,22.20
1.768,1,144.00,7.139,6.840,183,318570,178.0,6.96,1.15,22.20
1.775,1,144.00,7.139,6.833,183,318570,178.0,6.97,1.15,22.20
1.783,1,144.00,7.139,6.955,183,318570,178.0,6.98,1.15,22.20
1.790,1,144.00,7.139,6.817,183,318570,178.0,6.99,1.15,22.20
1.798,1,144.00,7.139,6.722,183,318570,178.0,7.01,1.15,22.20
1.805,1,144.00,7.139,6.676,183,318570,178.0,7.02,1.15,22.20
1.813,1,144.00,7.139,6.650,182,318486,178.0,7.03,1.15,22.20
1.820,1,144.00,7.139,6.726,182,318486,178.0,7.05,1.15,22.20
1.827,1,144.00,7.139,6.828,184,319134,178.0,7.06,1.15,22.20
1.835,1,144.00,7.139,6.784,184,319134,178.0,7.07,1.14,22.20
1.842,1,144.00,7.139,6.739,184,319134,178.0,7.08,1.14,22.20
1.850,1,144.00,7.139,6.688,184,319134,178.0,7.10,1.14,22.20
1.857,1,144.00,7.139,6.711,184,319134,178.0,7.11,1.14,22.20
1.864,1,144.00,7.139,6.728,184,319134,178.0,7.12,1.14,22.20
1.872,1,144.00,7.139,6.703,184,319134,178.0,7.13,1.14,22.20
1.879,1,144.00,7.139,6.679,185,319242,178.0,7.15,1.14,22.20
1.887,1,144.00,7.139,6.659,189,319346,178.0,7.16,1.14,22.20
1.894,1,144.00,7.139,6.621,189,319346,178.0,7.17,1.14,22.20
1.901,1,144.00,7.139,6.673,189,319346,178.0,7.18,1.14,22.20
1.909,1,144.00,7.139,6.690,189,319346,178.0,7.20,1.14,22.20
1.916,1,144.00,7.139,6.642,190,319514,178.0,7.21,1.14,22.20
1.924,1,144.00,7.139,6.661,190,319514,178.0,7.22,1.14,22.20
1.931,1,144.00,7.139,6.671,190,319514,178.0,7.23,1.14,22.20
1.938,1,144.00,7.139,6.655,190,319514,178.0,7.25,1.14,22.20
1.946,1,144.00,7.139,6.661,190,319514,178.0,7.26,1.14,22.20
1.953,1,144.00,7.139,6.649,190,319514,178.0,7.27,1.14,22.20
1.961,1,144.00,7.139,6.649,190,319514,178.0,7.28,1.14,22.20
1.968,1,144.00,7.139,6.627,190,319514,178.0,7.30,1.14,22.20
1.975,1,144.00,7.139,6.631,190,319514,178.0,7.31,1.14,22.20
1.983,1,144.00,7.139,6.617,190,319514,178.0,7.32,1.14,22.20
1.990,1,144.00,7.139,6.664,190,319514,178.0,7.33,1.14,22.20
1.998,1,137.00,7.637,6.612,190,319514,178.0,7.35,1.13,22.20
2.005,1,137.00,7.637,6.635,190,319514,178.0,7.36,1.13,22.20
2.012,1,137.00,7.637,6.594,190,319514,178.0,7.37,1.13,22.20
2.020,1,137.00,7.637,6.663,190,319514,178.0,7.38,1.13,22.20
2.027,1,137.00,7.637,6.707,190,319514,178.0,7.40,1.13,22.20
2.034,1,137.00,7.637,6.603,190,319514,178.0,7.41,1.13,22.20
2.041,1,137.00,7.637,6.562,191,319850,178.0,7.42,1.13,22.20
2.048,1,137.00,7.637,6.586,191,319850,178.0,7.43,1.13,22.20
2.055,1,137.00,7.637,6.675,190,319626,178.0,7.45,1.13,22.20
2.063,1,137.00,7.637,6.677,190,319626,178.0,7.46,1.13,22.20
2.070,1,137.00,7.637,6.595,190,319626,178.0,7.47,1.13,22.20
2.077,1,137.00,7.637,6.590,190,319626,178.0,7.48,1.13,22.20
2.084,1,137.00,7.637,6.621,190,319626,178.0,7.49,1.13,22.20
2.091,1,137.00,7.637,6.660,190,319626,178.0,7.51,1.13,22.20
2.098,1,137.00,7.637,6.579,190,319626,178.0,7.52,1.13,22.20
2.105,1,137.00,7.637,6.656,190,319626,178.0,7.53,1.13,22.20
2.113,1,137.00,7.637,6.641,190,319626,178.0,7.54,1.13,22.20
2.120,1,137.00,7.637,6.544,190,319626,178.0,7.56,1.13,22.20
2.127,1,137.00,7.637,6.545,190,319626,178.0,7.57,1.13,22.20
2.134,1,137.00,7.637,6.555,190,319626,178.0,7.58,1.13,22.20
2.141,1,137.00,7.637,6.536,190,311598,178.0,7.59,1.13,22.20
2.148,1,137.00,7.637,6.539,190,311598,178.0,7.60,1.13,22.20
2.156,1,137.00,7.637,6.561,190,311598,178.0,7.62,1.13,22.20
2.163,1,137.00,7.637,6.532,190,311598,178.0,7.63,1.13,22.20
2.170,1,137.00,7.637,6.610,190,311598,178.0,7.64,1.13,22.20
2.177,1,137.00,7.637,6.623,190,311598,178.0,7.65,1.13,22.20
2.184,1,137.00,7.637,6.581,195,312262,178.0,7.66,1.13,22.20
2.191,1,137.00,7.637,6.544,196,312710,178.0,7.68,1.13,22.20
2.199,1,137.00,7.637,6.636,196,312710,178.0,7.69,1.13,22.20
2.206,1,137.00,7.637,6.546,196,312710,178.0,7.70,1.13,22.20
2.213,1,137.00,7.637,6.651,196,312710,178.0,7.71,1.13,22.20
2.220,1,137.00,7.637,6.652,196,312710,178.0,7.73,1.13,22.20
2.227,1,137.00,7.637,6.788,196,312710,178.0,7.74,1.13,22.20
2.234,1,137.00,7.637,6.657,196,312822,178.0,7.75,1.13,22.20
2.241,1,137.00,7.637,6.662,196,312822,178.0,7.76,1.13,22.20
2.249,1,137.00,7.637,6.598,196,312822,178.0,7.77,1.13,22.20
2.256,1,137.00,7.637,6.581,196,312822,178.0,7.79,1.13,22.20
2.263,1,137.00,7.637,6.544,197,313214,178.0,7.80,1.13,22.20
2.270,1,137.00,7.637,6.550,197,313214,178.0,7.81,1.13,22.20
2.277,1,137.00,7.637,6.550,197,313214,178.0,7.82,1.13,22.20
2.284,1,137.00,7.637,6.569,197,313214,178.0,7.83,1.13,22.20
2.291,1,137.00,7.637,6.604,196,305654,178.0,7.85,1.13,22.20
2.299,1,137.00,7.637,6.620,196,305654,178.0,7.86,1.13,22.20
2.306,1,137.00,7.637,6.602,196,305654,178.0,7.87,1.13,22.20
2.313,1,137.00,7.637,6.614,196,305654,178.0,7.88,1.13,22.20
2.320,1,137.00,7.637,6.619,196,305654,178.0,7.90,1.13,22.20
2.327,1,137.00,7.637,6.599,195,304310,178.0,7.91,1.13,22.20
2.334,1,137.00,7.637,6.630,196,304506,178.0,7.92,1.13,22.20
2.341,1,137.00,7.637,6.609,196,304506,178.0,7.93,1.13,22.20
2.349,1,137.00,7.637,6.599,196,304506,178.0,7.94,1.13,22.20
2.356,1,137.00,7.637,6.575,196,304506,178.0,7.96,1.13,22.20
2.363,1,137.00,7.637,6.598,195,303366,178.0,7.97,1.13,22.20
2.370,1,137.00,7.637,6.581,195,303366,178.0,7.98,1.13,22.20
2.377,1,137.00,7.637,6.593,195,303366,178.0,7.99,1.13,22.20
2.384,1,137.00,7.637,6.555,194,300342,178.0,8.00,1.13,22.20
2.391,1,137.00,7.637,6.557,195,300702,178.0,8.02,1.13,22.20
2.399,1,137.00,7.637,6.552,195,300702,178.0,8.03,1.13,22.20
2.406,1,137.00,7.637,6.546,195,300702,178.0,8.04,1.13,22.20
2.413,1,137.00,7.637,6.572,196,300882,178.0,8.05,1.13,22.20
2.420,1,137.00,7.637,6.561,195,300686,178.0,8.07,1.13,22.20
2.427,1,137.00,7.637,6.576,195,300686,178.0,8.08,1.13,22.20
2.434,1,137.00,7.637,6.509,195,300686,178.0,8.09,1.13,22.20
2.441,1,137.00,7.637,6.549,195,300686,178.0,8.10,1.13,22.20
2.449,1,137.00,7.637,6.501,195,300686,178.0,8.11,1.13,22.20
2.456,1,137.00,7.637,6.488,195,300686,178.0,8.13,1.13,22.20
2.463,1,137.00,7.637,6.519,195,300686,178.0,8.14,1.13,22.20
2.470,1,137.00,7.637,6.512,197,301470,178.0,8.15,1.13,22.20
2.477,1,137.00,7.637,6.540,197,301470,178.0,8.16,1.13,22.20
2.484,1,137.00,7.637,6.521,197,301470,178.0,8.17,1.13,22.20
2.491,1,137.00,7.637,6.509,199,301526,178.0,8.19,1.13,22.20
2.499,1,137.00,7.637,6.610,199,301582,178.0,8.20,1.13,22.20
2.506,1,137.00,7.637,6.562,199,301582,178.0,8.21,1.13,22.20
2.513,1,137.00,7.637,6.501,199,301582,178.0,8.22,1.13,22.20
2.520,1,137.00,7.637,6.550,199,301582,178.0,8.24,1.13,22.20
2.527,1,137.00,7.637,6.565,199,301582,178.0,8.25,1.14,22.20
2.534,1,137.00,7.637,6.585,198,301470,178.0,8.26,1.14,22.20
2.541,1,137.00,7.637,6.566,198,301470,178.0,8.27,1.14,22.20
2.549,1,137.00,7.637,6.545,198,301470,178.0,8.28,1.14,22.20
2.556,1,137.00,7.637,6.510,198,301470,178.0,8.30,1.14,22.20
2.563,1,137.00,7.637,6.478,198,301470,178.0,8.31,1.14,22.20
2.570,1,137.00,7.637,6.399,198,301470,178.0,8.32,1.14,22.20
2.577,1,137.00,7.637,6.383,198,301470,178.0,8.33,1.14,22.20
2.584,1,137.00,7.637,6.384,198,301470,178.0,8.34,1.14,22.20
2.591,1,137.00,7.637,6.373,197,301134,178.0,8.36,1.14,22.20
2.599,1,137.00,7.637,6.372,197,301134,178.0,8.37,1.14,22.20
2.606,1,137.00,7.637,6.419,197,301134,178.0,8.38,1.14,22.20
2.613,1,137.00,7.637,6.427,197,301134,178.0,8.39,1.14,22.20
2.620,1,137.00,7.637,6.402,197,301134,178.0,8.41,1.14,22.20
2.627,1,137.00,7.637,6.418,160,231020,178.0,8.42,1.14,22.20
2.634,1,137.00,7.637,6.523,160,231020,178.0,8.43,1.14,22.20
2.641,1,137.00,7.637,6.517,161,231188,178.0,8.44,1.14,22.20
2.649,1,137.00,7.637,6.457,161,231188,178.0,8.45,1.14,22.20
2.656,1,137.00,7.637,6.477,161,231188,178.0,8.47,1.14,22.20
2.663,1,137.00,7.637,6.468,158,230948,178.0,8.48,1.14,22.20
2.670,1,137.00,7.637,6.516,158,230948,178.0,8.49,1.14,22.20
2.677,1,137.00,7.637,6.546,158,230948,178.0,8.50,1.14,22.20
2.684,1,137.00,7.637,6.567,158,230948,178.0,8.51,1.14,22.20
2.691,1,137.00,7.637,6.517,158,230948,178.0,8.53,1.14,22.20
2.699,1,137.00,7.637,6.583,158,230948,178.0,8.54,1.14,22.20
2.706,1,137.00,7.637,6.494,158,230948,178.0,8.55,1.14,22.20
2.713,1,137.00,7.637,6.521,158,230948,178.0,8.56,1.14,22.20
2.720,1,137.00,7.637,6.525,158,230948,178.0,8.58,1.14,22.20
2.727,1,137.00,7.637,6.502,158,228968,178.0,8.59,1.14,22.20
2.734,1,137.00,7.637,6.454,158,228968,178.0,8.60,1.14,22.20
2.741,1,137.00,7.637,6.424,158,228968,178.0,8.61,1.15,22.20
2.749,1,137.00,7.637,6.417,158,228968,178.0,8.62,1.15,22.20
2.756,1,137.00,7.637,6.431,157,228856,178.0,8.64,1.15,22.20
2.763,1,137.00,7.637,6.425,157,228856,178.0,8.65,1.15,22.20
2.770,1,137.00,7.637,6.538,157,228856,178.0,8.66,1.15,22.20
2.777,1,137.00,7.637,6.510,157,228856,178.0,8.67,1.15,22.20
2.784,1,137.00,7.637,6.434,157,228856,178.0,8.68,1.15,22.20
2.791,1,137.00,7.637,6.444,157,228856,178.0,8.70,1.15,22.20
2.799,1,137.00,7.637,6.469,160,229312,178.0,8.71,1.15,22.20
2.806,1,137.00,7.637,6.426,160,229312,178.0,8.72,1.15,22.20
2.813,1,137.00,7.637,6.393,159,226912,178.0,8.73,1.15,22.20
2.820,1,137.00,7.637,6.368,158,226804,178.0,8.75,1.15,22.20
2.827,1,137.00,7.637,6.380,158,226804,178.0,8.76,1.15,22.20
2.834,1,137.00,7.637,6.399,159,227476,178.0,8.77,1.15,22.20
2.841,1,137.00,7.637,6.386,158,227220,178.0,8.78,1.15,22.20
2.849,1,137.00,7.637,6.414,158,227220,178.0,8.79,1.15,22.20
2.856,1,137.00,7.637,6.371,158,227220,178.0,8.81,1.15,22.20
2.863,1,137.00,7.637,6.389,159,227280,178.0,8.82,1.15,22.20
2.870,1,137.00,7.637,6.384,159,227280,178.0,8.83,1.15,22.20
2.877,1,137.00,7.637,6.341,157,227224,178.0,8.84,1.15,22.20
2.883,1,137.00,7.637,6.346,158,227252,178.0,8.85,1.15,22.20
2.891,1,137.00,7.637,6.289,158,227252,178.0,8.87,1.15,22.20
2.897,1,137.00,7.637,6.298,159,227312,178.0,8.88,1.15,22.20
2.904,1,137.00,7.637,6.286,159,227312,178.0,8.89,1.15,22.20
2.911,1,137.00,7.637,6.288,159,227312,178.0,8.90,1.15,22.20
2.918,1,137.00,7.637,6.336,159,227312,178.0,8.91,1.15,22.20
2.925,1,137.00,7.637,6.312,159,227312,178.0,8.92,1.15,22.20
2.932,1,137.00,7.637,6.329,159,227312,178.0,8.94,1.15,22.20
2.938,1,137.00,7.637,6.322,159,227312,178.0,8.95,1.15,22.20
2.945,1,137.00,7.637,6.313,158,226172,178.0,8.96,1.15,22.20
2.952,1,137.00,7.637,6.330,158,226172,178.0,8.97,1.15,22.20
2.959,1,137.00,7.637,6.337,154,226068,178.0,8.98,1.14,22.20
2.966,1,137.00,7.637,6.339,154,226068,178.0,8.99,1.14,22.20
2.973,1,137.00,7.637,6.332,154,226068,178.0,9.01,1.14,22.20
2.980,1,137.00,7.637,6.331,170,233152,178.0,9.02,1.14,22.20
2.987,1,137.00,7.637,6.280,170,233152,178.0,9.03,1.14,22.20
2.994,1,137.00,7.637,6.239,169,233128,178.0,9.04,1.14,22.20
3.000,1,137.00,7.637,6.302,166,232888,178.0,9.05,1.14,22.20
3.007,1,142.00,7.261,6.298,166,232888,178.0,9.06,1.14,22.20
3.014,1,142.00,7.261,6.215,166,232888,178.0,9.08,1.14,22.20
3.021,1,142.00,7.261,6.285,166,232888,178.0,9.09,1.14,22.20
3.028,1,142.00,7.261,6.348,166,232888,178.0,9.10,1.14,22.20
3.035,1,142.00,7.261,6.225,166,232888,178.0,9.11,1.14,22.20
3.041,1,142.00,7.261,6.246,165,232776,178.0,9.12,1.14,22.20
3.048,1,142.00,7.261,6.211,166,232836,178.0,9.13,1.14,22.20
3.055,1,142.00,7.261,6.313,166,232836,178.0,9.14,1.14,22.20
3.061,1,142.00,7.261,6.262,166,232836,178.0,9.16,1.14,22.20
3.068,1,142.00,7.261,6.292,166,232836,178.0,9.17,1.14,22.20
3.075,1,142.00,7.261,6.268,165,230616,178.0,9.18,1.14,22.20
3.081,1,142.00,7.261,6.277,165,230616,178.0,9.19,1.14,22.20
3.088,1,142.00,7.261,6.250,165,230616,178.0,9.20,1.14,22.20
3.095,1,142.00,7.261,6.296,165,230616,178.0,9.21,1.14,22.20
3.101,1,142.00,7.261,6.335,165,230616,178.0,9.22,1.14,22.20
3.108,1,142.00,7.261,6.320,166,229144,178.0,9.24,1.14,22.20
3.115,1,142.00,7.261,6.186,166,229144,178.0,9.25,1.14,22.20
3.121,1,142.00,7.261,6.194,166,229144,178.0,9.26,1.14,22.20
3.128,1,142.00,7.261,6.176,166,229144,178.0,9.27,1.14,22.20
3.135,1,142.00,7.261,6.200,166,229144,178.0,9.28,1.14,22.20
3.141,1,142.00,7.261,6.216,166,229144,178.0,9.29,1.14,22.20
3.148,1,142.00,7.261,6.222,166,229144,178.0,9.30,1.14,22.20
3.155,1,142.00,7.261,6.207,166,229144,178.0,9.31,1.13,22.20
3.161,1,142.00,7.261,6.177,166,229144,178.0,9.33,1.13,22.20
3.168,1,142.00,7.261,6.164,165,227912,178.0,9.34,1.13,22.20
3.175,1,142.00,7.261,6.226,166,227940,178.0,9.35,1.13,22.20
3.181,1,142.00,7.261,6.207,166,227940,178.0,9.36,1.13,22.20
3.188,1,142.00,7.261,6.187,166,227940,178.0,9.37,1.13,22.20
3.195,1,142.00,7.261,6.170,165,227832,178.0,9.38,1.13,22.20
3.201,1,142.00,7.261,6.172,165,227832,178.0,9.39,1.13,22.20
3.208,1,142.00,7.261,6.184,165,227832,178.0,9.41,1.13,22.20
3.215,1,142.00,7.261,6.199,165,227832,178.0,9.42,1.13,22.20
3.221,1,142.00,7.261,6.225,163,227184,178.0,9.43,1.13,22.20
3.228,1,142.00,7.261,6.191,163,227184,178.0,9.44,1.13,22.20
3.235,1,142.00,7.261,6.182,163,227184,178.0,9.45,1.13,22.20
3.241,1,142.00,7.261,6.188,163,227184,178.0,9.46,1.13,22.20
3.248,1,142.00,7.261,6.204,163,227184,178.0,9.47,1.13,22.20
3.255,1,142.00,7.261,6.325,163,227184,178.0,9.48,1.13,22.20
3.261,1,142.00,7.261,6.292,163,227184,178.0,9.50,1.13,22.20
3.268,1,142.00,7.261,6.280,163,227184,178.0,9.51,1.13,22.20
3.275,1,142.00,7.261,6.231,163,227184,178.0,9.52,1.13,22.20
3.281,1,142.00,7.261,6.292,163,227184,178.0,9.53,1.13,22.20
3.288,1,142.00,7.261,6.257,161,227128,178.0,9.54,1.13,22.20
3.295,1,142.00,7.261,6.287,161,227128,178.0,9.55,1.13,22.20
3.301,1,142.00,7.261,6.225,161,227128,178.0,9.56,1.13,22.20
3.308,1,142.00,7.261,6.286,161,227128,178.0,9.58,1.13,22.20
3.315,1,142.00,7.261,6.280,159,227072,178.0,9.59,1.12,22.20
3.321,1,142.00,7.261,6.342,159,227072,178.0,9.60,1.12,22.20
3.328,1,142.00,7.261,6.306,159,227072,178.0,9.61,1.12,22.20
3.335,1,142.00,7.261,6.320,178,249984,178.0,9.62,1.12,22.20
3.341,1,142.00,7.261,6.263,178,249984,178.0,9.63,1.12,22.20
3.348,1,142.00,7.261,6.311,178,249984,178.0,9.64,1.12,22.20
3.355,1,142.00,7.261,6.224,178,249984,178.0,9.65,1.12,22.20
3.361,1,142.00,7.261,6.173,178,249984,178.0,9.67,1.12,22.20
3.368,1,142.00,7.261,6.253,178,249984,178.0,9.68,1.12,22.20
3.375,1,142.00,7.261,6.247,178,249984,178.0,9.69,1.12,22.20
3.381,1,142.00,7.261,6.231,178,249984,178.0,9.70,1.12,22.20
3.388,1,142.00,7.261,6.254,179,250096,178.0,9.71,1.12,22.20
3.395,1,142.00,7.261,6.252,179,250096,178.0,9.72,1.12,22.20
3.401,1,142.00,7.261,6.275,179,250096,178.0,9.73,1.12,22.20
3.408,1,142.00,7.261,6.326,179,250096,178.0,9.75,1.12,22.20
3.415,1,142.00,7.261,6.267,179,250096,178.0,9.76,1.12,22.20
3.421,1,142.00,7.261,6.251,180,250996,178.0,9.77,1.12,22.20
3.428,1,142.00,7.261,6.276,179,250972,178.0,9.78,1.12,22.20
3.435,1,142.00,7.261,6.267,175,248332,178.0,9.79,1.12,22.20
3.441,1,142.00,7.261,6.261,175,248332,178.0,9.80,1.12,22.20
3.448,1,142.00,7.261,6.340,175,248332,178.0,9.81,1.12,22.20
3.455,1,142.00,7.261,6.338,175,248332,178.0,9.82,1.12,22.20
3.461,1,142.00,7.261,6.361,174,248276,178.0,9.84,1.12,22.20
3.468,1,142.00,7.261,6.387,174,248276,178.0,9.85,1.12,22.20
3.475,1,142.00,7.261,6.344,174,248276,178.0,9.86,1.12,22.20
3.482,1,142.00,7.261,6.400,173,247156,178.0,9.87,1.12,22.20
3.489,1,142.00,7.261,6.393,173,240132,178.0,9.88,1.12,22.20
3.496,1,142.00,7.261,6.423,171,240076,178.0,9.89,1.12,22.20
3.503,1,142.00,7.261,6.431,171,240076,178.0,9.91,1.12,22.20
3.510,1,142.00,7.261,6.408,170,234084,178.0,9.92,1.12,22.20
3.517,1,142.00,7.261,6.415,170,234084,178.0,9.93,1.12,22.20
3.524,1,142.00,7.261,6.409,169,233724,178.0,9.94,1.12,22.20
3.531,1,142.00,7.261,6.447,169,233724,178.0,9.95,1.12,22.20
3.538,1,142.00,7.261,6.470,167,230328,178.0,9.97,1.12,22.20
3.545,1,142.00,7.261,6.466,167,230328,178.0,9.98,1.12,22.20
3.552,1,142.00,7.261,6.463,167,230328,178.0,9.99,1.12,22.20
3.558,1,142.00,7.261,6.468,167,230328,178.0,10.00,1.12,22.20
3.565,1,142.00,7.261,6.440,167,230328,178.0,10.01,1.12,22.20
3.572,1,142.00,7.261,6.435,167,230328,178.0,10.02,1.12,22.20
3.579,1,142.00,7.261,6.467,166,230216,178.0,10.04,1.12,22.20
3.586,1,142.00,7.261,6.499,166,230216,178.0,10.05,1.12,22.20
3.593,1,142.00,7.261,6.408,167,241640,178.0,10.06,1.12,22.20
3.600,1,142.00,7.261,6.432,167,241640,178.0,10.07,1.12,22.20
3.607,1,142.00,7.261,6.422,167,241640,178.0,10.08,1.12,22.20
3.614,1,142.00,7.261,6.418,167,241640,178.0,10.10,1.12,22.20
3.621,1,142.00,7.261,6.412,169,263536,178.0,10.11,1.12,22.20
3.628,1,142.00,7.261,6.430,171,272048,178.0,10.12,1.12,22.20
3.635,1,142.00,7.261,6.418,172,280672,178.0,10.13,1.12,22.20
3.642,1,142.00,7.261,6.445,172,280672,178.0,10.14,1.12,22.20
3.649,1,142.00,7.261,6.340,171,279440,178.0,10.15,1.12,22.20
3.656,1,142.00,7.261,6.350,172,291256,178.0,10.17,1.12,22.20
3.663,1,142.00,7.261,6.385,170,291000,178.0,10.18,1.12,22.20
3.670,1,142.00,7.261,6.437,170,291000,178.0,10.19,1.12,22.20
3.677,1,142.00,7.261,6.436,168,290780,178.0,10.20,1.12,22.20
3.683,1,142.00,7.261,6.416,190,314408,178.0,10.21,1.12,22.20
3.690,1,142.00,7.261,6.429,190,314408,178.0,10.23,1.12,22.20
3.697,1,142.00,7.261,6.436,188,313756,178.0,10.24,1.12,22.20
3.704,1,142.00,7.261,6.364,188,313756,178.0,10.25,1.12,22.20
3.711,1,142.00,7.261,6.299,188,313756,178.0,10.26,1.12,22.20
3.718,1,142.00,7.261,6.317,188,313756,178.0,10.27,1.12,22.20
3.725,1,142.00,7.261,6.347,188,313756,178.0,10.28,1.12,22.20
3.732,1,142.00,7.261,6.323,188,313756,178.0,10.30,1.12,22.20
3.739,1,142.00,7.261,6.388,188,313756,178.0,10.31,1.12,22.20
3.746,1,142.00,7.261,6.348,188,313756,178.0,10.32,1.13,22.20
3.753,1,142.00,7.261,6.360,188,313756,178.0,10.33,1.13,22.20
3.760,1,142.00,7.261,6.449,188,313756,178.0,10.34,1.13,22.20
3.767,1,142.00,7.261,6.372,188,313756,178.0,10.36,1.13,22.20
3.774,1,142.00,7.261,6.406,186,313636,178.0,10.37,1.13,22.20
3.781,1,142.00,7.261,6.345,186,313636,178.0,10.38,1.13,22.20
3.788,1,142.00,7.261,6.334,186,313636,178.0,10.39,1.13,22.20
3.795,1,142.00,7.261,6.364,186,313636,178.0,10.40,1.13,22.20
3.802,1,142.00,7.261,6.328,186,313636,178.0,10.41,1.13,22.20
3.808,1,142.00,7.261,6.396,186,313636,178.0,10.43,1.13,22.20
3.815,1,142.00,7.261,6.390,186,313636,178.0,10.44,1.13,22.20
3.822,1,142.00,7.261,6.396,186,311404,178.0,10.45,1.13,22.20
3.829,1,142.00,7.261,6.414,186,311404,178.0,10.46,1.13,22.20
3.836,1,142.00,7.261,6.431,186,311404,178.0,10.47,1.13,22.20
3.843,1,142.00,7.261,6.391,186,311404,178.0,10.48,1.13,22.20
3.850,1,142.00,7.261,6.382,186,311404,178.0,10.50,1.13,22.20
3.857,1,142.00,7.261,6.381,185,311236,178.0,10.51,1.13,22.20
3.864,1,142.00,7.261,6.403,185,311236,178.0,10.52,1.13,22.20
3.871,1,142.00,7.261,6.379,185,311236,178.0,10.53,1.13,22.20
3.878,1,142.00,7.261,6.440,185,311236,178.0,10.54,1.13,22.20
3.885,1,142.00,7.261,6.371,185,311236,178.0,10.56,1.13,22.20
3.892,1,142.00,7.261,6.349,185,311236,178.0,10.57,1.13,22.20
3.899,1,142.00,7.261,6.367,185,311236,178.0,10.58,1.13,22.20
3.906,1,142.00,7.261,6.328,186,311348,178.0,10.59,1.13,22.20
3.913,1,142.00,7.261,6.337,186,311348,178.0,10.60,1.13,22.20
3.920,1,142.00,7.261,6.359,186,311348,178.0,10.61,1.13,22.20
3.927,1,142.00,7.261,6.390,186,311348,178.0,10.63,1.13,22.20
3.933,1,142.00,7.261,6.352,187,311628,178.0,10.64,1.13,22.20
3.940,1,142.00,7.261,6.334,187,311628,178.0,10.65,1.14,22.20
3.947,1,142.00,7.261,6.410,188,311740,178.0,10.66,1.14,22.20
3.954,1,142.00,7.261,6.404,188,311740,178.0,10.67,1.14,22.20
3.961,1,142.00,7.261,6.407,188,311740,178.0,10.69,1.14,22.20
3.968,1,142.00,7.261,6.432,188,311740,178.0,10.70,1.14,22.20
3.975,1,142.00,7.261,6.425,188,311740,178.0,10.71,1.14,22.20
3.982,1,142.00,7.261,6.410,188,311740,178.0,10.72,1.14,22.20
3.989,1,144.00,7.128,6.426,191,312340,178.0,10.73,1.14,22.20
3.996,1,144.00,7.128,6.416,191,312340,178.0,10.74,1.14,22.20
4.003,1,144.00,7.128,6.375,191,312340,178.0,10.76,1.14,22.20
4.010,1,144.00,7.128,6.369,191,312340,178.0,10.77,1.14,22.20
4.017,1,144.00,7.128,6.354,191,312340,178.0,10.78,1.14,22.20
4.024,1,144.00,7.128,6.371,188,311740,178.0,10.79,1.14,22.20
4.031,1,144.00,7.128,6.343,188,311740,178.0,10.80,1.14,22.20
4.038,1,144.00,7.128,6.344,199,315656,178.0,10.81,1.14,22.19
4.045,1,144.00,7.128,6.396,199,315656,178.0,10.82,1.14,22.18
4.052,1,144.00,7.128,6.395,201,315712,178.0,10.83,1.14,22.17
4.058,1,144.00,7.128,6.339,206,315852,178.0,10.84,1.14,22.16
4.065,1,144.00,7.128,6.364,206,315852,178.0,10.84,1.14,22.16
4.072,1,144.00,7.128,6.374,207,316020,178.0,10.85,1.14,22.15
4.079,1,144.00,7.128,6.347,208,316200,178.0,10.86,1.14,22.14
4.086,1,144.00,7.128,6.328,210,318328,178.0,10.87,1.14,22.13
4.093,1,144.00,7.128,6.327,211,320820,178.0,10.88,1.14,22.12
4.100,1,144.00,7.128,6.342,212,322220,178.0,10.89,1.14,22.11
4.107,1,144.00,7.128,6.345,213,322612,178.0,10.89,1.14,22.11
4.114,1,144.00,7.128,6.337,215,322728,178.0,10.90,1.14,22.10
4.121,1,144.00,7.128,6.346,215,322672,178.0,10.91,1.14,22.09
4.128,1,144.00,7.128,6.414,216,322750,178.0,10.92,1.14,22.08
4.135,1,144.00,7.128,6.387,216,322886,178.0,10.93,1.14,22.07
4.142,1,144.00,7.128,6.397,215,322742,178.0,10.94,1.14,22.06
4.149,1,144.00,7.128,6.381,216,322798,178.0,10.94,1.14,22.06
4.156,1,144.00,7.128,6.386,216,322798,178.0,10.95,1.14,22.05
4.163,1,144.00,7.128,6.388,216,322798,178.0,10.96,1.14,22.04
4.170,1,144.00,7.128,6.377,215,321622,178.0,10.97,1.14,22.03
4.177,1,144.00,7.128,6.377,214,315630,178.0,10.98,1.14,22.02
4.183,1,144.00,7.128,6.370,215,316862,178.0,10.99,1.14,22.01
4.190,1,144.00,7.128,6.360,215,310030,178.0,10.99,1.14,22.01
4.197,1,144.00,7.128,6.452,213,309130,178.0,11.00,1.14,22.00
4.204,1,144.00,7.128,6.357,213,309130,178.0,11.01,1.14,21.99
4.211,1,144.00,7.128,6.372,213,309130,178.0,11.02,1.14,21.98
4.218,1,144.00,7.128,6.350,212,308010,178.0,11.03,1.14,21.97
4.225,1,144.00,7.128,6.352,212,308010,178.0,11.04,1.14,21.96
4.232,1,144.00,7.128,6.405,214,309690,178.0,11.04,1.14,21.96
4.239,1,144.00,7.128,6.358,214,309690,178.0,11.05,1.14,21.95
4.246,1,144.00,7.128,6.388,215,311190,178.0,11.06,1.14,21.94
4.253,1,144.00,7.128,6.354,215,310658,178.0,11.07,1.14,21.93
4.260,1,144.00,7.128,6.387,216,310662,178.0,11.08,1.14,21.92
4.267,1,144.00,7.128,6.361,216,309094,178.0,11.09,1.14,21.91
4.274,1,144.00,7.128,6.342,216,309094,178.0,11.09,1.14,21.91
4.281,1,144.00,7.128,6.352,215,308590,178.0,11.10,1.14,21.90
4.288,1,144.00,7.128,6.358,215,308590,178.0,11.11,1.14,21.89
4.295,1,144.00,7.128,6.367,214,306294,178.0,11.12,1.14,21.88
4.302,1,144.00,7.128,6.327,214,306294,178.0,11.13,1.14,21.87
4.308,1,144.00,7.128,6.324,213,306238,178.0,11.14,1.14,21.86
4.315,1,144.00,7.128,6.321,212,306058,178.0,11.14,1.13,21.86
4.322,1,144.00,7.128,6.311,211,305666,178.0,11.15,1.13,21.85
4.329,1,144.00,7.128,6.315,211,305666,178.0,11.16,1.13,21.84
4.336,1,144.00,7.128,6.322,210,305306,178.0,11.17,1.13,21.83
4.343,1,144.00,7.128,6.320,209,304074,178.0,11.18,1.13,21.82
4.350,1,144.00,7.128,6.284,208,302674,178.0,11.19,1.13,21.81
4.357,1,144.00,7.128,6.293,208,302674,178.0,11.19,1.13,21.81
4.364,1,144.00,7.128,6.304,208,302674,178.0,11.20,1.13,21.80
4.371,1,144.00,7.128,6.297,208,302674,178.0,11.21,1.13,21.79
4.378,1,144.00,7.128,6.279,209,303794,178.0,11.22,1.13,21.78
4.385,1,144.00,7.128,6.280,209,303794,178.0,11.23,1.13,21.77
4.392,1,144.00,7.128,6.272,208,303738,178.0,11.24,1.13,21.76
4.399,1,144.00,7.128,6.276,208,303738,178.0,11.24,1.13,21.76
4.406,1,144.00,7.128,6.276,209,303906,178.0,11.25,1.13,21.75
4.413,1,144.00,7.128,6.277,209,303906,178.0,11.26,1.13,21.74
4.420,1,144.00,7.128,6.278,209,303906,178.0,11.27,1.13,21.73
4.427,1,144.00,7.128,6.177,208,303738,178.0,11.28,1.13,21.72
4.433,1,144.00,7.128,6.162,209,304130,178.0,11.29,1.13,21.71
4.440,1,144.00,7.128,6.190,209,304130,178.0,11.30,1.13,21.70
4.447,1,144.00,7.128,6.169,210,304690,178.0,11.30,1.13,21.70
4.454,1,144.00,7.128,6.136,211,316114,178.0,11.31,1.13,21.69
4.461,1,144.00,7.128,6.165,211,316114,178.0,11.32,1.13,21.68
4.468,1,144.00,7.128,6.143,211,316114,178.0,11.33,1.13,21.67
4.475,1,144.00,7.128,6.139,211,316114,178.0,11.34,1.13,21.66
4.482,1,144.00,7.128,6.149,211,316114,178.0,11.35,1.12,21.65
4.489,1,144.00,7.128,6.140,212,316226,178.0,11.35,1.12,21.65
4.496,1,144.00,7.128,6.159,212,316226,178.0,11.36,1.12,21.64
4.502,1,144.00,7.128,6.118,212,316226,178.0,11.37,1.12,21.63
4.509,1,144.00,7.128,6.108,213,316562,178.0,11.38,1.12,21.62
4.516,1,144.00,7.128,6.116,213,317010,178.0,11.39,1.12,21.61
4.522,1,144.00,7.128,6.098,213,317010,178.0,11.39,1.12,21.61
4.529,1,144.00,7.128,6.084,212,316954,178.0,11.40,1.12,21.60
4.536,1,144.00,7.128,6.088,212,316954,178.0,11.41,1.12,21.60
4.542,1,144.00,7.128,6.085,212,316954,178.0,11.43,1.12,21.60
4.549,1,144.00,7.128,6.093,212,316954,178.0,11.44,1.12,21.60
4.556,1,144.00,7.128,6.077,212,316954,178.0,11.45,1.12,21.60
4.563,1,144.00,7.128,6.064,212,316954,178.0,11.46,1.12,21.60
4.569,1,144.00,7.128,6.072,213,317010,178.0,11.47,1.12,21.60
4.576,1,144.00,7.128,6.058,213,317010,178.0,11.48,1.12,21.60
4.583,1,144.00,7.128,6.062,213,317010,178.0,11.49,1.12,21.60
4.589,1,144.00,7.128,6.057,213,317010,178.0,11.50,1.12,21.60
4.596,1,144.00,7.128,6.084,213,317010,178.0,11.52,1.12,21.60
4.603,1,144.00,7.128,6.086,213,317010,178.0,11.53,1.12,21.60
4.609,1,144.00,7.128,6.090,213,317010,178.0,11.54,1.12,21.60
4.616,1,144.00,7.128,6.100,213,317010,178.0,11.55,1.12,21.60
4.623,1,144.00,7.128,6.117,214,317122,178.0,11.56,1.12,21.60
4.629,1,144.00,7.128,6.159,214,317122,178.0,11.57,1.12,21.60
4.636,1,144.00,7.128,6.155,214,317122,178.0,11.58,1.12,21.60
4.643,1,144.00,7.128,6.179,214,317122,178.0,11.60,1.12,21.60
4.649,1,144.00,7.128,6.193,214,317122,178.0,11.61,1.12,21.60
4.656,1,144.00,7.128,6.217,214,317122,178.0,11.62,1.12,21.60
4.663,1,144.00,7.128,6.238,214,317122,178.0,11.63,1.12,21.60
4.670,1,144.00,7.128,6.226,214,317122,178.0,11.64,1.11,21.60
4.677,1,144.00,7.128,6.251,214,317122,178.0,11.65,1.11,21.60
4.684,1,144.00,7.128,6.204,214,317122,178.0,11.67,1.11,21.60
4.690,1,144.00,7.128,6.287,214,317122,178.0,11.68,1.11,21.60
4.697,1,144.00,7.128,6.308,214,317122,178.0,11.69,1.11,21.60
4.704,1,144.00,7.128,6.279,214,317122,178.0,11.70,1.11,21.60
4.711,1,144.00,7.128,6.313,214,317122,178.0,11.71,1.11,21.60
4.718,1,144.00,7.128,6.312,214,317122,178.0,11.72,1.11,21.60
4.725,1,144.00,7.128,6.294,214,317122,178.0,11.74,1.11,21.60
4.732,1,144.00,7.128,6.287,214,317122,178.0,11.75,1.11,21.60
4.739,1,144.00,7.128,6.304,214,317122,178.0,11.76,1.11,21.60
4.746,1,144.00,7.128,6.289,213,316786,178.0,11.77,1.11,21.60
4.752,1,144.00,7.128,6.293,213,316786,178.0,11.78,1.11,21.60
4.759,1,144.00,7.128,6.261,213,316786,178.0,11.79,1.11,21.60
4.766,1,144.00,7.128,6.263,212,316226,178.0,11.81,1.11,21.60
4.773,1,144.00,7.128,6.365,212,316226,178.0,11.82,1.11,21.60
4.780,1,144.00,7.128,6.441,212,316226,178.0,11.83,1.11,21.60
4.787,1,144.00,7.128,6.413,212,316226,178.0,11.84,1.11,21.60
4.794,1,144.00,7.128,6.271,212,316226,178.0,11.85,1.11,21.60
4.801,1,144.00,7.128,6.199,212,316226,178.0,11.86,1.11,21.60
4.808,1,144.00,7.128,6.331,212,316226,178.0,11.88,1.11,21.60
4.815,1,144.00,7.128,6.313,212,316226,178.0,11.89,1.11,21.60
4.821,1,144.00,7.128,6.330,212,316226,178.0,11.90,1.11,21.60
4.828,1,144.00,7.128,6.338,212,316226,178.0,11.91,1.11,21.60
4.835,1,144.00,7.128,6.323,212,316226,178.0,11.92,1.11,21.60
4.842,1,144.00,7.128,6.314,212,316226,178.0,11.93,1.11,21.60
4.849,1,144.00,7.128,6.310,212,316226,178.0,11.95,1.11,21.60
4.856,1,144.00,7.128,6.175,212,316226,178.0,11.96,1.11,21.60
4.862,1,144.00,7.128,6.159,212,316226,178.0,11.97,1.11,21.60
4.869,1,144.00,7.128,6.235,212,316226,178.0,11.98,1.11,21.60
4.876,1,144.00,7.128,6.173,212,316226,178.0,11.99,1.11,21.60
4.883,1,144.00,7.128,6.171,212,316226,178.0,12.00,1.11,21.60
4.889,1,144.00,7.128,6.279,212,316226,178.0,12.01,1.11,21.60
4.896,1,144.00,7.128,6.278,212,316226,178.0,12.03,1.11,21.60
4.903,1,144.00,7.128,6.293,212,316226,178.0,12.04,1.11,21.60
4.910,1,144.00,7.128,6.303,212,316226,178.0,12.05,1.11,21.60
4.917,1,144.00,7.128,6.339,212,316226,178.0,12.06,1.11,21.60
4.924,1,144.00,7.128,6.284,212,316226,178.0,12.07,1.11,21.60
4.930,1,144.00,7.128,6.279,212,316226,178.0,12.08,1.11,21.60
4.937,1,144.00,7.128,6.222,211,316114,178.0,12.10,1.12,21.60
4.944,1,144.00,7.128,6.296,211,316114,178.0,12.11,1.12,21.60
4.951,1,144.00,7.128,6.156,211,316114,178.0,12.12,1.12,21.60
4.958,1,144.00,7.128,6.310,211,316114,178.0,12.13,1.12,21.60
4.964,1,144.00,7.128,6.248,211,316114,178.0,12.14,1.12,21.60
4.971,1,144.00,7.128,6.166,211,316114,178.0,12.15,1.12,21.60
4.978,1,144.00,7.128,6.250,211,316114,178.0,12.17,1.12,21.60
4.985,1,144.00,7.128,6.207,212,316170,178.0,12.18,1.12,21.60
4.992,1,144.00,7.128,6.243,212,316170,178.0,12.19,1.12,21.60
4.999,1,147.00,7.205,6.225,212,316170,178.0,12.20,1.12,21.60
5.005,1,147.00,7.205,6.148,212,316170,178.0,12.21,1.12,21.60
5.012,1,147.00,7.205,6.226,212,316170,178.0,12.22,1.12,21.60
5.019,1,147.00,7.205,6.154,212,316170,178.0,12.23,1.12,21.60
5.025,1,147.00,7.205,6.283,213,316282,178.0,12.25,1.12,21.60
5.032,1,147.00,7.205,6.312,213,316282,178.0,12.26,1.12,21.60
5.039,1,147.00,7.205,6.229,213,316282,178.0,12.27,1.12,21.60
5.046,1,147.00,7.205,6.447,213,316282,178.0,12.28,1.12,21.60
5.053,1,147.00,7.205,6.276,214,316450,178.0,12.29,1.12,21.60
5.060,1,147.00,7.205,6.226,213,305026,178.0,12.30,1.12,21.60
5.067,1,147.00,7.205,6.256,213,305026,178.0,12.32,1.12,21.60
5.073,1,147.00,7.205,6.210,213,305026,178.0,12.33,1.12,21.60
5.080,1,147.00,7.205,6.195,213,305026,178.0,12.34,1.12,21.60
5.087,1,147.00,7.205,6.237,213,305026,178.0,12.35,1.12,21.60
5.094,1,147.00,7.205,6.146,213,305026,178.0,12.36,1.12,21.60
5.100,1,147.00,7.205,6.214,213,305026,178.0,12.37,1.12,21.60
5.107,1,147.00,7.205,6.285,213,305026,178.0,12.39,1.12,21.60
5.114,1,147.00,7.205,6.395,213,305026,178.0,12.40,1.12,21.60
5.121,1,147.00,7.205,6.243,213,305026,178.0,12.41,1.12,21.60
5.128,1,147.00,7.205,6.245,213,305026,178.0,12.42,1.12,21.60
5.135,1,147.00,7.205,6.387,213,305026,178.0,12.43,1.12,21.60
5.142,1,147.00,7.205,6.369,214,305062,178.0,12.44,1.13,21.60
5.149,1,147.00,7.205,6.265,214,305062,178.0,12.46,1.13,21.60
5.156,1,147.00,7.205,6.203,214,305062,178.0,12.47,1.13,21.60
5.163,1,147.00,7.205,6.151,214,305062,178.0,12.48,1.13,21.60
5.169,1,147.00,7.205,6.175,214,305062,178.0,12.49,1.13,21.60
5.176,1,147.00,7.205,6.174,214,305062,178.0,12.50,1.13,21.60
5.183,1,147.00,7.205,6.197,214,305062,178.0,12.51,1.13,21.60
5.190,1,147.00,7.205,6.354,214,305062,178.0,12.53,1.13,21.60
5.197,1,147.00,7.205,6.475,214,305062,178.0,12.54,1.13,21.60
5.204,1,147.00,7.205,6.436,213,304502,178.0,12.55,1.13,21.60
5.210,1,147.00,7.205,6.444,213,304502,178.0,12.56,1.13,21.60
5.217,1,147.00,7.205,6.450,213,304502,178.0,12.57,1.13,21.60
5.224,1,147.00,7.205,6.479,213,304502,178.0,12.58,1.13,21.60
5.231,1,147.00,7.205,6.484,213,304502,178.0,12.60,1.13,21.60
5.238,1,147.00,7.205,6.315,213,304502,178.0,12.61,1.13,21.60
5.245,1,147.00,7.205,6.334,213,304502,178.0,12.62,1.13,21.60
5.252,1,147.00,7.205,6.399,213,304502,178.0,12.63,1.13,21.60
5.259,1,147.00,7.205,6.408,213,304502,178.0,12.64,1.13,21.60
5.266,1,147.00,7.205,6.392,214,304558,178.0,12.66,1.13,21.60
5.273,1,147.00,7.205,6.560,214,304558,178.0,12.67,1.13,21.60
5.280,1,147.00,7.205,6.645,214,304558,178.0,12.68,1.13,21.60
5.287,1,147.00,7.205,6.640,214,304558,178.0,12.69,1.13,21.60
5.294,1,147.00,7.205,6.658,214,304558,178.0,12.70,1.13,21.60
5.301,1,147.00,7.205,6.638,214,304558,178.0,12.71,1.13,21.60
5.308,1,147.00,7.205,6.453,214,304558,178.0,12.73,1.13,21.60
5.315,1,147.00,7.205,6.642,214,304558,178.0,12.74,1.13,21.60
5.322,1,147.00,7.205,6.569,214,304558,178.0,12.75,1.13,21.60
5.329,1,147.00,7.205,6.674,214,304558,178.0,12.76,1.13,21.60
5.335,1,147.00,7.205,6.639,214,304558,178.0,12.77,1.13,21.60
5.342,1,147.00,7.205,6.576,214,304558,178.0,12.79,1.13,21.60
5.349,1,147.00,7.205,6.694,214,304558,178.0,12.80,1.13,21.60
5.356,1,147.00,7.205,6.597,213,304166,178.0,12.81,1.13,21.60
5.363,1,147.00,7.205,6.669,213,304166,178.0,12.82,1.13,21.60
5.370,1,147.00,7.205,6.558,213,304166,178.0,12.83,1.13,21.60
5.377,1,147.00,7.205,6.657,214,305398,178.0,12.84,1.13,21.60
5.384,1,147.00,7.205,6.484,214,305398,178.0,12.86,1.13,21.60
5.391,1,147.00,7.205,6.577,214,305398,178.0,12.87,1.13,21.60
5.398,1,147.00,7.205,6.512,214,305398,178.0,12.88,1.13,21.60
5.405,1,147.00,7.205,6.420,214,305398,178.0,12.89,1.13,21.60
5.412,1,147.00,7.205,6.439,214,305398,178.0,12.90,1.13,21.60
5.419,1,147.00,7.205,6.482,214,305398,178.0,12.91,1.13,21.60
5.426,1,147.00,7.205,6.502,214,305398,178.0,12.93,1.13,21.60
5.433,1,147.00,7.205,6.625,214,305398,178.0,12.94,1.13,21.60
5.440,1,147.00,7.205,6.537,214,305398,178.0,12.95,1.13,21.60
5.447,1,147.00,7.205,6.564,215,305758,178.0,12.96,1.13,21.60
5.454,1,147.00,7.205,6.572,215,305758,178.0,12.97,1.13,21.60
5.460,1,147.00,7.205,6.597,215,305758,178.0,12.99,1.13,21.60
5.467,1,147.00,7.205,6.659,215,305758,178.0,13.00,1.13,21.60
5.474,1,147.00,7.205,6.628,215,305758,178.0,13.01,1.13,21.60
5.481,1,147.00,7.205,6.742,215,305758,178.0,13.02,1.13,21.60
5.488,1,147.00,7.205,6.583,215,305758,178.0,13.03,1.13,21.60
5.495,1,147.00,7.205,6.481,215,305758,178.0,13.04,1.13,21.60
5.502,1,147.00,7.205,6.684,215,305758,178.0,13.06,1.13,21.60
5.509,1,147.00,7.205,6.592,215,305758,178.0,13.07,1.13,21.60
5.516,1,147.00,7.205,6.573,216,307158,178.0,13.08,1.13,21.60
5.523,1,147.00,7.205,6.634,216,307158,178.0,13.09,1.13,21.60
5.530,1,147.00,7.205,6.548,216,307158,178.0,13.10,1.13,21.60
5.537,1,147.00,7.205,6.551,216,307158,178.0,13.12,1.13,21.60
5.544,1,147.00,7.205,6.564,216,307158,178.0,13.13,1.13,21.60
5.551,1,147.00,7.205,6.589,216,307158,178.0,13.14,1.13,21.60
5.558,1,147.00,7.205,6.702,216,307158,178.0,13.15,1.13,21.60
5.565,1,147.00,7.205,6.634,216,307158,178.0,13.16,1.13,21.60
5.572,1,147.00,7.205,6.793,216,307158,178.0,13.17,1.13,21.60
5.579,1,147.00,7.205,6.657,216,307158,178.0,13.19,1.13,21.60
5.586,1,147.00,7.205,6.702,216,307158,178.0,13.20,1.13,21.60
5.593,1,147.00,7.205,6.797,216,307158,178.0,13.21,1.13,21.60
5.601,1,147.00,7.205,6.659,216,307158,178.0,13.22,1.13,21.60
5.608,1,147.00,7.205,6.799,216,307158,178.0,13.24,1.13,21.60
5.615,1,147.00,7.205,6.765,216,307158,178.0,13.25,1.13,21.60
5.622,1,147.00,7.205,6.824,216,307158,178.0,13.26,1.13,21.60
5.630,1,147.00,7.205,6.814,216,307158,178.0,13.27,1.13,21.60
5.637,1,147.00,7.205,6.830,217,307550,178.0,13.29,1.13,21.60
5.644,1,147.00,7.205,6.713,217,307550,178.0,13.30,1.12,21.60
5.652,1,147.00,7.205,6.802,217,307550,178.0,13.31,1.12,21.60
5.659,1,147.00,7.205,6.704,217,307550,178.0,13.32,1.12,21.60
5.666,1,147.00,7.205,6.907,217,307550,178.0,13.34,1.12,21.60
5.674,1,147.00,7.205,6.656,217,307550,178.0,13.35,1.12,21.60
5.681,1,147.00,7.205,6.701,219,308234,178.0,13.36,1.12,21.60
5.689,1,147.00,7.205,6.801,219,308234,178.0,13.37,1.12,21.60
5.696,1,147.00,7.205,6.819,219,308234,178.0,13.39,1.12,21.60
5.703,1,147.00,7.205,6.736,219,308234,178.0,13.40,1.12,21.60
5.711,1,147.00,7.205,6.781,219,308234,178.0,13.41,1.12,21.60
5.718,1,147.00,7.205,6.761,219,308234,178.0,13.42,1.12,21.60
5.726,1,147.00,7.205,6.787,219,308234,178.0,13.44,1.12,21.60
5.733,1,147.00,7.205,6.966,219,308234,178.0,13.45,1.12,21.60
5.740,1,147.00,7.205,6.901,220,309354,178.0,13.46,1.12,21.60
5.748,1,147.00,7.205,6.809,222,310254,178.0,13.47,1.12,21.60
5.755,1,147.00,7.205,6.809,222,310254,178.0,13.49,1.12,21.60
5.763,1,147.00,7.205,6.872,223,312550,178.0,13.50,1.12,21.60
5.770,1,147.00,7.205,6.851,223,312550,178.0,13.51,1.12,21.60
5.777,1,147.00,7.205,7.082,223,302974,178.0,13.52,1.12,21.60
5.785,1,147.00,7.205,6.794,223,302974,178.0,13.54,1.12,21.60
5.792,1,147.00,7.205,7.045,223,302974,178.0,13.55,1.12,21.60
5.800,1,147.00,7.205,7.006,226,303202,178.0,13.56,1.12,21.60
5.807,1,147.00,7.205,6.996,226,303202,178.0,13.58,1.11,21.60
5.815,1,147.00,7.205,6.776,226,303202,178.0,13.59,1.11,21.60
5.822,1,147.00,7.205,6.693,227,310370,178.0,13.60,1.11,21.60
5.829,1,147.00,7.205,7.045,227,310370,178.0,13.61,1.11,21.60
5.837,1,147.00,7.205,6.863,226,300234,178.0,13.63,1.11,21.60
5.844,1,147.00,7.205,6.953,226,300234,178.0,13.64,1.11,21.60
5.852,1,147.00,7.205,7.113,226,300234,178.0,13.65,1.11,21.60
5.859,1,147.00,7.205,7.082,227,306226,178.0,13.66,1.11,21.60
5.866,1,147.00,7.205,6.827,227,306230,178.0,13.68,1.11,21.60
5.874,1,147.00,7.205,6.951,226,306062,178.0,13.69,1.11,21.60
5.881,1,147.00,7.205,6.640,226,306062,178.0,13.70,1.11,21.60
5.889,1,147.00,7.205,6.740,227,307686,178.0,13.71,1.11,21.60
5.896,1,147.00,7.205,6.768,227,307686,178.0,13.73,1.11,21.60
5.904,1,147.00,7.205,6.736,227,307686,178.0,13.74,1.11,21.60
5.911,1,147.00,7.205,6.959,227,307686,178.0,13.75,1.11,21.60
5.918,1,147.00,7.205,7.115,226,294694,178.0,13.76,1.11,21.60
5.926,1,147.00,7.205,7.008,227,295282,178.0,13.78,1.11,21.60
5.933,1,147.00,7.205,6.678,227,295282,178.0,13.79,1.11,21.60
5.941,1,147.00,7.205,6.861,228,295426,178.0,13.80,1.11,21.60
5.948,1,147.00,7.205,6.648,228,295426,178.0,13.81,1.11,21.60
5.955,1,147.00,7.205,6.804,229,295594,178.0,13.83,1.11,21.60
5.963,1,147.00,7.205,6.721,228,294530,178.0,13.84,1.11,21.60
5.970,1,147.00,7.205,6.606,228,294530,178.0,13.85,1.11,21.60
5.978,1,147.00,7.205,6.638,230,295818,178.0,13.86,1.11,21.60
5.985,1,147.00,7.205,6.630,230,295818,178.0,13.88,1.11,21.60
5.992,1,140.00,7.631,6.956,228,295698,178.0,13.89,1.11,21.60
6.000,1,140.00,7.631,6.650,228,295698,178.0,13.90,1.11,21.60
6.007,1,140.00,7.631,6.657,228,295698,178.0,13.92,1.11,21.60
6.015,1,140.00,7.631,7.056,227,285730,178.0,13.93,1.11,21.60
6.022,1,140.00,7.631,6.599,227,285730,178.0,13.94,1.11,21.60
6.029,1,140.00,7.631,6.618,227,285730,178.0,13.95,1.11,21.60
6.037,1,140.00,7.631,6.622,228,285898,178.0,13.97,1.11,21.60
6.044,1,140.00,7.631,6.548,229,286010,178.0,13.98,1.11,21.60
6.052,1,140.00,7.631,6.552,229,286010,178.0,13.99,1.11,21.60
6.059,1,140.00,7.631,6.604,229,286010,178.0,14.00,1.11,21.60
6.066,1,140.00,7.631,6.698,228,275874,178.0,14.02,1.11,21.60
6.074,1,140.00,7.631,6.652,228,275874,178.0,14.03,1.11,21.60
6.081,1,140.00,7.631,6.804,228,275874,178.0,14.04,1.11,21.60
6.089,1,140.00,7.631,6.653,227,263218,178.0,14.05,1.11,21.60
6.096,1,140.00,7.631,6.676,227,263218,178.0,14.07,1.11,21.60
6.104,1,140.00,7.631,6.615,227,263218,178.0,14.08,1.11,21.60
6.111,1,140.00,7.631,6.626,227,263218,178.0,14.09,1.11,21.60
6.118,1,140.00,7.631,6.620,227,263218,178.0,14.10,1.11,21.60
6.126,1,140.00,7.631,6.635,227,263218,178.0,14.12,1.11,21.60
6.133,1,140.00,7.631,6.652,228,263330,178.0,14.13,1.11,21.60
6.141,1,140.00,7.631,6.693,228,263330,178.0,14.14,1.11,21.60
6.148,1,140.00,7.631,6.765,228,263330,178.0,14.15,1.11,21.60
6.155,1,140.00,7.631,6.776,228,263330,178.0,14.17,1.11,21.60
6.163,1,140.00,7.631,6.785,228,263330,178.0,14.18,1.11,21.60
6.170,1,140.00,7.631,6.808,228,263330,178.0,14.19,1.11,21.60
6.178,1,140.00,7.631,6.818,227,262266,178.0,14.20,1.11,21.60
6.185,1,140.00,7.631,6.832,227,262266,178.0,14.22,1.11,21.60
6.192,1,140.00,7.631,6.845,227,262266,178.0,14.23,1.11,21.60
6.200,1,140.00,7.631,6.819,227,262266,178.0,14.24,1.11,21.60
6.207,1,140.00,7.631,6.792,227,262266,178.0,14.26,1.11,21.60
6.215,1,140.00,7.631,6.770,229,262322,178.0,14.27,1.11,21.60
6.222,1,140.00,7.631,6.838,230,262434,178.0,14.28,1.11,21.60
6.229,1,140.00,7.631,6.882,231,262578,178.0,14.29,1.11,21.60
6.237,1,140.00,7.631,6.865,229,262458,178.0,14.31,1.11,21.60
6.244,1,140.00,7.631,6.867,229,262458,178.0,14.32,1.11,21.60
6.252,1,140.00,7.631,6.856,229,262458,178.0,14.33,1.11,21.60
6.259,1,140.00,7.631,6.844,229,262458,178.0,14.34,1.11,21.60
6.266,1,140.00,7.631,6.852,229,262458,178.0,14.36,1.11,21.60
6.274,1,140.00,7.631,6.850,227,260834,178.0,14.37,1.11,21.60
6.281,1,140.00,7.631,6.837,227,260834,178.0,14.38,1.11,21.60
6.289,1,140.00,7.631,6.835,227,260834,178.0,14.39,1.11,21.60
6.296,1,140.00,7.631,6.863,226,248234,178.0,14.41,1.11,21.60
6.304,1,140.00,7.631,6.823,226,248234,178.0,14.42,1.11,21.60
6.311,1,140.00,7.631,6.841,226,248234,178.0,14.43,1.11,21.60
6.318,1,140.00,7.631,6.829,226,248234,178.0,14.44,1.11,21.60
6.326,1,140.00,7.631,6.796,226,248234,178.0,14.46,1.11,21.60
6.333,1,140.00,7.631,6.823,226,248234,178.0,14.47,1.11,21.60
6.341,1,140.00,7.631,6.811,226,248234,178.0,14.48,1.11,21.60
6.348,1,140.00,7.631,6.789,226,248234,178.0,14.49,1.11,21.60
6.355,1,140.00,7.631,6.800,226,248234,178.0,14.51,1.11,21.60
6.363,1,140.00,7.631,6.793,229,248834,178.0,14.52,1.12,21.60
6.370,1,140.00,7.631,6.856,228,236290,178.0,14.53,1.12,21.60
6.378,1,140.00,7.631,6.910,227,233890,178.0,14.54,1.12,21.60
6.385,1,140.00,7.631,6.885,227,233890,178.0,14.56,1.12,21.60
6.392,1,140.00,7.631,6.856,227,233890,178.0,14.57,1.12,21.60
6.400,1,140.00,7.631,6.810,227,233890,178.0,14.58,1.12,21.60
6.407,1,140.00,7.631,6.697,227,233890,178.0,14.60,1.12,21.60
6.415,1,140.00,7.631,6.712,227,233890,178.0,14.61,1.12,21.60
6.422,1,140.00,7.631,6.724,226,233722,178.0,14.62,1.12,21.60
6.429,1,140.00,7.631,6.721,226,233722,178.0,14.63,1.12,21.60
6.437,1,140.00,7.631,6.742,226,233722,178.0,14.65,1.12,21.60
6.444,1,140.00,7.631,6.748,226,233722,178.0,14.66,1.12,21.60
6.452,1,140.00,7.631,6.762,226,233722,178.0,14.67,1.12,21.60
6.459,1,140.00,7.631,6.733,226,233722,178.0,14.68,1.12,21.60
6.466,1,140.00,7.631,6.710,227,233778,178.0,14.70,1.12,21.60
6.474,1,140.00,7.631,6.726,227,233778,178.0,14.71,1.12,21.60
6.481,1,140.00,7.631,6.728,227,233778,178.0,14.72,1.12,21.60
6.489,1,140.00,7.631,6.762,227,233778,178.0,14.73,1.12,21.60
6.496,1,140.00,7.631,6.782,227,233778,178.0,14.75,1.12,21.60
6.504,1,140.00,7.631,6.794,226,232546,178.0,14.76,1.12,21.60
6.511,1,140.00,7.631,6.870,225,231258,178.0,14.77,1.12,21.60
6.518,1,140.00,7.631,6.895,225,231258,178.0,14.78,1.12,21.60
6.526,1,140.00,7.631,6.901,225,231258,178.0,14.80,1.12,21.60
6.533,1,140.00,7.631,6.895,226,231438,178.0,14.81,1.12,21.60
6.541,1,140.00,7.631,6.921,226,231438,178.0,14.82,1.12,21.60
6.548,1,140.00,7.631,6.868,226,231438,178.0,14.83,1.12,21.60
6.555,1,140.00,7.631,6.853,225,231326,178.0,14.85,1.12,21.60
6.563,1,140.00,7.631,6.873,222,230414,178.0,14.86,1.12,21.60
6.570,1,140.00,7.631,6.920,222,230414,178.0,14.87,1.12,21.60
6.578,1,140.00,7.631,6.984,222,230414,178.0,14.88,1.12,21.60
6.585,1,140.00,7.631,6.858,222,230414,178.0,14.90,1.12,21.60
6.592,1,140.00,7.631,6.716,225,230642,178.0,14.91,1.12,21.60
6.600,1,140.00,7.631,6.484,225,230642,178.0,14.92,1.13,21.60
6.607,1,140.00,7.631,6.314,225,230642,178.0,14.93,1.13,21.60
6.614,1,140.00,7.631,6.268,225,230642,178.0,14.95,1.13,21.60
6.621,1,140.00,7.631,6.197,225,230642,178.0,14.96,1.13,21.60
6.628,1,140.00,7.631,6.193,225,230642,178.0,14.97,1.13,21.60
6.635,1,140.00,7.631,6.208,225,230642,178.0,14.98,1.13,21.60
6.643,1,140.00,7.631,6.175,226,230866,178.0,15.00,1.13,21.60
6.650,1,140.00,7.631,6.172,226,230866,178.0,15.01,1.13,21.60
6.657,1,140.00,7.631,6.150,226,230866,178.0,15.02,1.13,21.60
6.664,1,140.00,7.631,6.194,226,230866,178.0,15.03,1.13,21.60
6.671,1,140.00,7.631,6.160,226,230866,178.0,15.04,1.13,21.60
6.678,1,140.00,7.631,6.189,226,230866,178.0,15.06,1.13,21.60
6.685,1,140.00,7.631,6.183,226,230866,178.0,15.07,1.13,21.60
6.693,1,140.00,7.631,6.159,226,230866,178.0,15.08,1.13,21.60
6.700,1,140.00,7.631,6.166,226,230866,178.0,15.09,1.13,21.60
6.707,1,140.00,7.631,6.142,226,230866,178.0,15.10,1.13,21.60
6.714,1,140.00,7.631,6.181,226,230866,178.0,15.12,1.13,21.60
6.721,1,140.00,7.631,6.185,226,230866,178.0,15.13,1.13,21.60
6.728,1,140.00,7.631,6.141,226,230866,178.0,15.14,1.13,21.60
6.735,1,140.00,7.631,6.170,225,230754,178.0,15.15,1.13,21.60
6.743,1,140.00,7.631,6.164,225,230754,178.0,15.17,1.13,21.60
6.750,1,140.00,7.631,6.141,225,230754,178.0,15.18,1.12,21.60
6.757,1,140.00,7.631,6.181,227,231114,178.0,15.19,1.12,21.60
6.763,1,140.00,7.631,6.141,226,229882,178.0,15.20,1.12,21.60
6.770,1,140.00,7.631,6.159,226,229882,178.0,15.21,1.12,21.60
6.777,1,140.00,7.631,6.163,226,229882,178.0,15.22,1.12,21.60
6.784,1,140.00,7.631,6.138,229,230110,178.0,15.23,1.12,21.60
6.790,1,140.00,7.631,6.128,229,230110,178.0,15.25,1.12,21.60
6.797,1,140.00,7.631,6.122,227,229558,178.0,15.26,1.12,21.60
6.804,1,140.00,7.631,6.123,227,229558,178.0,15.27,1.12,21.60
6.810,1,140.00,7.631,6.136,227,229558,178.0,15.28,1.12,21.60
6.817,1,140.00,7.631,6.113,224,229330,178.0,15.29,1.12,21.60
6.824,1,140.00,7.631,6.111,224,229330,178.0,15.30,1.12,21.60
6.830,1,140.00,7.631,6.110,224,229330,178.0,15.31,1.12,21.60
6.837,1,140.00,7.631,6.109,224,229330,178.0,15.33,1.12,21.60
6.844,1,140.00,7.631,6.136,224,229330,178.0,15.34,1.12,21.60
6.850,1,140.00,7.631,6.081,224,229330,178.0,15.35,1.12,21.60
6.857,1,140.00,7.631,6.033,224,229330,178.0,15.36,1.12,21.60
6.864,1,140.00,7.631,6.005,224,229330,178.0,15.37,1.12,21.60
6.870,1,140.00,7.631,6.025,224,229330,178.0,15.38,1.12,21.60
6.877,1,140.00,7.631,6.023,224,229330,178.0,15.39,1.12,21.60
6.883,1,140.00,7.631,5.981,222,229158,178.0,15.40,1.12,21.60
6.890,1,140.00,7.631,6.004,222,229158,178.0,15.42,1.12,21.60
6.897,1,140.00,7.631,5.996,222,229158,178.0,15.43,1.12,21.60
6.903,1,140.00,7.631,5.993,222,229158,178.0,15.44,1.12,21.60
6.910,1,140.00,7.631,5.995,222,229158,178.0,15.45,1.12,21.60
6.916,1,140.00,7.631,5.969,222,229158,178.0,15.46,1.12,21.60
6.923,1,140.00,7.631,5.966,222,229158,178.0,15.47,1.12,21.60
6.929,1,140.00,7.631,5.938,222,229158,178.0,15.48,1.12,21.60
6.936,1,140.00,7.631,5.965,222,229158,178.0,15.49,1.12,21.60
6.942,1,140.00,7.631,5.941,222,229158,178.0,15.50,1.12,21.60
6.949,1,140.00,7.631,5.939,222,229158,178.0,15.52,1.12,21.60
6.955,1,140.00,7.631,5.940,222,229158,178.0,15.53,1.12,21.60
6.961,1,140.00,7.631,5.931,222,229158,178.0,15.54,1.12,21.60
6.967,1,140.00,7.631,5.900,222,229158,178.0,15.55,1.11,21.60
6.974,1,140.00,7.631,5.924,222,229158,178.0,15.56,1.11,21.60
6.980,1,140.00,7.631,5.902,222,229158,178.0,15.57,1.11,21.60
6.986,1,140.00,7.631,5.872,222,229158,178.0,15.58,1.11,21.60
6.992,1,140.00,7.631,5.899,222,229158,178.0,15.59,1.11,21.60
6.999,1,141.00,7.966,5.868,222,229158,178.0,15.60,1.11,21.60
7.005,1,141.00,7.966,5.863,224,229214,178.0,15.61,1.11,21.60
7.011,1,141.00,7.966,5.913,225,229286,178.0,15.62,1.11,21.60
7.017,1,141.00,7.966,5.915,225,229286,178.0,15.63,1.11,21.60
7.024,1,141.00,7.966,5.939,226,229370,178.0,15.64,1.11,21.60
7.030,1,141.00,7.966,5.898,226,229370,178.0,15.65,1.11,21.60
7.036,1,141.00,7.966,5.902,226,229370,178.0,15.66,1.11,21.60
7.042,1,141.00,7.966,5.919,226,229370,178.0,15.67,1.11,21.60
7.049,1,141.00,7.966,5.893,226,229370,178.0,15.69,1.11,21.60
7.055,1,141.00,7.966,5.929,226,229370,178.0,15.70,1.11,21.60
7.061,1,141.00,7.966,5.924,226,229370,178.0,15.71,1.11,21.60
7.067,1,141.00,7.966,5.891,226,229370,178.0,15.72,1.11,21.60
7.074,1,141.00,7.966,5.956,226,229370,178.0,15.73,1.11,21.60
7.080,1,141.00,7.966,5.940,228,229730,178.0,15.74,1.11,21.60
7.086,1,141.00,7.966,5.953,228,229730,178.0,15.75,1.11,21.60
7.092,1,141.00,7.966,5.911,228,229730,178.0,15.76,1.11,21.60
7.099,1,141.00,7.966,5.959,228,229730,178.0,15.77,1.11,21.60
7.105,1,141.00,7.966,5.943,228,229730,178.0,15.78,1.11,21.60
7.111,1,141.00,7.966,5.941,228,229730,178.0,15.79,1.11,21.60
7.117,1,141.00,7.966,5.910,228,229730,178.0,15.80,1.11,21.60
7.124,1,141.00,7.966,5.904,228,229730,178.0,15.81,1.10,21.60
7.130,1,141.00,7.966,5.938,228,229730,178.0,15.82,1.10,21.60
7.136,1,141.00,7.966,5.925,228,229730,178.0,15.83,1.10,21.60
7.142,1,141.00,7.966,5.929,228,229730,178.0,15.84,1.10,21.60
7.149,1,141.00,7.966,5.926,227,229394,178.0,15.86,1.10,21.60
7.155,1,141.00,7.966,5.913,228,228958,178.0,15.87,1.10,21.60
7.161,1,141.00,7.966,5.930,230,229858,178.0,15.88,1.10,21.60
7.168,1,141.00,7.966,5.910,230,229858,178.0,15.89,1.10,21.60
7.174,1,141.00,7.966,5.894,231,229942,178.0,15.90,1.10,21.60
7.181,1,141.00,7.966,5.915,231,229942,178.0,15.91,1.10,21.60
7.187,1,141.00,7.966,5.891,231,229942,178.0,15.92,1.10,21.60
7.194,1,141.00,7.966,5.899,231,229942,178.0,15.93,1.10,21.60
7.200,1,141.00,7.966,5.932,231,229942,178.0,15.94,1.10,21.60
7.207,1,141.00,7.966,5.897,232,230086,178.0,15.95,1.10,21.60
7.214,1,141.00,7.966,5.888,232,230086,178.0,15.97,1.10,21.60
7.220,1,141.00,7.966,5.912,232,230086,178.0,15.98,1.10,21.60
7.227,1,141.00,7.966,5.843,231,229750,178.0,15.99,1.10,21.60
7.233,1,141.00,7.966,5.827,231,229750,178.0,16.00,1.10,21.60
7.239,1,141.00,7.966,5.847,230,229526,178.0,16.01,1.10,21.60
7.246,1,141.00,7.966,5.820,230,229526,178.0,16.02,1.10,21.60
7.252,1,141.00,7.966,5.839,230,229526,178.0,16.03,1.10,21.60
7.259,1,141.00,7.966,5.813,230,229526,178.0,16.04,1.10,21.60
7.265,1,141.00,7.966,5.816,230,229526,178.0,16.05,1.10,21.60
7.271,1,141.00,7.966,5.808,230,229526,178.0,16.06,1.10,21.60
7.278,1,141.00,7.966,5.812,230,229526,178.0,16.08,1.10,21.60
7.284,1,141.00,7.966,5.834,231,229646,178.0,16.09,1.10,21.60
7.291,1,141.00,7.966,5.900,231,229646,178.0,16.10,1.10,21.60
7.297,1,141.00,7.966,5.890,231,229646,178.0,16.11,1.10,21.60
7.304,1,141.00,7.966,5.877,231,229646,178.0,16.12,1.10,21.60
7.310,1,141.00,7.966,5.886,232,229210,178.0,16.13,1.10,21.60
7.316,1,141.00,7.966,5.887,235,229438,178.0,16.14,1.10,21.60
7.323,1,141.00,7.966,5.887,235,229438,178.0,16.15,1.10,21.60
7.329,1,141.00,7.966,5.850,235,229438,178.0,16.16,1.10,21.60
7.336,1,141.00,7.966,5.852,235,229438,178.0,16.17,1.10,21.60
7.342,1,141.00,7.966,5.837,235,229438,178.0,16.18,1.10,21.60
7.349,1,141.00,7.966,5.849,235,229438,178.0,16.20,1.10,21.60
7.355,1,141.00,7.966,5.875,235,229438,178.0,16.21,1.10,21.60
7.362,1,141.00,7.966,5.853,229,228910,178.0,16.22,1.10,21.60
7.368,1,141.00,7.966,5.864,228,228686,178.0,16.23,1.10,21.60
7.374,1,141.00,7.966,5.862,228,228686,178.0,16.24,1.10,21.60
7.381,1,141.00,7.966,5.887,228,228686,178.0,16.25,1.10,21.60
7.387,1,141.00,7.966,5.875,228,228686,178.0,16.26,1.10,21.60
7.394,1,141.00,7.966,5.900,228,228686,178.0,16.27,1.10,21.60
7.400,1,141.00,7.966,5.904,229,229274,178.0,16.28,1.10,21.60
7.406,1,141.00,7.966,5.926,229,229274,178.0,16.29,1.10,21.60
7.413,1,141.00,7.966,5.933,233,229622,178.0,16.30,1.10,21.60
7.419,1,141.00,7.966,5.910,235,229802,178.0,16.32,1.10,21.60
7.426,1,141.00,7.966,5.946,235,229802,178.0,16.33,1.10,21.60
7.432,1,141.00,7.966,5.962,235,229802,178.0,16.34,1.10,21.60
7.439,1,141.00,7.966,5.978,235,229802,178.0,16.35,1.10,21.60
7.445,1,141.00,7.966,5.974,235,229802,178.0,16.36,1.10,21.60
7.452,1,141.00,7.966,5.992,235,229802,178.0,16.37,1.10,21.60
7.459,1,141.00,7.966,6.004,235,229802,178.0,16.38,1.10,21.60
7.465,1,141.00,7.966,5.961,235,229802,178.0,16.39,1.10,21.60
7.471,1,141.00,7.966,6.010,235,229802,178.0,16.40,1.10,21.60
7.478,1,141.00,7.966,5.988,235,229802,178.0,16.42,1.10,21.60
7.485,1,141.00,7.966,6.014,235,229802,178.0,16.43,1.10,21.60
7.491,1,141.00,7.966,6.042,235,229802,178.0,16.44,1.10,21.60
7.498,1,141.00,7.966,5.969,235,229802,178.0,16.45,1.10,21.60
7.504,1,141.00,7.966,6.009,235,229802,178.0,16.46,1.10,21.60
7.511,1,141.00,7.966,6.081,235,229802,178.0,16.47,1.10,21.60
7.517,1,141.00,7.966,6.048,235,229802,178.0,16.48,1.10,21.60
7.524,1,141.00,7.966,6.028,235,229802,178.0,16.49,1.10,21.60
7.531,1,141.00,7.966,6.035,235,229802,178.0,16.51,1.10,21.60
7.537,1,141.00,7.966,6.117,235,229802,178.0,16.52,1.10,21.60
7.544,1,141.00,7.966,6.082,235,229802,178.0,16.53,1.10,21.60
7.551,1,141.00,7.966,6.143,234,226862,178.0,16.54,1.10,21.60
7.557,1,141.00,7.966,6.114,234,226862,178.0,16.55,1.10,21.60
7.564,1,141.00,7.966,6.134,235,226910,178.0,16.56,1.10,21.60
7.571,1,141.00,7.966,6.116,235,226910,178.0,16.57,1.10,21.60
7.577,1,141.00,7.966,6.094,235,226910,178.0,16.58,1.10,21.60
7.584,1,141.00,7.966,6.122,235,226910,178.0,16.60,1.11,21.60
7.591,1,141.00,7.966,6.113,235,226910,178.0,16.61,1.11,21.60
7.597,1,141.00,7.966,6.148,235,226910,178.0,16.62,1.11,21.60
7.604,1,141.00,7.966,6.138,235,226910,178.0,16.63,1.11,21.60
7.611,1,141.00,7.966,6.197,235,226910,178.0,16.64,1.11,21.60
7.617,1,141.00,7.966,6.138,235,226910,178.0,16.65,1.11,21.60
7.624,1,141.00,7.966,6.154,235,226910,178.0,16.66,1.11,21.60
7.631,1,141.00,7.966,6.116,235,226910,178.0,16.67,1.11,21.60
7.637,1,141.00,7.966,6.118,235,226910,178.0,16.69,1.11,21.60
7.644,1,141.00,7.966,6.140,235,226910,178.0,16.70,1.11,21.60
7.651,1,141.00,7.966,6.169,235,226910,178.0,16.71,1.11,21.60
7.657,1,141.00,7.966,6.153,235,226910,178.0,16.72,1.11,21.60
7.664,1,141.00,7.966,6.155,235,226910,178.0,16.73,1.11,21.60
7.671,1,141.00,7.966,6.157,235,226910,178.0,16.74,1.11,21.60
7.677,1,141.00,7.966,6.148,235,226910,178.0,16.75,1.11,21.60
7.684,1,141.00,7.966,6.155,235,226910,178.0,16.77,1.11,21.60
7.691,1,141.00,7.966,6.171,235,226910,178.0,16.78,1.11,21.60
7.697,1,141.00,7.966,6.156,234,223970,178.0,16.79,1.11,21.60
7.704,1,141.00,7.966,6.167,234,223970,178.0,16.80,1.11,21.60
7.711,1,141.00,7.966,6.140,234,223970,178.0,16.81,1.11,21.60
7.717,1,141.00,7.966,6.142,234,223970,178.0,16.82,1.11,21.60
7.724,1,141.00,7.966,6.188,234,223970,178.0,16.83,1.11,21.60
7.731,1,141.00,7.966,6.152,234,223970,178.0,16.84,1.11,21.60
7.737,1,141.00,7.966,6.135,234,223970,178.0,16.86,1.11,21.60
7.744,1,141.00,7.966,6.120,234,223970,178.0,16.87,1.11,21.60
7.751,1,141.00,7.966,6.160,233,223690,178.0,16.88,1.11,21.60
7.757,1,141.00,7.966,6.149,233,223690,178.0,16.89,1.11,21.60
7.764,1,141.00,7.966,6.147,233,223690,178.0,16.90,1.11,21.60
7.771,1,141.00,7.966,6.133,233,223690,178.0,16.91,1.11,21.60
7.777,1,141.00,7.966,6.143,233,223690,178.0,16.92,1.11,21.60
7.784,1,141.00,7.966,6.348,233,223690,178.0,16.94,1.12,21.60
7.791,1,141.00,7.966,6.249,233,223690,178.0,16.95,1.12,21.60
7.797,1,141.00,7.966,6.140,233,223690,178.0,16.96,1.12,21.60
7.804,1,141.00,7.966,6.181,233,223690,178.0,16.97,1.12,21.60
7.811,1,141.00,7.966,6.129,233,223690,178.0,16.98,1.12,21.60
7.817,1,141.00,7.966,6.136,233,223690,178.0,16.99,1.12,21.60
7.824,1,141.00,7.966,6.134,233,223690,178.0,17.00,1.12,21.60
7.831,1,141.00,7.966,6.134,233,223690,178.0,17.01,1.12,21.60
7.837,1,141.00,7.966,6.138,233,223690,178.0,17.03,1.12,21.60
7.844,1,141.00,7.966,6.160,233,223690,178.0,17.04,1.12,21.60
7.851,1,141.00,7.966,6.170,233,223690,178.0,17.05,1.12,21.60
7.857,1,141.00,7.966,6.195,233,223690,178.0,17.06,1.12,21.60
7.864,1,141.00,7.966,6.160,233,223690,178.0,17.07,1.12,21.60
7.871,1,141.00,7.966,6.160,233,223690,178.0,17.08,1.12,21.60
7.877,1,141.00,7.966,6.302,233,223690,178.0,17.09,1.12,21.60
7.884,1,141.00,7.966,6.308,234,223870,178.0,17.11,1.12,21.60
7.891,1,141.00,7.966,6.341,234,223870,178.0,17.12,1.12,21.60
7.897,1,141.00,7.966,6.363,234,223870,178.0,17.13,1.12,21.60
7.904,1,141.00,7.966,6.271,234,223870,178.0,17.14,1.12,21.60
7.911,1,141.00,7.966,6.182,234,223870,178.0,17.15,1.12,21.60
7.917,1,141.00,7.966,6.112,234,223870,178.0,17.16,1.12,21.60
7.924,1,141.00,7.966,6.347,234,223870,178.0,17.17,1.12,21.60
7.931,1,141.00,7.966,6.125,234,223870,178.0,17.18,1.12,21.60
7.937,1,141.00,7.966,6.316,234,223870,178.0,17.20,1.12,21.60
7.944,1,141.00,7.966,6.119,234,223870,178.0,17.21,1.12,21.60
7.951,1,141.00,7.966,6.103,234,223870,178.0,17.22,1.12,21.60
7.957,1,141.00,7.966,6.574,233,223590,178.0,17.23,1.12,21.60
7.964,1,141.00,7.966,6.210,233,223590,178.0,17.24,1.12,21.60
7.971,1,141.00,7.966,6.279,233,223590,178.0,17.25,1.12,21.60
7.977,1,141.00,7.966,6.128,233,223590,178.0,17.26,1.12,21.60
7.984,1,141.00,7.966,6.094,233,223590,178.0,17.28,1.12,21.60
7.991,1,152.00,7.036,6.116,233,223590,178.0,17.29,1.12,21.60
7.997,1,152.00,7.036,6.144,233,223590,178.0,17.30,1.12,21.60
8.004,1,152.00,7.036,6.140,233,223590,178.0,17.31,1.12,21.60
8.011,1,152.00,7.036,6.378,233,223590,178.0,17.32,1.12,21.60
8.017,1,152.00,7.036,6.394,233,223590,178.0,17.33,1.12,21.60
8.024,1,152.00,7.036,6.213,233,223590,178.0,17.34,1.12,21.60
8.031,1,152.00,7.036,6.430,233,223590,178.0,17.35,1.12,21.60
8.037,1,152.00,7.036,6.461,233,223590,178.0,17.37,1.12,21.60
8.044,1,152.00,7.036,6.234,233,223590,178.0,17.38,1.12,21.60
8.051,1,152.00,7.036,6.436,233,223590,178.0,17.39,1.12,21.60
8.057,1,152.00,7.036,6.222,233,223590,178.0,17.40,1.12,21.60
8.064,1,152.00,7.036,6.197,233,223590,178.0,17.41,1.12,21.60
8.071,1,152.00,7.036,6.248,233,223590,178.0,17.42,1.12,21.60
8.077,1,152.00,7.036,6.145,233,223590,178.0,17.43,1.12,21.60
8.084,1,152.00,7.036,6.183,233,223590,178.0,17.45,1.12,21.60
8.091,1,152.00,7.036,6.147,233,223590,178.0,17.46,1.12,21.60
8.097,1,152.00,7.036,6.162,233,223590,178.0,17.47,1.12,21.60
8.104,1,152.00,7.036,6.174,233,223590,178.0,17.48,1.12,21.60
8.111,1,152.00,7.036,6.382,233,223590,178.0,17.49,1.11,21.60
8.117,1,152.00,7.036,6.169,233,223590,178.0,17.50,1.11,21.60
8.124,1,152.00,7.036,6.218,233,223590,178.0,17.51,1.11,21.60
8.131,1,152.00,7.036,6.156,233,223590,178.0,17.52,1.11,21.60
8.137,1,152.00,7.036,6.234,233,223590,178.0,17.54,1.11,21.60
8.144,1,152.00,7.036,6.230,233,223590,178.0,17.55,1.11,21.60
8.151,1,152.00,7.036,6.214,233,223590,178.0,17.56,1.11,21.60
8.157,1,152.00,7.036,6.329,233,223590,178.0,17.57,1.11,21.60
8.164,1,152.00,7.036,6.339,233,223590,178.0,17.58,1.11,21.60
8.171,1,152.00,7.036,6.260,233,223590,178.0,17.59,1.11,21.60
8.177,1,152.00,7.036,6.425,233,223590,178.0,17.60,1.11,21.60
8.184,1,152.00,7.036,6.491,233,223590,178.0,17.62,1.11,21.60
8.191,1,152.00,7.036,6.442,233,223590,178.0,17.63,1.11,21.60
8.197,1,152.00,7.036,6.374,233,223590,178.0,17.64,1.11,21.60
8.204,1,152.00,7.036,6.671,233,223590,178.0,17.65,1.11,21.60
8.211,1,152.00,7.036,6.226,233,223590,178.0,17.66,1.11,21.60
8.217,1,152.00,7.036,6.233,233,223590,178.0,17.67,1.11,21.60
8.224,1,152.00,7.036,6.178,233,223590,178.0,17.68,1.11,21.60
8.231,1,152.00,7.036,6.188,233,223590,178.0,17.69,1.11,21.60
8.237,1,152.00,7.036,6.378,234,225886,178.0,17.71,1.11,21.60
8.244,1,152.00,7.036,6.237,234,225886,178.0,17.72,1.11,21.60
8.251,1,152.00,7.036,6.322,234,225886,178.0,17.73,1.11,21.60
8.258,1,152.00,7.036,6.342,234,225886,178.0,17.74,1.11,21.60
8.265,1,152.00,7.036,6.547,234,225886,178.0,17.75,1.11,21.60
8.271,1,152.00,7.036,6.191,234,225886,178.0,17.76,1.11,21.60
8.278,1,152.00,7.036,6.102,234,225886,178.0,17.78,1.11,21.60
8.285,1,152.00,7.036,6.068,235,228182,178.0,17.79,1.10,21.60
8.291,1,152.00,7.036,6.187,235,228182,178.0,17.80,1.10,21.60
8.298,1,152.00,7.036,6.058,235,228182,178.0,17.81,1.10,21.60
8.305,1,152.00,7.036,6.025,236,228422,178.0,17.82,1.10,21.60
8.311,1,152.00,7.036,6.068,236,228422,178.0,17.83,1.10,21.60
8.318,1,152.00,7.036,6.019,237,228478,178.0,17.84,1.10,21.60
8.325,1,152.00,7.036,6.142,238,228534,178.0,17.85,1.10,21.60
8.331,1,152.00,7.036,6.103,239,228654,178.0,17.87,1.10,21.60
8.338,1,152.00,7.036,6.069,239,228654,178.0,17.88,1.10,21.60
8.345,1,152.00,7.036,6.086,241,229214,178.0,17.89,1.10,21.60
8.351,1,152.00,7.036,6.003,241,229214,178.0,17.90,1.10,21.60
8.358,1,152.00,7.036,5.998,241,229214,178.0,17.91,1.10,21.60
8.365,1,152.00,7.036,6.176,241,229214,178.0,17.92,1.10,21.60
8.371,1,152.00,7.036,6.286,242,231174,178.0,17.93,1.10,21.60
8.378,1,152.00,7.036,6.066,242,231174,178.0,17.95,1.10,21.60
8.385,1,152.00,7.036,6.010,242,231174,178.0,17.96,1.10,21.60
8.391,1,152.00,7.036,6.259,242,231174,178.0,17.97,1.10,21.60
8.398,1,152.00,7.036,6.111,242,231174,178.0,17.98,1.10,21.60
8.405,1,152.00,7.036,5.992,242,231174,178.0,17.99,1.10,21.60
8.411,1,152.00,7.036,6.299,242,231174,178.0,18.00,1.10,21.60
8.418,1,152.00,7.036,5.950,240,231186,178.0,18.01,1.10,21.59
8.425,1,152.00,7.036,6.182,240,231186,178.0,18.02,1.10,21.58
8.431,1,152.00,7.036,6.095,240,231186,178.0,18.03,1.10,21.57
8.438,1,152.00,7.036,6.129,240,231186,178.0,18.03,1.10,21.57
8.445,1,152.00,7.036,6.128,240,231186,178.0,18.04,1.10,21.56
8.451,1,152.00,7.036,6.159,241,239698,178.0,18.05,1.10,21.55
8.458,1,152.00,7.036,6.158,241,239698,178.0,18.06,1.09,21.54
8.465,1,152.00,7.036,6.160,239,239642,178.0,18.07,1.09,21.53
8.471,1,152.00,7.036,6.147,239,239642,178.0,18.07,1.09,21.53
8.478,1,152.00,7.036,6.194,239,239642,178.0,18.08,1.09,21.52
8.485,1,152.00,7.036,6.187,239,239642,178.0,18.09,1.09,21.51
8.491,1,152.00,7.036,6.214,241,257786,178.0,18.10,1.09,21.50
8.498,1,152.00,7.036,6.173,242,268706,178.0,18.11,1.09,21.49
8.505,1,152.00,7.036,6.210,242,268706,178.0,18.11,1.09,21.49
8.511,1,152.00,7.036,6.177,242,268706,178.0,18.12,1.09,21.48
8.518,1,152.00,7.036,6.160,243,278842,178.0,18.13,1.09,21.47
8.525,1,152.00,7.036,6.083,243,278842,178.0,18.14,1.09,21.46
8.531,1,152.00,7.036,6.070,243,278842,178.0,18.15,1.09,21.45
8.538,1,152.00,7.036,6.073,244,288026,178.0,18.15,1.09,21.45
8.545,1,152.00,7.036,6.097,244,288026,178.0,18.16,1.09,21.44
8.551,1,152.00,7.036,6.114,244,288026,178.0,18.17,1.09,21.43
8.558,1,152.00,7.036,6.078,244,288026,178.0,18.18,1.09,21.42
8.565,1,152.00,7.036,6.058,244,288026,178.0,18.19,1.09,21.41
8.571,1,152.00,7.036,6.060,244,288026,178.0,18.19,1.09,21.41
8.578,1,152.00,7.036,6.069,244,288026,178.0,18.20,1.09,21.40
8.585,1,152.00,7.036,6.076,244,288026,178.0,18.21,1.09,21.39
8.591,1,152.00,7.036,6.063,244,288026,178.0,18.22,1.09,21.38
8.598,1,152.00,7.036,6.055,244,288026,178.0,18.23,1.09,21.37
8.605,1,152.00,7.036,6.064,244,288026,178.0,18.23,1.09,21.37
8.611,1,152.00,7.036,6.030,244,288026,178.0,18.24,1.09,21.36
8.618,1,152.00,7.036,6.040,244,288026,178.0,18.25,1.09,21.35
8.625,1,152.00,7.036,6.024,244,288026,178.0,18.26,1.09,21.34
8.631,1,152.00,7.036,6.043,244,288026,178.0,18.27,1.09,21.33
8.638,1,152.00,7.036,6.080,244,288026,178.0,18.27,1.09,21.33
8.645,1,152.00,7.036,6.042,244,288026,178.0,18.28,1.09,21.32
8.651,1,152.00,7.036,6.039,244,288026,178.0,18.29,1.09,21.31
8.658,1,152.00,7.036,6.034,244,288026,178.0,18.30,1.09,21.30
8.665,1,152.00,7.036,6.023,244,288026,178.0,18.31,1.09,21.29
8.671,1,152.00,7.036,6.016,244,288026,178.0,18.31,1.09,21.29
8.678,1,152.00,7.036,6.032,244,288026,178.0,18.32,1.09,21.28
8.685,1,152.00,7.036,6.053,244,288026,178.0,18.33,1.09,21.27
8.691,1,152.00,7.036,6.040,244,288026,178.0,18.34,1.09,21.26
8.698,1,152.00,7.036,6.025,244,288026,178.0,18.35,1.09,21.25
8.705,1,152.00,7.036,6.028,244,288026,178.0,18.35,1.09,21.25
8.711,1,152.00,7.036,6.043,244,288026,178.0,18.36,1.09,21.24
8.718,1,152.00,7.036,6.007,244,288026,178.0,18.37,1.09,21.23
8.725,1,152.00,7.036,5.986,244,288026,178.0,18.38,1.09,21.22
8.731,1,152.00,7.036,6.018,244,288026,178.0,18.39,1.09,21.21
8.738,1,152.00,7.036,6.005,244,288026,178.0,18.39,1.09,21.21
8.745,1,152.00,7.036,6.031,244,288026,178.0,18.40,1.09,21.20
8.751,1,152.00,7.036,6.048,244,288026,178.0,18.41,1.09,21.19
8.758,1,152.00,7.036,6.003,244,288026,178.0,18.42,1.09,21.18
8.765,1,152.00,7.036,6.002,244,288026,178.0,18.43,1.09,21.17
8.771,1,152.00,7.036,6.027,244,288026,178.0,18.43,1.09,21.17
8.778,1,152.00,7.036,6.010,244,288026,178.0,18.44,1.09,21.16
8.785,1,152.00,7.036,5.984,244,288026,178.0,18.45,1.10,21.15
8.791,1,152.00,7.036,5.990,244,288026,178.0,18.46,1.10,21.14
8.798,1,152.00,7.036,5.995,244,288026,178.0,18.47,1.10,21.13
8.805,1,152.00,7.036,6.005,244,288026,178.0,18.47,1.10,21.13
8.811,1,152.00,7.036,5.971,244,288026,178.0,18.48,1.10,21.12
8.818,1,152.00,7.036,5.999,244,288026,178.0,18.49,1.10,21.11
8.825,1,152.00,7.036,5.990,244,288026,178.0,18.50,1.10,21.10
8.831,1,152.00,7.036,6.017,244,288026,178.0,18.51,1.10,21.09
8.838,1,152.00,7.036,6.004,243,287966,178.0,18.51,1.10,21.09
8.845,1,152.00,7.036,5.984,243,287966,178.0,18.52,1.10,21.08
8.851,1,152.00,7.036,5.985,243,287966,178.0,18.53,1.10,21.07
8.858,1,152.00,7.036,5.994,243,287966,178.0,18.54,1.10,21.06
8.865,1,152.00,7.036,6.004,243,287966,178.0,18.55,1.10,21.05
8.871,1,152.00,7.036,6.002,243,287966,178.0,18.55,1.10,21.05
8.878,1,152.00,7.036,5.993,243,287966,178.0,18.56,1.10,21.04
8.885,1,152.00,7.036,6.003,243,287966,178.0,18.57,1.10,21.03
8.891,1,152.00,7.036,6.001,243,287966,178.0,18.58,1.10,21.02
8.898,1,152.00,7.036,6.020,243,287966,178.0,18.59,1.10,21.01
8.905,1,152.00,7.036,6.033,243,287966,178.0,18.59,1.10,21.01
8.911,1,152.00,7.036,6.001,243,287966,178.0,18.60,1.10,21.00
8.918,1,152.00,7.036,6.026,244,287954,178.0,18.62,1.10,21.00
8.925,1,152.00,7.036,6.055,243,287898,178.0,18.63,1.10,21.00
8.931,1,152.00,7.036,6.027,244,288078,178.0,18.64,1.10,21.00
8.938,1,152.00,7.036,6.024,244,288078,178.0,18.65,1.10,21.00
8.945,1,152.00,7.036,6.007,244,288078,178.0,18.66,1.10,21.00
8.951,1,152.00,7.036,6.003,244,288078,178.0,18.67,1.10,21.00
8.958,1,152.00,7.036,5.999,244,288078,178.0,18.68,1.10,21.00
8.965,1,152.00,7.036,6.012,244,288078,178.0,18.69,1.10,21.00
8.971,1,152.00,7.036,5.987,244,288078,178.0,18.71,1.10,21.00
8.978,1,152.00,7.036,6.010,244,288078,178.0,18.72,1.10,21.00
8.985,1,152.00,7.036,6.011,244,288078,178.0,18.73,1.11,21.00
8.991,1,150.00,7.155,5.997,244,288078,178.0,18.74,1.11,21.00
8.998,1,150.00,7.155,5.990,244,288078,178.0,18.75,1.11,21.00
9.005,1,150.00,7.155,5.998,243,287966,178.0,18.76,1.11,21.00
9.011,1,150.00,7.155,5.976,243,287966,178.0,18.77,1.11,21.00
9.018,1,150.00,7.155,5.990,243,287966,178.0,18.79,1.11,21.00
9.025,1,150.00,7.155,5.986,243,287966,178.0,18.80,1.11,21.00
9.031,1,150.00,7.155,6.005,243,287966,178.0,18.81,1.11,21.00
9.038,1,150.00,7.155,5.993,243,287966,178.0,18.82,1.11,21.00
9.045,1,150.00,7.155,5.977,243,287966,178.0,18.83,1.11,21.00
9.051,1,150.00,7.155,6.307,243,287966,178.0,18.84,1.11,21.00
9.058,1,150.00,7.155,6.013,243,287966,178.0,18.85,1.11,21.00
9.065,1,150.00,7.155,6.004,243,287966,178.0,18.86,1.11,21.00
9.071,1,150.00,7.155,5.985,244,288026,178.0,18.88,1.11,21.00
9.078,1,150.00,7.155,5.995,244,288026,178.0,18.89,1.11,21.00
9.085,1,150.00,7.155,6.002,244,288026,178.0,18.90,1.11,21.00
9.091,1,150.00,7.155,6.052,244,288026,178.0,18.91,1.11,21.00
9.098,1,150.00,7.155,5.985,244,288026,178.0,18.92,1.11,21.00
9.104,1,150.00,7.155,5.989,243,288022,178.0,18.93,1.11,21.00
9.111,1,150.00,7.155,6.014,243,288022,178.0,18.94,1.11,21.00
9.117,1,150.00,7.155,5.984,243,288022,178.0,18.95,1.11,21.00
9.124,1,150.00,7.155,5.983,243,288022,178.0,18.97,1.11,21.00
9.131,1,150.00,7.155,5.993,243,288022,178.0,18.98,1.11,21.00
9.137,1,150.00,7.155,5.982,243,288022,178.0,18.99,1.11,21.00
9.144,1,150.00,7.155,5.986,243,288022,178.0,19.00,1.11,21.00
9.150,1,150.00,7.155,6.013,243,288022,178.0,19.01,1.11,21.00
9.157,1,150.00,7.155,5.996,243,288022,178.0,19.02,1.11,21.00
9.163,1,150.00,7.155,6.367,243,288022,178.0,19.03,1.11,21.00
9.170,1,150.00,7.155,5.982,243,288022,178.0,19.04,1.11,21.00
9.177,1,150.00,7.155,5.971,243,288022,178.0,19.05,1.11,21.00
9.183,1,150.00,7.155,6.007,243,288022,178.0,19.07,1.11,21.00
9.190,1,150.00,7.155,5.962,243,288022,178.0,19.08,1.11,21.00
9.197,1,150.00,7.155,5.964,243,288022,178.0,19.09,1.11,21.00
9.203,1,150.00,7.155,5.943,243,288022,178.0,19.10,1.11,21.00
9.210,1,150.00,7.155,5.955,243,288022,178.0,19.11,1.11,21.00
9.216,1,150.00,7.155,5.972,247,288198,178.0,19.12,1.11,21.00
9.223,1,150.00,7.155,5.970,247,288198,178.0,19.13,1.11,21.00
9.229,1,150.00,7.155,5.961,248,289698,178.0,19.14,1.11,21.00
9.236,1,150.00,7.155,5.950,248,289698,178.0,19.16,1.11,21.00
9.242,1,150.00,7.155,5.945,250,289734,178.0,19.17,1.11,21.00
9.249,1,150.00,7.155,5.984,250,289734,178.0,19.18,1.11,21.00
9.256,1,150.00,7.155,5.953,250,289734,178.0,19.19,1.11,21.00
9.262,1,150.00,7.155,5.926,250,289734,178.0,19.20,1.11,21.00
9.269,1,150.00,7.155,5.951,246,288258,178.0,19.21,1.11,21.00
9.276,1,150.00,7.155,5.959,246,288258,178.0,19.22,1.11,21.00
9.282,1,150.00,7.155,6.189,246,288258,178.0,19.23,1.11,21.00
9.289,1,150.00,7.155,5.952,246,288258,178.0,19.25,1.11,21.00
9.296,1,150.00,7.155,5.936,246,288258,178.0,19.26,1.11,21.00
9.302,1,150.00,7.155,5.909,246,288258,178.0,19.27,1.11,21.00
9.309,1,150.00,7.155,5.920,246,288258,178.0,19.28,1.11,21.00
9.315,1,150.00,7.155,5.917,247,288594,178.0,19.29,1.11,21.00
9.322,1,150.00,7.155,5.918,247,288594,178.0,19.30,1.11,21.00
9.328,1,150.00,7.155,5.952,249,288714,178.0,19.31,1.11,21.00
9.335,1,150.00,7.155,5.909,249,288714,178.0,19.32,1.11,21.00
9.341,1,150.00,7.155,5.925,249,288714,178.0,19.33,1.11,21.00
9.348,1,150.00,7.155,5.898,250,290214,178.0,19.35,1.11,21.00
9.354,1,150.00,7.155,6.034,250,290214,178.0,19.36,1.11,21.00
9.361,1,150.00,7.155,5.888,252,290250,178.0,19.37,1.11,21.00
9.367,1,150.00,7.155,6.433,252,290250,178.0,19.38,1.11,21.00
9.374,1,150.00,7.155,5.910,252,290250,178.0,19.39,1.11,21.00
9.380,1,150.00,7.155,5.887,252,290250,178.0,19.40,1.11,21.00
9.387,1,150.00,7.155,5.864,252,290250,178.0,19.41,1.11,21.00
9.393,1,150.00,7.155,5.889,252,290250,178.0,19.42,1.11,21.00
9.400,1,150.00,7.155,5.872,252,290250,178.0,19.43,1.11,21.00
9.406,1,150.00,7.155,5.872,252,290250,178.0,19.44,1.11,21.00
9.413,1,150.00,7.155,5.844,252,290250,178.0,19.46,1.11,21.00
9.419,1,150.00,7.155,5.871,252,290250,178.0,19.47,1.11,21.00
9.425,1,150.00,7.155,5.825,253,290262,178.0,19.48,1.11,21.00
9.432,1,150.00,7.155,5.838,253,290262,178.0,19.49,1.11,21.00
9.438,1,150.00,7.155,5.840,253,290262,178.0,19.50,1.11,21.00
9.444,1,150.00,7.155,5.831,254,291862,178.0,19.51,1.11,21.00
9.451,1,150.00,7.155,5.812,254,291862,178.0,19.52,1.11,21.00
9.457,1,150.00,7.155,5.833,254,291862,178.0,19.53,1.10,21.00
9.464,1,150.00,7.155,5.808,255,292762,178.0,19.54,1.10,21.00
9.470,1,150.00,7.155,5.846,255,292762,178.0,19.55,1.10,21.00
9.476,1,150.00,7.155,5.791,256,293002,178.0,19.56,1.10,21.00
9.483,1,150.00,7.155,5.785,257,293062,178.0,19.57,1.10,21.00
9.489,1,150.00,7.155,5.807,257,293062,178.0,19.59,1.10,21.00
9.495,1,150.00,7.155,5.786,257,293062,178.0,19.60,1.10,21.00
9.502,1,150.00,7.155,5.780,257,293062,178.0,19.61,1.10,21.00
9.508,1,150.00,7.155,5.779,259,293422,178.0,19.62,1.10,21.00
9.515,1,150.00,7.155,5.762,261,293458,178.0,19.63,1.10,21.00
9.521,1,150.00,7.155,5.761,261,293458,178.0,19.64,1.10,21.00
9.527,1,150.00,7.155,5.788,263,294106,178.0,19.65,1.10,21.00
9.533,1,150.00,7.155,5.758,263,294106,178.0,19.66,1.10,21.00
9.540,1,150.00,7.155,5.823,264,297634,178.0,19.67,1.10,21.00
9.546,1,150.00,7.155,5.760,266,297694,178.0,19.68,1.10,21.00
9.552,1,150.00,7.155,5.774,266,297694,178.0,19.69,1.10,21.00
9.559,1,150.00,7.155,5.774,267,298086,178.0,19.70,1.10,21.00
9.565,1,150.00,7.155,5.731,268,298206,178.0,19.71,1.10,21.00
9.571,1,150.00,7.155,5.725,269,301566,178.0,19.73,1.10,21.00
9.577,1,150.00,7.155,5.740,269,301566,178.0,19.74,1.10,21.00
9.584,1,150.00,7.155,5.736,269,301566,178.0,19.75,1.10,21.00
9.590,1,150.00,7.155,5.723,269,301566,178.0,19.76,1.10,21.00
9.596,1,150.00,7.155,5.740,269,301566,178.0,19.77,1.10,21.00
9.603,1,150.00,7.155,5.701,270,306438,178.0,19.78,1.10,21.00
9.609,1,150.00,7.155,5.688,270,306438,178.0,19.79,1.10,21.00
9.615,1,150.00,7.155,5.704,271,310862,178.0,19.80,1.09,21.00
9.621,1,150.00,7.155,5.677,271,310862,178.0,19.81,1.09,21.00
9.628,1,150.00,7.155,5.704,261,293458,178.0,19.82,1.09,21.00
9.634,1,150.00,7.155,5.672,264,298088,178.0,19.83,1.09,21.00
9.640,1,150.00,7.155,5.671,264,298088,178.0,19.84,1.09,21.00
9.646,1,150.00,7.155,5.678,264,298088,178.0,19.85,1.09,21.00
9.653,1,150.00,7.155,5.665,267,301676,178.0,19.86,1.09,21.00
9.659,1,150.00,7.155,5.649,267,301676,178.0,19.87,1.09,21.00
9.665,1,150.00,7.155,5.654,267,301676,178.0,19.88,1.09,21.00
9.671,1,150.00,7.155,5.628,267,301676,178.0,19.90,1.09,21.00
9.678,1,150.00,7.155,5.628,269,302188,178.0,19.91,1.09,21.00
9.684,1,150.00,7.155,5.635,269,302188,178.0,19.92,1.09,21.00
9.690,1,150.00,7.155,5.596,270,305548,178.0,19.93,1.09,21.00
9.696,1,150.00,7.155,5.583,270,305548,178.0,19.94,1.09,21.00
9.703,1,150.00,7.155,5.596,270,305548,178.0,19.95,1.09,21.00
9.709,1,150.00,7.155,5.592,270,305548,178.0,19.96,1.09,21.00
9.715,1,150.00,7.155,5.584,270,305548,178.0,19.97,1.09,21.00
9.721,1,150.00,7.155,5.603,271,310420,178.0,19.98,1.09,21.00
9.728,1,150.00,7.155,5.592,271,310420,178.0,19.99,1.09,21.00
9.734,1,150.00,7.155,5.598,272,314844,178.0,20.00,1.09,21.00
9.740,1,150.00,7.155,5.625,272,314844,178.0,20.01,1.09,21.00
9.746,1,150.00,7.155,5.625,272,314844,178.0,20.02,1.09,21.00
9.753,1,150.00,7.155,5.587,272,314844,178.0,20.03,1.09,21.00
9.759,1,150.00,7.155,5.579,272,314844,178.0,20.04,1.09,21.00
9.765,1,150.00,7.155,5.600,272,314844,178.0,20.05,1.09,21.00
9.771,1,150.00,7.155,5.573,272,314844,178.0,20.07,1.09,21.00
9.778,1,150.00,7.155,5.525,272,314844,178.0,20.08,1.09,21.00
9.784,1,150.00,7.155,5.502,271,314788,178.0,20.09,1.09,21.00
9.790,1,150.00,7.155,5.488,271,314788,178.0,20.10,1.09,21.00
9.796,1,150.00,7.155,5.514,271,314788,178.0,20.11,1.09,21.00
9.803,1,150.00,7.155,5.496,271,314788,178.0,20.12,1.09,21.00
9.809,1,150.00,7.155,5.495,271,314788,178.0,20.13,1.09,21.00
9.815,1,150.00,7.155,5.471,271,314788,178.0,20.14,1.09,21.00
9.821,1,150.00,7.155,5.467,270,314732,178.0,20.15,1.09,21.00
9.828,1,150.00,7.155,5.473,271,315124,178.0,20.16,1.09,21.00
9.834,1,150.00,7.155,5.486,270,315046,178.0,20.17,1.09,21.00
9.840,1,150.00,7.155,5.459,270,315046,178.0,20.18,1.08,21.00
9.846,1,150.00,7.155,5.441,270,315046,178.0,20.19,1.08,21.00
9.853,1,150.00,7.155,5.467,265,314830,178.0,20.20,1.08,21.00
9.859,1,150.00,7.155,5.432,265,314830,178.0,20.21,1.08,21.00
9.865,1,150.00,7.155,5.441,265,314830,178.0,20.22,1.08,21.00
9.871,1,150.00,7.155,5.423,265,314830,178.0,20.24,1.08,21.00
9.878,1,150.00,7.155,5.407,265,315530,178.0,20.25,1.08,21.00
9.884,1,150.00,7.155,5.398,266,315650,178.0,20.26,1.08,21.00
9.890,1,150.00,7.155,5.397,267,315658,178.0,20.27,1.08,21.00
9.896,1,150.00,7.155,5.386,267,315658,178.0,20.28,1.08,21.00
9.903,1,150.00,7.155,5.376,268,315778,178.0,20.29,1.08,21.00
9.909,1,150.00,7.155,5.368,269,315886,178.0,20.30,1.08,21.00
9.914,1,150.00,7.155,5.342,268,315718,178.0,20.31,1.08,21.00
9.920,1,150.00,7.155,5.353,268,315718,178.0,20.32,1.08,21.00
9.926,1,150.00,7.155,5.320,268,315718,178.0,20.33,1.08,21.00
9.932,1,150.00,7.155,5.325,268,315718,178.0,20.34,1.08,21.00
9.938,1,150.00,7.155,5.332,268,315718,178.0,20.35,1.08,21.00
9.944,1,150.00,7.155,5.290,268,315718,178.0,20.36,1.08,21.00
9.950,1,150.00,7.155,5.304,268,315718,178.0,20.37,1.08,21.00
9.955,1,150.00,7.155,5.311,266,315662,178.0,20.38,1.08,21.00
9.961,1,150.00,7.155,5.312,266,315662,178.0,20.39,1.09,21.00
9.967,1,150.00,7.155,5.304,265,315606,178.0,20.40,1.09,21.00
9.973,1,150.00,7.155,5.322,265,315606,178.0,20.41,1.09,20.99
9.979,1,150.00,7.155,5.295,262,294780,178.0,20.41,1.09,20.99
9.985,1,150.00,7.155,5.379,262,294780,178.0,20.42,1.09,20.98
9.991,1,150.00,7.155,5.784,262,294780,178.0,20.43,1.09,20.97
9.997,1,150.00,7.155,5.338,262,294780,178.0,20.43,1.09,20.97
10.003,1,159.00,6.916,5.331,263,295200,178.0,20.44,1.09,20.96
10.009,1,159.00,6.916,5.693,263,295200,178.0,20.45,1.09,20.95
10.014,1,159.00,6.916,5.267,263,295200,178.0,20.46,1.09,20.94
10.020,1,159.00,6.916,5.247,263,295200,178.0,20.46,1.09,20.94
10.025,1,159.00,6.916,5.263,263,295200,178.0,20.47,1.09,20.93
10.031,1,159.00,6.916,5.225,263,295200,178.0,20.48,1.09,20.92
10.037,1,159.00,6.916,5.224,263,295200,178.0,20.48,1.09,20.92
10.042,1,159.00,6.916,5.219,263,295200,178.0,20.49,1.09,20.91
10.048,1,159.00,6.916,5.199,263,295200,178.0,20.50,1.09,20.90
10.053,1,159.00,6.916,5.707,263,295200,178.0,20.50,1.09,20.90
10.059,1,159.00,6.916,5.198,263,295200,178.0,20.51,1.09,20.89
10.064,1,159.00,6.916,5.226,263,295200,178.0,20.52,1.09,20.88
10.070,1,159.00,6.916,5.232,263,295200,178.0,20.52,1.09,20.88
10.075,1,159.00,6.916,5.207,263,295200,178.0,20.53,1.09,20.87
10.081,1,159.00,6.916,5.179,262,293700,178.0,20.54,1.09,20.86
10.087,1,159.00,6.916,5.155,262,293700,178.0,20.54,1.09,20.86
10.092,1,159.00,6.916,5.141,262,293700,178.0,20.55,1.09,20.85
10.098,1,159.00,6.916,5.156,262,293700,178.0,20.56,1.09,20.84
10.103,1,159.00,6.916,5.539,262,293700,178.0,20.56,1.09,20.84
10.109,1,159.00,6.916,5.085,262,293700,178.0,20.57,1.09,20.83
10.114,1,159.00,6.916,5.492,262,293700,178.0,20.58,1.09,20.82
10.120,1,159.00,6.916,5.439,262,293700,178.0,20.58,1.09,20.82
10.125,1,159.00,6.916,5.432,262,293700,178.0,20.59,1.09,20.81
10.131,1,159.00,6.916,5.387,262,293700,178.0,20.60,1.09,20.80
10.137,1,159.00,6.916,4.954,262,293700,178.0,20.60,1.09,20.80
10.142,1,159.00,6.916,5.294,262,293700,178.0,20.61,1.09,20.79
10.148,1,159.00,6.916,5.223,262,293700,178.0,20.62,1.09,20.78
10.153,1,159.00,6.916,5.165,262,293700,178.0,20.62,1.09,20.78
10.159,1,159.00,6.916,5.124,262,293700,178.0,20.63,1.09,20.77
10.164,1,159.00,6.916,5.159,262,293700,178.0,20.64,1.09,20.76
10.170,1,159.00,6.916,5.079,262,293700,178.0,20.64,1.09,20.76
10.175,1,159.00,6.916,5.113,263,294202,178.0,20.65,1.09,20.75
10.181,1,159.00,6.916,4.831,263,294202,178.0,20.66,1.09,20.74
10.187,1,159.00,6.916,5.035,263,294202,178.0,20.66,1.09,20.74
10.192,1,159.00,6.916,4.840,263,294202,178.0,20.67,1.09,20.73
10.198,1,159.00,6.916,4.951,264,295702,178.0,20.68,1.10,20.72
10.203,1,159.00,6.916,4.784,264,295702,178.0,20.68,1.10,20.72
10.209,1,159.00,6.916,4.984,264,295702,178.0,20.69,1.10,20.71
10.214,1,159.00,6.916,4.802,264,295702,178.0,20.70,1.10,20.70
10.220,1,159.00,6.916,4.953,264,295702,178.0,20.70,1.10,20.70
10.225,1,159.00,6.916,4.790,264,295702,178.0,20.71,1.10,20.69
10.231,1,159.00,6.916,4.802,264,295702,178.0,20.72,1.10,20.68
10.237,1,159.00,6.916,4.792,264,295702,178.0,20.72,1.10,20.68
10.242,1,159.00,6.916,4.892,264,295702,178.0,20.73,1.10,20.67
10.248,1,159.00,6.916,4.816,264,295702,178.0,20.74,1.10,20.66
10.253,1,159.00,6.916,4.835,264,295702,178.0,20.74,1.10,20.66
10.259,1,159.00,6.916,4.949,264,295702,178.0,20.75,1.10,20.65
10.264,1,159.00,6.916,4.953,264,295702,178.0,20.76,1.10,20.64
10.270,1,159.00,6.916,4.942,264,295702,178.0,20.76,1.10,20.64
10.275,1,159.00,6.916,4.838,264,295702,178.0,20.77,1.10,20.63
10.281,1,159.00,6.916,5.003,264,295702,178.0,20.78,1.10,20.62
10.287,1,159.00,6.916,4.879,264,295702,178.0,20.78,1.10,20.62
10.292,1,159.00,6.916,5.016,264,295702,178.0,20.79,1.10,20.61
10.298,1,159.00,6.916,4.992,264,295702,178.0,20.80,1.10,20.60
10.303,1,159.00,6.916,5.018,264,295702,178.0,20.80,1.10,20.60
10.309,1,159.00,6.916,4.875,264,295702,178.0,20.81,1.10,20.59
10.314,1,159.00,6.916,5.058,264,295702,178.0,20.82,1.10,20.58
10.320,1,159.00,6.916,5.094,264,295702,178.0,20.82,1.10,20.58
10.325,1,159.00,6.916,5.096,264,295702,178.0,20.83,1.10,20.57
10.331,1,159.00,6.916,5.113,264,295702,178.0,20.84,1.10,20.56
10.337,1,159.00,6.916,4.991,264,295702,178.0,20.84,1.10,20.56
10.342,1,159.00,6.916,5.000,264,295702,178.0,20.85,1.10,20.55
10.348,1,159.00,6.916,5.105,264,295702,178.0,20.86,1.10,20.54
10.353,1,159.00,6.916,5.100,264,295702,178.0,20.86,1.10,20.54
10.359,1,159.00,6.916,5.120,264,295702,178.0,20.87,1.10,20.53
10.364,1,159.00,6.916,5.082,264,295702,178.0,20.88,1.10,20.52
10.370,1,159.00,6.916,5.084,264,295702,178.0,20.88,1.10,20.52
10.375,1,159.00,6.916,5.103,264,295702,178.0,20.89,1.10,20.51
10.381,1,159.00,6.916,5.118,264,295702,178.0,20.90,1.10,20.50
10.387,1,159.00,6.916,5.143,264,295702,178.0,20.90,1.10,20.50
10.392,1,159.00,6.916,5.172,264,295702,178.0,20.91,1.10,20.49
10.398,1,159.00,6.916,5.196,264,295702,178.0,20.92,1.10,20.48
10.403,1,159.00,6.916,5.243,264,295702,178.0,20.92,1.10,20.48
10.409,1,159.00,6.916,5.211,264,295702,178.0,20.93,1.10,20.47
10.414,1,159.00,6.916,5.267,264,295702,178.0,20.94,1.10,20.46
10.420,1,159.00,6.916,5.280,265,295714,178.0,20.94,1.10,20.46
10.425,1,159.00,6.916,5.273,265,295714,178.0,20.95,1.11,20.45
10.431,1,159.00,6.916,5.425,265,295714,178.0,20.96,1.11,20.44
10.437,1,159.00,6.916,5.313,266,295718,178.0,20.96,1.11,20.44
10.442,1,159.00,6.916,5.383,266,295718,178.0,20.97,1.11,20.43
10.448,1,159.00,6.916,5.399,266,295718,178.0,20.98,1.11,20.42
10.453,1,159.00,6.916,5.447,266,295718,178.0,20.98,1.11,20.42
10.459,1,159.00,6.916,5.455,266,295718,178.0,20.99,1.11,20.41
10.465,1,159.00,6.916,5.652,266,295718,178.0,21.00,1.11,20.40
10.471,1,159.00,6.916,5.496,266,295718,178.0,21.01,1.11,20.40
10.477,1,159.00,6.916,5.640,265,295714,178.0,21.02,1.11,20.40
10.483,1,159.00,6.916,5.959,265,295714,178.0,21.03,1.11,20.40
10.489,1,159.00,6.916,6.154,265,295714,178.0,21.04,1.11,20.40
10.495,1,159.00,6.916,6.141,265,295714,178.0,21.05,1.11,20.40
10.501,1,159.00,6.916,6.144,265,295714,178.0,21.06,1.11,20.40
10.508,1,159.00,6.916,6.203,265,295714,178.0,21.07,1.11,20.40
10.514,1,159.00,6.916,6.291,265,295714,178.0,21.08,1.11,20.40
10.520,1,159.00,6.916,6.303,265,295714,178.0,21.09,1.11,20.40
10.526,1,159.00,6.916,6.046,267,295774,178.0,21.10,1.11,20.40
10.532,1,159.00,6.916,6.287,268,296674,178.0,21.11,1.11,20.40
10.538,1,159.00,6.916,6.381,268,296674,178.0,21.12,1.11,20.40
10.544,1,159.00,6.916,6.220,268,296674,178.0,21.13,1.11,20.40
10.550,1,159.00,6.916,6.452,268,296674,178.0,21.14,1.11,20.40
10.557,1,159.00,6.916,6.229,268,296674,178.0,21.15,1.11,20.40
10.564,1,159.00,6.916,6.404,268,296674,178.0,21.16,1.11,20.40
10.570,1,159.00,6.916,6.016,268,296674,178.0,21.18,1.10,20.40
10.577,1,159.00,6.916,6.276,268,296674,178.0,21.19,1.10,20.40
10.584,1,159.00,6.916,6.259,268,296674,178.0,21.20,1.10,20.40
10.590,1,159.00,6.916,6.001,270,297322,178.0,21.21,1.10,20.40
10.597,1,159.00,6.916,5.990,270,297322,178.0,21.22,1.10,20.40
10.604,1,159.00,6.916,6.024,271,298922,178.0,21.23,1.10,20.40
10.610,1,159.00,6.916,6.341,272,299162,178.0,21.24,1.10,20.40
10.617,1,159.00,6.916,6.071,272,299162,178.0,21.25,1.10,20.40
10.624,1,159.00,6.916,6.590,272,299162,178.0,21.27,1.10,20.40
10.632,1,159.00,6.916,6.615,268,299058,178.0,21.28,1.10,20.40
10.638,1,159.00,6.916,6.362,270,299418,178.0,21.29,1.10,20.40
10.646,1,159.00,6.916,6.618,266,299314,178.0,21.30,1.10,20.40
10.652,1,159.00,6.916,6.058,266,299314,178.0,21.31,1.10,20.40
10.659,1,159.00,6.916,6.560,266,299314,178.0,21.33,1.10,20.40
10.666,1,159.00,6.916,6.332,266,299314,178.0,21.34,1.10,20.40
10.673,1,159.00,6.916,6.245,266,299314,178.0,21.35,1.10,20.40
10.680,1,159.00,6.916,6.069,266,299314,178.0,21.36,1.10,20.40
10.687,1,159.00,6.916,6.273,266,299314,178.0,21.37,1.10,20.40
10.694,1,159.00,6.916,6.696,266,299314,178.0,21.39,1.10,20.40
10.701,1,159.00,6.916,6.455,266,299314,178.0,21.40,1.10,20.40
10.708,1,159.00,6.916,6.436,266,299314,178.0,21.41,1.10,20.40
10.715,1,159.00,6.916,6.721,266,299314,178.0,21.42,1.10,20.40
10.722,1,159.00,6.916,6.377,266,299314,178.0,21.43,1.10,20.40
10.729,1,159.00,6.916,6.206,266,299314,178.0,21.44,1.10,20.40
10.736,1,159.00,6.916,6.669,266,299314,178.0,21.46,1.10,20.40
10.743,1,159.00,6.916,6.138,267,304186,178.0,21.47,1.10,20.40
10.750,1,159.00,6.916,6.164,268,304210,178.0,21.48,1.10,20.40
10.756,1,159.00,6.916,6.735,268,304210,178.0,21.49,1.10,20.40
10.763,1,159.00,6.916,7.066,268,304210,178.0,21.50,1.10,20.40
10.771,1,159.00,6.916,6.676,269,304330,178.0,21.52,1.10,20.40
10.778,1,159.00,6.916,6.840,269,304330,178.0,21.53,1.10,20.40
10.786,1,159.00,6.916,7.207,270,308754,178.0,21.54,1.09,20.40
10.793,1,159.00,6.916,6.741,270,308754,178.0,21.55,1.09,20.40
10.801,1,159.00,6.916,6.620,272,309194,178.0,21.57,1.09,20.40
10.808,1,159.00,6.916,6.645,272,309194,178.0,21.58,1.09,20.40
10.815,1,159.00,6.916,6.945,272,309194,178.0,21.59,1.09,20.40
10.823,1,159.00,6.916,6.648,272,309194,178.0,21.60,1.09,20.40
10.830,1,159.00,6.916,7.026,271,312610,178.0,21.62,1.09,20.40
10.838,1,159.00,6.916,7.046,271,312610,178.0,21.63,1.09,20.40
10.845,1,159.00,6.916,6.721,271,312610,178.0,21.64,1.09,20.40
10.853,1,159.00,6.916,7.094,272,313002,178.0,21.66,1.09,20.40
10.860,1,159.00,6.916,7.084,272,313002,178.0,21.67,1.09,20.40
10.868,1,159.00,6.916,6.602,273,316362,178.0,21.68,1.09,20.40
10.875,1,159.00,6.916,7.206,273,316362,178.0,21.69,1.09,20.40
10.882,1,159.00,6.916,6.596,273,316362,178.0,21.71,1.09,20.40
10.890,1,159.00,6.916,6.592,272,316250,178.0,21.72,1.09,20.40
10.897,1,159.00,6.916,6.966,271,316138,178.0,21.73,1.09,20.40
10.905,1,159.00,6.916,6.750,271,316138,178.0,21.74,1.09,20.40
10.912,1,159.00,6.916,6.995,271,316138,178.0,21.76,1.09,20.40
10.919,1,159.00,6.916,6.896,271,316138,178.0,21.77,1.09,20.40
10.927,1,159.00,6.916,7.022,274,316378,178.0,21.78,1.09,20.40
10.934,1,159.00,6.916,6.643,274,316378,178.0,21.79,1.09,20.40
10.942,1,159.00,6.916,6.656,274,316378,178.0,21.81,1.09,20.40
10.949,1,159.00,6.916,7.039,274,316378,178.0,21.82,1.08,20.40
10.957,1,159.00,6.916,6.683,274,316378,178.0,21.83,1.08,20.40
10.964,1,159.00,6.916,6.653,274,316378,178.0,21.84,1.08,20.40
10.971,1,159.00,6.916,6.683,274,316378,178.0,21.86,1.08,20.40
10.979,1,159.00,6.916,6.760,274,316378,178.0,21.87,1.08,20.40
10.986,1,158.00,7.852,6.778,274,316378,178.0,21.88,1.08,20.40
10.994,1,158.00,7.852,6.807,274,316378,178.0,21.89,1.08,20.40
11.001,1,158.00,7.852,6.775,274,316378,178.0,21.91,1.08,20.40
11.008,1,158.00,7.852,6.802,274,316378,178.0,21.92,1.08,20.40
11.016,1,158.00,7.852,6.801,274,316378,178.0,21.93,1.08,20.40
11.023,1,158.00,7.852,6.824,274,316378,178.0,21.95,1.08,20.40
11.031,1,158.00,7.852,6.823,273,314474,178.0,21.96,1.08,20.40
11.038,1,158.00,7.852,7.254,273,314474,178.0,21.97,1.08,20.40
11.045,1,158.00,7.852,7.434,273,314474,178.0,21.98,1.08,20.40
11.053,1,158.00,7.852,7.437,273,314474,178.0,22.00,1.08,20.40
11.061,1,158.00,7.852,7.055,273,314474,178.0,22.01,1.08,20.40
11.068,1,158.00,7.852,7.079,273,314474,178.0,22.02,1.08,20.40
11.076,1,158.00,7.852,6.811,273,314474,178.0,22.03,1.08,20.40
11.083,1,158.00,7.852,6.782,273,314474,178.0,22.05,1.08,20.40
11.091,1,158.00,7.852,7.020,274,314530,178.0,22.06,1.08,20.40
11.098,1,158.00,7.852,6.897,274,314530,178.0,22.07,1.08,20.40
11.106,1,158.00,7.852,6.908,274,314530,178.0,22.09,1.08,20.40
11.114,1,158.00,7.852,6.914,274,314530,178.0,22.10,1.08,20.40
11.121,1,158.00,7.852,7.505,274,314530,178.0,22.11,1.08,20.40
11.129,1,158.00,7.852,7.506,274,314530,178.0,22.12,1.08,20.40
11.136,1,158.00,7.852,6.934,273,305906,178.0,22.14,1.08,20.40
11.144,1,158.00,7.852,7.505,273,305906,178.0,22.15,1.08,20.40
11.152,1,158.00,7.852,6.958,273,305906,178.0,22.16,1.08,20.40
11.160,1,158.00,7.852,7.442,273,305906,178.0,22.18,1.08,20.40
11.167,1,158.00,7.852,6.979,273,305906,178.0,22.19,1.08,20.40
11.175,1,158.00,7.852,7.024,273,305906,178.0,22.20,1.08,20.40
11.183,1,158.00,7.852,7.574,271,295602,178.0,22.22,1.08,20.40
11.192,1,158.00,7.852,6.969,271,295602,178.0,22.23,1.08,20.40
11.200,1,158.00,7.852,7.497,271,295602,178.0,22.25,1.08,20.40
11.208,1,158.00,7.852,7.596,270,283786,178.0,22.26,1.08,20.40
11.217,1,158.00,7.852,7.018,270,283786,178.0,22.27,1.08,20.40
11.225,1,158.00,7.852,7.028,271,283906,178.0,22.29,1.08,20.40
11.233,1,158.00,7.852,7.041,271,283906,178.0,22.30,1.08,20.40
11.242,1,158.00,7.852,7.046,271,283906,178.0,22.32,1.08,20.40
11.250,1,158.00,7.852,7.053,270,275282,178.0,22.33,1.08,20.40
11.258,1,158.00,7.852,7.089,270,275282,178.0,22.34,1.08,20.40
11.267,1,158.00,7.852,7.117,270,275282,178.0,22.36,1.08,20.40
11.275,1,158.00,7.852,7.128,270,275282,178.0,22.37,1.08,20.40
11.283,1,158.00,7.852,7.138,270,263918,178.0,22.39,1.08,20.40
11.291,1,158.00,7.852,7.138,270,256274,178.0,22.40,1.08,20.40
11.299,1,158.00,7.852,7.150,271,256330,178.0,22.41,1.08,20.40
11.307,1,158.00,7.852,7.147,272,256386,178.0,22.43,1.08,20.40
11.315,1,158.00,7.852,7.184,272,256386,178.0,22.44,1.08,20.40
11.323,1,158.00,7.852,7.171,272,256386,178.0,22.45,1.08,20.40
11.330,1,158.00,7.852,7.140,272,256386,178.0,22.47,1.08,20.40
11.338,1,158.00,7.852,7.195,272,256386,178.0,22.48,1.08,20.40
11.346,1,158.00,7.852,7.239,272,256386,178.0,22.49,1.08,20.40
11.354,1,158.00,7.852,7.256,272,256386,178.0,22.51,1.08,20.40
11.361,1,158.00,7.852,7.259,271,255098,178.0,22.52,1.08,20.40
11.369,1,158.00,7.852,7.249,271,255098,178.0,22.53,1.08,20.40
11.377,1,158.00,7.852,7.262,271,255098,178.0,22.55,1.08,20.40
11.385,1,158.00,7.852,7.296,271,255098,178.0,22.56,1.08,20.40
11.393,1,158.00,7.852,7.289,271,255098,178.0,22.57,1.08,20.40
11.401,1,158.00,7.852,7.290,272,255218,178.0,22.59,1.08,20.40
11.408,1,158.00,7.852,7.306,272,255218,178.0,22.60,1.09,20.40
11.416,1,158.00,7.852,7.313,272,255218,178.0,22.61,1.09,20.40
11.424,1,158.00,7.852,7.297,272,255218,178.0,22.63,1.09,20.40
11.432,1,158.00,7.852,7.312,272,255218,178.0,22.64,1.09,20.40
11.440,1,158.00,7.852,7.325,272,255218,178.0,22.65,1.09,20.40
11.448,1,158.00,7.852,7.373,273,255498,178.0,22.67,1.09,20.40
11.456,1,158.00,7.852,7.400,273,255498,178.0,22.68,1.09,20.40
11.464,1,158.00,7.852,7.380,273,255498,178.0,22.69,1.09,20.40
11.472,1,158.00,7.852,7.391,272,255442,178.0,22.71,1.09,20.40
11.480,1,158.00,7.852,7.401,272,255442,178.0,22.72,1.09,20.40
11.487,1,158.00,7.852,7.417,272,255442,178.0,22.73,1.09,20.40
11.495,1,158.00,7.852,7.413,272,255442,178.0,22.75,1.09,20.40
11.503,1,158.00,7.852,7.417,273,255562,178.0,22.76,1.09,20.40
11.511,1,158.00,7.852,7.441,272,244642,178.0,22.78,1.09,20.40
11.519,1,158.00,7.852,7.436,271,244474,178.0,22.79,1.09,20.40
11.527,1,158.00,7.852,7.445,271,244474,178.0,22.80,1.09,20.40
11.535,1,158.00,7.852,7.474,274,276134,178.0,22.81,1.09,20.41
11.543,1,158.00,7.852,7.417,274,276134,178.0,22.82,1.09,20.42
11.551,1,158.00,7.852,7.411,274,265102,178.0,22.83,1.09,20.43
11.559,1,158.00,7.852,7.419,274,265102,178.0,22.84,1.09,20.44
11.567,1,158.00,7.852,7.415,272,255414,178.0,22.85,1.09,20.45
11.575,1,158.00,7.852,7.420,272,255414,178.0,22.86,1.09,20.46
11.583,1,158.00,7.852,7.436,271,254910,178.0,22.87,1.09,20.47
11.591,1,158.00,7.852,7.443,271,254910,178.0,22.88,1.09,20.48
11.599,1,158.00,7.852,7.425,271,254910,178.0,22.89,1.09,20.49
11.607,1,158.00,7.852,7.395,271,254910,178.0,22.90,1.10,20.50
11.615,1,158.00,7.852,7.442,270,254798,178.0,22.91,1.10,20.51
11.623,1,158.00,7.852,7.433,270,254798,178.0,22.92,1.10,20.52
11.631,1,158.00,7.852,7.388,270,254798,178.0,22.93,1.10,20.53
11.639,1,158.00,7.852,7.443,270,254798,178.0,22.94,1.10,20.54
11.647,1,158.00,7.852,7.423,270,254798,178.0,22.95,1.10,20.55
11.655,1,158.00,7.852,7.423,270,254798,178.0,22.95,1.10,20.55
11.663,1,158.00,7.852,7.425,270,254750,178.0,22.96,1.10,20.56
11.671,1,158.00,7.852,7.405,270,254750,178.0,22.97,1.10,20.57
11.679,1,158.00,7.852,7.388,270,254750,178.0,22.98,1.10,20.58
11.686,1,158.00,7.852,7.432,270,254750,178.0,22.99,1.10,20.59
11.694,1,158.00,7.852,7.416,270,254750,178.0,23.00,1.10,20.60
11.702,1,158.00,7.852,7.407,268,254134,178.0,23.01,1.10,20.61
11.710,1,158.00,7.852,7.394,267,252846,178.0,23.02,1.10,20.62
11.718,1,158.00,7.852,7.413,266,241926,178.0,23.03,1.10,20.63
11.726,1,158.00,7.852,7.412,266,241926,178.0,23.04,1.10,20.64
11.734,1,158.00,7.852,7.398,268,242134,178.0,23.05,1.10,20.65
11.742,1,158.00,7.852,7.396,268,242134,178.0,23.06,1.10,20.66
11.750,1,158.00,7.852,7.390,268,242134,178.0,23.07,1.10,20.67
11.758,1,158.00,7.852,7.390,267,231158,178.0,23.08,1.10,20.68
11.766,1,158.00,7.852,7.373,267,231158,178.0,23.09,1.10,20.69
11.774,1,158.00,7.852,7.393,267,231158,178.0,23.10,1.10,20.70
11.782,1,158.00,7.852,7.375,267,231158,178.0,23.11,1.10,20.71
11.789,1,158.00,7.852,7.401,267,231158,178.0,23.12,1.10,20.72
11.798,1,158.00,7.852,7.365,267,231158,178.0,23.13,1.10,20.73
11.805,1,158.00,7.852,7.383,267,231158,178.0,23.14,1.10,20.74
11.813,1,158.00,7.852,7.393,267,231158,178.0,23.15,1.10,20.75
11.821,1,158.00,7.852,7.379,266,230990,178.0,23.15,1.10,20.75
11.829,1,158.00,7.852,7.375,265,230822,178.0,23.16,1.10,20.76
11.837,1,158.00,7.852,7.354,265,230822,178.0,23.17,1.10,20.77
11.845,1,158.00,7.852,7.365,266,230870,178.0,23.18,1.10,20.78
11.853,1,158.00,7.852,7.379,267,230942,178.0,23.19,1.10,20.79
11.861,1,158.00,7.852,7.386,267,230942,178.0,23.20,1.10,20.80
11.869,1,158.00,7.852,7.416,267,230942,178.0,23.21,1.10,20.81
11.876,1,158.00,7.852,5.893,266,229486,178.0,23.22,1.10,20.82
11.882,1,158.00,7.852,5.841,266,229486,178.0,23.23,1.10,20.83
11.890,1,158.00,7.852,5.814,266,229486,178.0,23.24,1.10,20.84
11.898,1,158.00,7.852,5.847,266,229486,178.0,23.25,1.10,20.85
11.905,1,158.00,7.852,5.859,266,229486,178.0,23.26,1.10,20.86
11.913,1,158.00,7.852,5.851,266,229486,178.0,23.26,1.10,20.86
11.920,1,158.00,7.852,5.838,266,229486,178.0,23.27,1.10,20.87
11.928,1,158.00,7.852,5.844,266,229486,178.0,23.28,1.10,20.88
11.935,1,158.00,7.852,5.864,266,229486,178.0,23.29,1.10,20.89
11.941,1,158.00,7.852,5.849,266,229486,178.0,23.30,1.10,20.90
11.947,1,158.00,7.852,5.831,266,229486,178.0,23.31,1.09,20.91
11.954,1,158.00,7.852,5.830,265,229430,178.0,23.31,1.09,20.91
11.960,1,158.00,7.852,5.874,265,229430,178.0,23.32,1.09,20.92
11.967,1,158.00,7.852,5.841,266,229466,178.0,23.33,1.09,20.93
11.973,1,158.00,7.852,5.856,266,229466,178.0,23.34,1.09,20.94
11.980,1,158.00,7.852,5.855,266,229466,178.0,23.35,1.09,20.95
11.986,1,158.00,7.852,5.854,266,229466,178.0,23.35,1.09,20.95
11.992,1,158.00,7.852,5.847,266,229466,178.0,23.36,1.09,20.96
11.999,1,158.00,7.852,5.860,266,229466,178.0,23.37,1.09,20.97
12.005,1,132.00,8.052,5.865,265,229410,178.0,23.38,1.09,20.98
12.011,1,132.00,8.052,6.129,265,229410,178.0,23.38,1.09,20.98
12.017,1,132.00,8.052,6.142,265,229410,178.0,23.39,1.09,20.99
12.024,1,132.00,8.052,6.143,265,229410,178.0,23.40,1.09,21.00
12.030,1,132.00,8.052,6.085,266,229466,178.0,23.41,1.09,21.00
12.036,1,132.00,8.052,6.153,268,229666,178.0,23.42,1.09,21.00
12.042,1,132.00,8.052,6.266,268,229666,178.0,23.43,1.09,21.00
12.049,1,132.00,8.052,6.255,268,229666,178.0,23.44,1.09,21.00
12.055,1,132.00,8.052,6.265,268,229666,178.0,23.45,1.09,21.00
12.061,1,132.00,8.052,6.280,270,229786,178.0,23.46,1.09,21.00
12.067,1,132.00,8.052,6.272,270,229786,178.0,23.47,1.09,21.00
12.074,1,132.00,8.052,6.309,270,229786,178.0,23.48,1.09,21.00
12.080,1,132.00,8.052,6.295,270,229786,178.0,23.49,1.09,21.00
12.086,1,132.00,8.052,6.288,270,229786,178.0,23.50,1.09,21.00
12.092,1,132.00,8.052,6.311,270,229786,178.0,23.51,1.09,21.00
12.099,1,132.00,8.052,6.317,270,229786,178.0,23.53,1.09,21.00
12.106,1,132.00,8.052,6.332,270,229786,178.0,23.54,1.09,21.00
12.112,1,132.00,8.052,6.306,270,229786,178.0,23.55,1.09,21.00
12.119,1,132.00,8.052,6.325,270,229786,178.0,23.56,1.08,21.00
12.126,1,132.00,8.052,6.315,270,229786,178.0,23.57,1.08,21.00
12.132,1,132.00,8.052,6.510,270,229786,178.0,23.58,1.08,21.00
12.139,1,132.00,8.052,6.305,269,229450,178.0,23.59,1.08,21.00
12.146,1,132.00,8.052,6.500,269,229450,178.0,23.61,1.08,21.00
12.152,1,132.00,8.052,6.298,268,227994,178.0,23.62,1.08,21.00
12.159,1,132.00,8.052,6.475,269,228162,178.0,23.63,1.08,21.00
12.166,1,132.00,8.052,6.262,269,228162,178.0,23.64,1.08,21.00
12.172,1,132.00,8.052,6.457,269,228162,178.0,23.65,1.08,21.00
12.179,1,132.00,8.052,6.271,270,228186,178.0,23.66,1.08,21.00
12.186,1,132.00,8.052,6.275,270,228186,178.0,23.67,1.08,21.00
12.192,1,132.00,8.052,6.277,270,228186,178.0,23.68,1.08,21.00
12.199,1,132.00,8.052,6.263,270,228186,178.0,23.70,1.08,21.00
12.206,1,132.00,8.052,6.461,271,228306,178.0,23.71,1.08,21.00
12.212,1,132.00,8.052,6.261,271,228306,178.0,23.72,1.08,21.00
12.219,1,132.00,8.052,6.280,271,228306,178.0,23.73,1.08,21.00
12.226,1,132.00,8.052,6.281,271,228306,178.0,23.74,1.08,21.00
12.232,1,132.00,8.052,6.499,271,228306,178.0,23.75,1.08,21.00
12.239,1,132.00,8.052,6.247,271,228306,178.0,23.76,1.08,21.00
12.246,1,132.00,8.052,6.228,272,228378,178.0,23.78,1.08,21.00
12.252,1,132.00,8.052,6.234,272,228378,178.0,23.79,1.08,21.00
12.259,1,132.00,8.052,6.466,271,228042,178.0,23.80,1.08,21.00
12.266,1,132.00,8.052,6.527,271,228042,178.0,23.81,1.08,21.00
12.272,1,132.00,8.052,6.310,271,228042,178.0,23.82,1.08,21.00
12.279,1,132.00,8.052,6.548,271,228042,178.0,23.83,1.08,21.00
12.286,1,132.00,8.052,6.318,271,228042,178.0,23.84,1.08,21.00
12.293,1,132.00,8.052,6.505,271,228042,178.0,23.85,1.07,21.00
12.300,1,132.00,8.052,6.274,271,228042,178.0,23.87,1.07,21.00
12.307,1,132.00,8.052,6.292,271,228042,178.0,23.88,1.07,21.00
12.313,1,132.00,8.052,6.355,271,228042,178.0,23.89,1.07,21.00
12.320,1,132.00,8.052,6.293,271,228042,178.0,23.90,1.07,21.00
12.327,1,132.00,8.052,6.286,271,228042,178.0,23.91,1.07,21.00
12.334,1,132.00,8.052,6.390,271,228042,178.0,23.93,1.07,21.00
12.341,1,132.00,8.052,6.307,271,228042,178.0,23.94,1.07,21.00
12.348,1,132.00,8.052,6.337,271,228042,178.0,23.95,1.07,21.00
12.355,1,132.00,8.052,6.303,271,228042,178.0,23.96,1.07,21.00
12.362,1,132.00,8.052,6.312,271,228042,178.0,23.97,1.07,21.00
12.369,1,132.00,8.052,6.498,271,228042,178.0,23.98,1.07,21.00
12.376,1,132.00,8.052,6.513,271,228042,178.0,24.00,1.07,21.00
12.383,1,132.00,8.052,6.400,271,228042,178.0,24.01,1.07,21.00
12.390,1,132.00,8.052,6.497,271,228042,178.0,24.02,1.07,21.00
12.397,1,132.00,8.052,6.546,271,228042,178.0,24.03,1.07,21.00
12.404,1,132.00,8.052,6.530,273,228690,178.0,24.04,1.07,21.00
12.412,1,132.00,8.052,6.530,273,228690,178.0,24.06,1.07,21.00
12.419,1,132.00,8.052,6.507,273,228690,178.0,24.07,1.07,21.00
12.426,1,132.00,8.052,6.516,273,228690,178.0,24.08,1.07,21.00
12.433,1,132.00,8.052,6.548,273,228690,178.0,24.09,1.07,21.00
12.440,1,132.00,8.052,6.506,273,228690,178.0,24.11,1.07,21.00
12.447,1,132.00,8.052,6.325,273,228690,178.0,24.12,1.07,21.00
12.454,1,132.00,8.052,6.500,275,229050,178.0,24.13,1.07,21.00
12.462,1,132.00,8.052,6.528,275,229050,178.0,24.14,1.07,21.00
12.469,1,132.00,8.052,6.578,275,229050,178.0,24.15,1.07,21.00
12.476,1,132.00,8.052,6.563,276,229218,178.0,24.17,1.07,21.00
12.483,1,132.00,8.052,6.595,276,229218,178.0,24.18,1.07,21.00
12.490,1,132.00,8.052,6.567,276,229218,178.0,24.19,1.07,21.00
12.497,1,132.00,8.052,6.569,276,229218,178.0,24.20,1.07,21.00
12.504,1,132.00,8.052,6.513,276,229218,178.0,24.21,1.07,21.00
12.512,1,132.00,8.052,6.516,276,229218,178.0,24.23,1.07,21.00
12.519,1,132.00,8.052,6.536,276,229218,178.0,24.24,1.07,21.00
12.526,1,132.00,8.052,6.554,276,229218,178.0,24.25,1.07,21.00
12.533,1,132.00,8.052,6.519,276,229218,178.0,24.26,1.07,21.00
12.540,1,132.00,8.052,6.542,276,229218,178.0,24.28,1.07,21.00
12.547,1,132.00,8.052,6.514,276,229218,178.0,24.29,1.07,21.00
12.554,1,132.00,8.052,6.510,276,229218,178.0,24.30,1.07,21.00
12.562,1,132.00,8.052,6.530,276,229218,178.0,24.31,1.07,21.00
12.569,1,132.00,8.052,6.556,276,229218,178.0,24.32,1.07,21.00
12.576,1,132.00,8.052,6.246,276,229218,178.0,24.34,1.07,21.00
12.583,1,132.00,8.052,6.511,275,228882,178.0,24.35,1.07,21.00
12.590,1,132.00,8.052,6.562,274,226450,178.0,24.36,1.07,21.00
12.597,1,132.00,8.052,6.581,274,226450,178.0,24.37,1.07,21.00
12.604,1,132.00,8.052,6.595,276,227138,178.0,24.38,1.08,21.00
12.612,1,132.00,8.052,6.565,276,227138,178.0,24.40,1.08,21.00
12.619,1,132.00,8.052,6.557,276,227138,178.0,24.41,1.08,21.00
12.626,1,132.00,8.052,6.564,277,227174,178.0,24.42,1.08,21.00
12.633,1,132.00,8.052,6.293,277,227174,178.0,24.43,1.08,21.00
12.640,1,132.00,8.052,6.254,277,227174,178.0,24.45,1.08,21.00
12.647,1,132.00,8.052,6.287,277,227174,178.0,24.46,1.08,21.00
12.654,1,132.00,8.052,6.321,277,227174,178.0,24.47,1.08,21.00
12.662,1,132.00,8.052,6.274,278,227622,178.0,24.48,1.08,21.00
12.669,1,132.00,8.052,6.264,279,228378,178.0,24.49,1.08,21.00
12.676,1,132.00,8.052,6.278,279,228378,178.0,24.51,1.08,21.00
12.683,1,132.00,8.052,6.284,279,228378,178.0,24.52,1.08,21.00
12.690,1,132.00,8.052,6.261,279,228378,178.0,24.53,1.08,21.00
12.697,1,132.00,8.052,6.277,279,228378,178.0,24.54,1.08,21.00
12.704,1,132.00,8.052,6.273,279,228378,178.0,24.55,1.08,21.00
12.712,1,132.00,8.052,6.247,279,228378,178.0,24.57,1.08,21.00
12.719,1,132.00,8.052,6.291,279,228378,178.0,24.58,1.08,21.00
12.726,1,132.00,8.052,6.279,278,225946,178.0,24.59,1.08,21.00
12.733,1,132.00,8.052,6.301,278,225946,178.0,24.60,1.08,21.00
12.740,1,132.00,8.052,6.344,277,229282,178.0,24.62,1.08,21.00
12.747,1,132.00,8.052,6.388,277,229282,178.0,24.63,1.08,21.00
12.754,1,132.00,8.052,6.377,278,229450,178.0,24.64,1.08,21.00
12.762,1,132.00,8.052,6.387,278,229450,178.0,24.65,1.08,21.00
12.769,1,132.00,8.052,6.380,278,229450,178.0,24.66,1.08,21.00
12.776,1,132.00,8.052,6.365,278,229450,178.0,24.68,1.08,21.00
12.783,1,132.00,8.052,6.369,277,227018,178.0,24.69,1.08,21.00
12.790,1,132.00,8.052,6.382,277,227018,178.0,24.70,1.08,21.00
12.797,1,132.00,8.052,6.369,277,227018,178.0,24.71,1.08,21.00
12.804,1,132.00,8.052,6.377,277,227018,178.0,24.72,1.09,21.00
12.812,1,132.00,8.052,6.373,276,226682,178.0,24.74,1.09,21.00
12.819,1,132.00,8.052,6.374,276,226682,178.0,24.75,1.09,21.00
12.826,1,132.00,8.052,6.372,276,226682,178.0,24.76,1.09,21.00
12.833,1,132.00,8.052,6.367,276,226682,178.0,24.77,1.09,21.00
12.840,1,132.00,8.052,6.393,276,226682,178.0,24.79,1.09,21.00
12.847,1,132.00,8.052,6.393,276,226682,178.0,24.80,1.09,21.00
12.854,1,132.00,8.052,6.357,276,226682,178.0,24.81,1.09,21.00
12.862,1,132.00,8.052,6.391,277,226794,178.0,24.82,1.09,21.00
12.869,1,132.00,8.052,6.437,277,226794,178.0,24.83,1.09,21.00
12.876,1,132.00,8.052,6.439,277,226794,178.0,24.85,1.09,21.00
12.883,1,132.00,8.052,6.389,277,226794,178.0,24.86,1.09,21.00
12.890,1,132.00,8.052,6.414,277,226794,178.0,24.87,1.09,21.00
12.897,1,132.00,8.052,6.379,277,226794,178.0,24.88,1.09,21.00
12.904,1,132.00,8.052,6.471,277,226794,178.0,24.89,1.09,21.00
12.911,1,132.00,8.052,6.488,277,226794,178.0,24.91,1.09,21.00
12.918,1,132.00,8.052,6.477,277,226794,178.0,24.92,1.09,21.00
12.925,1,132.00,8.052,6.453,277,226794,178.0,24.93,1.09,21.00
12.932,1,132.00,8.052,6.514,277,226794,178.0,24.94,1.09,21.00
12.939,1,132.00,8.052,6.436,277,226794,178.0,24.95,1.09,21.00
12.946,1,132.00,8.052,6.423,277,226794,178.0,24.97,1.09,21.00
12.953,1,132.00,8.052,6.364,277,226794,178.0,24.98,1.09,21.00
12.960,1,132.00,8.052,6.365,277,226794,178.0,24.99,1.09,21.00
12.967,1,132.00,8.052,6.383,278,227186,178.0,25.00,1.09,21.00
12.974,1,132.00,8.052,6.374,278,227186,178.0,25.01,1.09,21.00
12.981,1,132.00,8.052,6.372,278,227186,178.0,25.03,1.09,21.00
12.988,1,132.00,8.052,6.344,278,227186,178.0,25.04,1.09,21.00
12.995,1,143.00,7.215,6.401,278,227186,178.0,25.05,1.09,21.00
13.002,1,143.00,7.215,6.349,278,227186,178.0,25.06,1.09,21.00
13.009,1,143.00,7.215,6.347,278,227186,178.0,25.07,1.09,21.00
13.016,1,143.00,7.215,6.372,278,227186,178.0,25.09,1.09,21.00
13.023,1,143.00,7.215,6.417,278,227186,178.0,25.10,1.09,21.00
13.030,1,143.00,7.215,6.362,278,227186,178.0,25.11,1.09,21.00
13.037,1,143.00,7.215,6.387,279,227242,178.0,25.12,1.09,21.00
13.044,1,143.00,7.215,6.390,279,227242,178.0,25.13,1.09,21.00
13.051,1,143.00,7.215,6.335,279,227242,178.0,25.14,1.09,21.00
13.058,1,143.00,7.215,6.343,279,227242,178.0,25.16,1.09,21.00
13.065,1,143.00,7.215,6.313,278,226962,178.0,25.17,1.09,21.00
13.072,1,143.00,7.215,6.349,279,227034,178.0,25.18,1.09,21.00
13.079,1,143.00,7.215,6.323,279,227034,178.0,25.19,1.09,21.00
13.086,1,143.00,7.215,6.629,279,227034,178.0,25.20,1.09,21.00
13.093,1,143.00,7.215,6.309,281,227594,178.0,25.21,1.09,21.01
13.100,1,143.00,7.215,6.306,281,227594,178.0,25.22,1.09,21.02
13.107,1,143.00,7.215,6.390,281,227594,178.0,25.23,1.09,21.03
13.114,1,143.00,7.215,6.313,281,227594,178.0,25.24,1.09,21.04
13.121,1,143.00,7.215,6.313,281,227594,178.0,25.24,1.09,21.04
13.128,1,143.00,7.215,6.308,281,227594,178.0,25.25,1.09,21.05
13.135,1,143.00,7.215,6.328,281,227594,178.0,25.26,1.09,21.06
13.142,1,143.00,7.215,6.307,281,227594,178.0,25.27,1.09,21.07
13.149,1,143.00,7.215,6.277,281,227594,178.0,25.28,1.09,21.08
13.156,1,143.00,7.215,6.262,281,227594,178.0,25.29,1.09,21.09
13.163,1,143.00,7.215,6.256,281,227594,178.0,25.29,1.09,21.09
13.170,1,143.00,7.215,6.248,280,227516,178.0,25.30,1.09,21.10
13.177,1,143.00,7.215,6.258,280,227516,178.0,25.31,1.09,21.11
13.184,1,143.00,7.215,6.269,280,227516,178.0,25.32,1.09,21.12
13.191,1,143.00,7.215,6.219,280,227516,178.0,25.33,1.09,21.13
13.197,1,143.00,7.215,6.229,280,227516,178.0,25.34,1.09,21.14
13.204,1,143.00,7.215,6.236,280,227516,178.0,25.34,1.09,21.14
13.211,1,143.00,7.215,6.215,280,227516,178.0,25.35,1.09,21.15
13.218,1,143.00,7.215,6.207,280,227516,178.0,25.36,1.09,21.16
13.225,1,143.00,7.215,6.185,280,227516,178.0,25.37,1.09,21.17
13.232,1,143.00,7.215,6.204,280,227516,178.0,25.38,1.09,21.18
13.239,1,143.00,7.215,6.169,280,227516,178.0,25.39,1.09,21.19
13.246,1,143.00,7.215,6.183,280,227516,178.0,25.39,1.09,21.19
13.253,1,143.00,7.215,6.177,280,227516,178.0,25.40,1.09,21.20
13.260,1,143.00,7.215,6.152,280,227516,178.0,25.41,1.09,21.21
13.267,1,143.00,7.215,6.114,280,227516,178.0,25.42,1.09,21.22
13.274,1,143.00,7.215,6.128,280,227516,178.0,25.43,1.09,21.23
13.281,1,143.00,7.215,6.111,280,227516,178.0,25.44,1.08,21.24
13.288,1,143.00,7.215,6.026,280,227516,178.0,25.44,1.08,21.24
13.295,1,143.00,7.215,6.002,280,227516,178.0,25.45,1.08,21.25
13.302,1,143.00,7.215,6.039,280,227516,178.0,25.46,1.08,21.26
13.309,1,143.00,7.215,6.009,280,227516,178.0,25.47,1.08,21.27
13.316,1,143.00,7.215,6.002,280,227516,178.0,25.48,1.08,21.28
13.322,1,143.00,7.215,5.974,280,227516,178.0,25.49,1.08,21.29
13.329,1,143.00,7.215,5.989,280,227516,178.0,25.50,1.08,21.30
13.336,1,143.00,7.215,5.970,281,231498,178.0,25.50,1.08,21.30
13.343,1,143.00,7.215,5.956,282,231666,178.0,25.51,1.08,21.31
13.350,1,143.00,7.215,5.939,282,231666,178.0,25.52,1.08,21.32
13.357,1,143.00,7.215,5.937,282,231666,178.0,25.53,1.08,21.33
13.364,1,143.00,7.215,5.921,283,231778,178.0,25.54,1.08,21.34
13.371,1,143.00,7.215,5.920,287,231950,178.0,25.55,1.08,21.35
13.378,1,143.00,7.215,5.877,287,231950,178.0,25.55,1.08,21.35
13.385,1,143.00,7.215,5.883,287,231950,178.0,25.56,1.08,21.36
13.392,1,143.00,7.215,5.891,287,231950,178.0,25.57,1.08,21.37
13.399,1,143.00,7.215,5.837,288,231998,178.0,25.58,1.08,21.38
13.405,1,143.00,7.215,5.863,288,231998,178.0,25.59,1.08,21.39
13.412,1,143.00,7.215,5.824,286,231942,178.0,25.59,1.08,21.39
13.418,1,143.00,7.215,5.851,286,231942,178.0,25.60,1.08,21.40
13.425,1,143.00,7.215,5.804,286,231942,178.0,25.61,1.08,21.41
13.431,1,143.00,7.215,5.810,286,231942,178.0,25.62,1.08,21.42
13.437,1,143.00,7.215,5.788,286,231942,178.0,25.62,1.08,21.42
13.444,1,143.00,7.215,5.794,286,231942,178.0,25.63,1.07,21.43
13.450,1,143.00,7.215,5.772,286,231942,178.0,25.64,1.07,21.44
13.456,1,143.00,7.215,5.774,287,234122,178.0,25.65,1.07,21.45
13.463,1,143.00,7.215,5.722,288,235298,178.0,25.66,1.07,21.46
13.469,1,143.00,7.215,5.795,288,235298,178.0,25.66,1.07,21.46
13.475,1,143.00,7.215,5.885,288,235298,178.0,25.67,1.07,21.47
13.482,1,143.00,7.215,5.777,288,235298,178.0,25.68,1.07,21.48
13.488,1,143.00,7.215,5.760,288,235298,178.0,25.69,1.07,21.49
13.494,1,143.00,7.215,5.768,288,235298,178.0,25.69,1.07,21.49
13.500,1,143.00,7.215,5.833,288,235298,178.0,25.70,1.07,21.50
13.507,1,143.00,7.215,5.714,287,235130,178.0,25.71,1.07,21.51
13.513,1,143.00,7.215,5.734,284,246898,178.0,25.72,1.07,21.52
13.519,1,143.00,7.215,5.833,284,246898,178.0,25.72,1.07,21.52
13.525,1,143.00,7.215,5.658,284,246898,178.0,25.73,1.07,21.53
13.532,1,143.00,7.215,5.710,284,246898,178.0,25.74,1.07,21.54
13.538,1,143.00,7.215,5.639,284,246898,178.0,25.75,1.07,21.55
13.544,1,143.00,7.215,5.612,287,259330,178.0,25.75,1.07,21.55
13.550,1,143.00,7.215,5.654,287,259330,178.0,25.76,1.07,21.56
13.557,1,143.00,7.215,5.687,286,259274,178.0,25.77,1.07,21.57
13.563,1,143.00,7.215,5.652,286,259274,178.0,25.78,1.07,21.58
13.569,1,143.00,7.215,5.631,283,259046,178.0,25.78,1.07,21.58
13.575,1,143.00,7.215,5.699,284,259550,178.0,25.79,1.07,21.59
13.582,1,143.00,7.215,5.715,284,259550,178.0,25.80,1.07,21.60
13.588,1,143.00,7.215,5.606,285,260210,178.0,25.81,1.07,21.60
13.594,1,143.00,7.215,5.610,286,260938,178.0,25.82,1.07,21.60
13.600,1,143.00,7.215,5.597,286,260938,178.0,25.83,1.07,21.60
13.606,1,143.00,7.215,5.548,286,260938,178.0,25.84,1.07,21.60
13.613,1,143.00,7.215,5.556,286,260938,178.0,25.85,1.07,21.60
13.619,1,143.00,7.215,5.600,286,260938,178.0,25.86,1.07,21.60
13.625,1,143.00,7.215,5.604,287,261118,178.0,25.87,1.07,21.60
13.631,1,143.00,7.215,5.610,287,261118,178.0,25.88,1.07,21.60
13.637,1,143.00,7.215,5.629,287,261118,178.0,25.89,1.07,21.60
13.643,1,143.00,7.215,5.587,287,261118,178.0,25.90,1.07,21.60
13.649,1,143.00,7.215,5.544,287,261118,178.0,25.91,1.07,21.60
13.656,1,143.00,7.215,5.568,287,261118,178.0,25.92,1.07,21.60
13.662,1,143.00,7.215,5.596,287,261118,178.0,25.93,1.07,21.60
13.668,1,143.00,7.215,5.587,288,262350,178.0,25.94,1.07,21.60
13.674,1,143.00,7.215,5.558,288,262350,178.0,25.95,1.07,21.60
13.680,1,143.00,7.215,5.571,288,262350,178.0,25.96,1.07,21.60
13.686,1,143.00,7.215,5.574,288,262350,178.0,25.98,1.07,21.60
13.692,1,143.00,7.215,5.568,288,262350,178.0,25.99,1.07,21.60
13.698,1,143.00,7.215,5.546,288,262350,178.0,26.00,1.07,21.60
13.704,1,143.00,7.215,5.659,288,262350,178.0,26.01,1.07,21.60
13.710,1,143.00,7.215,5.566,288,262350,178.0,26.02,1.07,21.60
13.716,1,143.00,7.215,5.572,288,262350,178.0,26.03,1.07,21.60
13.723,1,143.00,7.215,5.599,288,262350,178.0,26.04,1.07,21.60
13.729,1,143.00,7.215,5.577,289,263470,178.0,26.05,1.07,21.60
13.735,1,143.00,7.215,5.573,289,263470,178.0,26.06,1.07,21.60
13.741,1,143.00,7.215,5.582,289,263470,178.0,26.07,1.07,21.60
13.747,1,143.00,7.215,5.597,290,263638,178.0,26.08,1.07,21.60
13.753,1,143.00,7.215,5.592,290,263638,178.0,26.09,1.07,21.60
13.759,1,143.00,7.215,5.623,290,263638,178.0,26.10,1.07,21.60
13.765,1,143.00,7.215,5.647,290,263638,178.0,26.11,1.07,21.60
13.771,1,143.00,7.215,5.621,290,263638,178.0,26.12,1.07,21.60
13.777,1,143.00,7.215,5.635,292,279990,178.0,26.13,1.07,21.60
13.783,1,143.00,7.215,5.701,292,279990,178.0,26.14,1.07,21.60
13.789,1,143.00,7.215,5.743,293,280062,178.0,26.15,1.07,21.60
13.795,1,143.00,7.215,5.715,293,280062,178.0,26.16,1.07,21.60
13.801,1,143.00,7.215,5.719,293,280062,178.0,26.17,1.07,21.60
13.807,1,143.00,7.215,5.699,293,280062,178.0,26.18,1.07,21.60
13.813,1,143.00,7.215,5.763,292,279782,178.0,26.19,1.07,21.60
13.819,1,143.00,7.215,5.745,293,296190,178.0,26.20,1.07,21.60
13.826,1,143.00,7.215,5.763,293,296190,178.0,26.21,1.07,21.60
13.832,1,143.00,7.215,5.808,296,341270,178.0,26.22,1.07,21.60
13.838,1,143.00,7.215,5.809,296,341270,178.0,26.23,1.07,21.60
13.844,1,143.00,7.215,6.079,296,341270,178.0,26.24,1.07,21.60
13.850,1,143.00,7.215,6.187,296,341270,178.0,26.25,1.07,21.60
13.856,1,143.00,7.215,6.214,297,355998,178.0,26.26,1.07,21.60
13.862,1,143.00,7.215,6.221,297,355998,178.0,26.27,1.07,21.60
13.868,1,143.00,7.215,6.212,297,355998,178.0,26.28,1.07,21.60
13.874,1,143.00,7.215,6.221,297,355998,178.0,26.29,1.07,21.60
13.880,1,143.00,7.215,6.238,297,355998,178.0,26.31,1.07,21.60
13.887,1,143.00,7.215,6.266,297,355998,178.0,26.32,1.07,21.60
13.893,1,143.00,7.215,6.268,297,355998,178.0,26.33,1.07,21.60
13.899,1,143.00,7.215,6.264,297,355998,178.0,26.34,1.07,21.60
13.905,1,143.00,7.215,6.338,297,355998,178.0,26.35,1.07,21.60
13.912,1,143.00,7.215,6.302,299,356486,178.0,26.36,1.07,21.60
13.918,1,143.00,7.215,6.334,299,356486,178.0,26.37,1.07,21.60
13.924,1,143.00,7.215,6.299,296,356258,178.0,26.38,1.07,21.60
13.930,1,143.00,7.215,6.313,296,356258,178.0,26.39,1.07,21.60
13.937,1,143.00,7.215,6.293,296,356258,178.0,26.40,1.07,21.60
13.943,1,143.00,7.215,6.329,296,356258,178.0,26.41,1.07,21.60
13.949,1,143.00,7.215,6.334,296,356258,178.0,26.42,1.07,21.60
13.956,1,143.00,7.215,6.363,296,356258,178.0,26.43,1.07,21.60
13.963,1,143.00,7.215,6.378,296,356258,178.0,26.45,1.07,21.60
13.970,1,143.00,7.215,6.399,296,356258,178.0,26.46,1.07,21.60
13.977,1,143.00,7.215,6.387,296,356258,178.0,26.47,1.07,21.60
13.984,1,143.00,7.215,6.395,296,356258,178.0,26.48,1.07,21.60
13.991,1,153.00,7.185,6.397,297,356314,178.0,26.49,1.07,21.60
13.998,1,153.00,7.185,6.433,297,356314,178.0,26.51,1.07,21.60
14.005,1,153.00,7.185,6.439,297,356314,178.0,26.52,1.07,21.60
14.013,1,153.00,7.185,6.381,297,356314,178.0,26.53,1.08,21.60
14.020,1,153.00,7.185,6.390,297,356314,178.0,26.54,1.08,21.60
14.027,1,153.00,7.185,6.422,297,356314,178.0,26.55,1.08,21.60
14.034,1,153.00,7.185,6.423,297,356314,178.0,26.57,1.08,21.60
14.041,1,153.00,7.185,6.401,297,356314,178.0,26.58,1.08,21.60
14.048,1,153.00,7.185,6.419,297,356314,178.0,26.59,1.08,21.60
14.055,1,153.00,7.185,6.520,297,356314,178.0,26.60,1.08,21.60
14.062,1,153.00,7.185,6.542,297,356314,178.0,26.61,1.08,21.60
14.069,1,153.00,7.185,6.523,299,356434,178.0,26.63,1.08,21.60
14.076,1,153.00,7.185,6.572,299,356434,178.0,26.64,1.08,21.60
14.084,1,153.00,7.185,6.591,299,356434,178.0,26.65,1.08,21.60
14.091,1,153.00,7.185,6.605,299,356434,178.0,26.66,1.08,21.60
14.098,1,153.00,7.185,6.678,299,356434,178.0,26.68,1.08,21.60
14.105,1,153.00,7.185,6.636,299,356434,178.0,26.69,1.08,21.60
14.113,1,153.00,7.185,6.617,299,356434,178.0,26.70,1.08,21.60
14.120,1,153.00,7.185,6.626,299,356434,178.0,26.71,1.08,21.60
14.127,1,153.00,7.185,6.635,299,356434,178.0,26.72,1.08,21.60
14.134,1,153.00,7.185,6.648,299,356434,178.0,26.74,1.08,21.60
14.142,1,153.00,7.185,6.723,299,356434,178.0,26.75,1.08,21.60
14.149,1,153.00,7.185,6.708,299,356434,178.0,26.76,1.08,21.60
14.156,1,153.00,7.185,6.847,301,356626,178.0,26.77,1.08,21.60
14.164,1,153.00,7.185,6.809,301,356626,178.0,26.79,1.08,21.60
14.171,1,153.00,7.185,6.846,301,356626,178.0,26.80,1.08,21.60
14.179,1,153.00,7.185,6.832,301,356626,178.0,26.81,1.08,21.60
14.186,1,153.00,7.185,6.823,304,357366,178.0,26.83,1.08,21.60
14.193,1,153.00,7.185,6.771,304,357366,178.0,26.84,1.08,21.60
14.201,1,153.00,7.185,6.761,304,357366,178.0,26.85,1.08,21.60
14.208,1,153.00,7.185,6.771,304,357366,178.0,26.86,1.08,21.60
14.216,1,153.00,7.185,6.788,304,357366,178.0,26.88,1.08,21.60
14.223,1,153.00,7.185,6.848,304,357366,178.0,26.89,1.08,21.60
14.231,1,153.00,7.185,6.800,305,357422,178.0,26.90,1.08,21.60
14.238,1,153.00,7.185,6.831,306,357602,178.0,26.91,1.08,21.60
14.246,1,153.00,7.185,6.843,306,357602,178.0,26.93,1.09,21.60
14.253,1,153.00,7.185,6.849,306,357602,178.0,26.94,1.09,21.60
14.260,1,153.00,7.185,6.830,306,357602,178.0,26.95,1.09,21.60
14.268,1,153.00,7.185,6.833,307,357722,178.0,26.96,1.09,21.60
14.275,1,153.00,7.185,6.875,307,357722,178.0,26.98,1.09,21.60
14.283,1,153.00,7.185,6.830,308,357946,178.0,26.99,1.09,21.60
14.290,1,153.00,7.185,6.958,308,357946,178.0,27.00,1.09,21.60
14.298,1,153.00,7.185,6.967,308,357946,178.0,27.02,1.09,21.60
14.306,1,153.00,7.185,6.972,308,357946,178.0,27.03,1.09,21.60
14.313,1,153.00,7.185,6.921,308,357946,178.0,27.04,1.09,21.60
14.321,1,153.00,7.185,6.939,308,357946,178.0,27.05,1.09,21.60
14.329,1,153.00,7.185,6.924,308,357946,178.0,27.07,1.09,21.60
14.336,1,153.00,7.185,6.950,308,357946,178.0,27.08,1.09,21.60
14.344,1,153.00,7.185,6.930,308,357946,178.0,27.09,1.09,21.60
14.351,1,153.00,7.185,7.001,309,358338,178.0,27.11,1.09,21.60
14.359,1,153.00,7.185,7.047,309,358338,178.0,27.12,1.09,21.60
14.367,1,153.00,7.185,7.050,309,358338,178.0,27.13,1.09,21.60
14.374,1,153.00,7.185,7.056,309,358338,178.0,27.15,1.09,21.60
14.382,1,153.00,7.185,6.982,309,358338,178.0,27.16,1.09,21.60
14.390,1,153.00,7.185,6.951,309,358338,178.0,27.17,1.09,21.60
14.397,1,153.00,7.185,6.974,309,358338,178.0,27.18,1.08,21.60
14.405,1,153.00,7.185,6.993,309,358338,178.0,27.20,1.08,21.60
14.412,1,153.00,7.185,6.966,309,358338,178.0,27.21,1.08,21.60
14.420,1,153.00,7.185,6.957,310,362482,178.0,27.22,1.08,21.60
14.428,1,153.00,7.185,7.024,310,362482,178.0,27.24,1.08,21.60
14.435,1,153.00,7.185,6.982,310,362482,178.0,27.25,1.08,21.60
14.443,1,153.00,7.185,6.982,310,362482,178.0,27.26,1.08,21.60
14.451,1,153.00,7.185,7.039,310,362482,178.0,27.27,1.08,21.60
14.458,1,153.00,7.185,7.067,311,363882,178.0,27.29,1.08,21.60
14.467,1,153.00,7.185,7.086,311,363882,178.0,27.30,1.08,21.60
14.475,1,153.00,7.185,6.970,311,363882,178.0,27.32,1.08,21.60
14.483,1,153.00,7.185,6.978,311,363882,178.0,27.33,1.08,21.60
14.492,1,153.00,7.185,6.947,311,363882,178.0,27.34,1.08,21.60
14.500,1,153.00,7.185,6.920,313,372618,178.0,27.36,1.08,21.60
14.508,1,153.00,7.185,7.001,313,372618,178.0,27.37,1.08,21.60
14.517,1,153.00,7.185,6.930,313,372618,178.0,27.39,1.08,21.60
14.525,1,153.00,7.185,6.941,313,372618,178.0,27.40,1.08,21.60
14.533,1,153.00,7.185,6.972,313,372618,178.0,27.42,1.08,21.60
14.542,1,153.00,7.185,7.027,313,372618,178.0,27.43,1.08,21.60
14.550,1,153.00,7.185,7.005,313,372618,178.0,27.44,1.08,21.60
14.558,1,153.00,7.185,7.003,313,372618,178.0,27.46,1.08,21.60
14.565,1,153.00,7.185,7.015,314,373284,178.0,27.47,1.08,21.60
14.573,1,153.00,7.185,6.977,314,373284,178.0,27.48,1.08,21.60
14.581,1,153.00,7.185,7.042,314,373284,178.0,27.50,1.08,21.60
14.588,1,153.00,7.185,7.042,314,373284,178.0,27.51,1.08,21.60
14.596,1,153.00,7.185,6.990,314,373284,178.0,27.52,1.08,21.60
14.604,1,153.00,7.185,7.002,317,373884,178.0,27.53,1.08,21.60
14.611,1,153.00,7.185,7.005,317,373884,178.0,27.55,1.07,21.60
14.619,1,153.00,7.185,7.013,317,373884,178.0,27.56,1.07,21.60
14.626,1,153.00,7.185,7.065,317,373884,178.0,27.57,1.07,21.60
14.634,1,153.00,7.185,7.098,317,373884,178.0,27.59,1.07,21.60
14.642,1,153.00,7.185,6.990,317,373884,178.0,27.60,1.07,21.60
14.649,1,153.00,7.185,6.991,317,373884,178.0,27.61,1.07,21.60
14.657,1,153.00,7.185,6.911,306,339532,178.0,27.63,1.07,21.60
14.664,1,153.00,7.185,6.472,306,339532,178.0,27.64,1.07,21.60
14.672,1,153.00,7.185,6.484,306,339532,178.0,27.65,1.07,21.60
14.680,1,153.00,7.185,6.513,306,339532,178.0,27.66,1.07,21.60
14.687,1,153.00,7.185,6.536,306,339532,178.0,27.68,1.07,21.60
14.695,1,153.00,7.185,6.530,306,339532,178.0,27.69,1.07,21.60
14.702,1,153.00,7.185,6.526,306,339532,178.0,27.70,1.07,21.60
14.710,1,153.00,7.185,6.492,306,339532,178.0,27.72,1.07,21.60
14.717,1,153.00,7.185,6.729,306,339532,178.0,27.73,1.07,21.60
14.725,1,153.00,7.185,6.708,305,339504,178.0,27.74,1.07,21.60
14.733,1,153.00,7.185,6.795,305,339504,178.0,27.75,1.07,21.60
14.740,1,153.00,7.185,6.588,305,339504,178.0,27.77,1.07,21.60
14.748,1,153.00,7.185,6.670,305,339504,178.0,27.78,1.07,21.60
14.755,1,153.00,7.185,6.485,305,339504,178.0,27.79,1.07,21.60
14.763,1,153.00,7.185,6.508,305,339504,178.0,27.81,1.07,21.60
14.770,1,153.00,7.185,6.592,305,339504,178.0,27.82,1.06,21.60
14.778,1,153.00,7.185,6.784,305,339504,178.0,27.83,1.06,21.60
14.786,1,153.00,7.185,6.575,305,339504,178.0,27.84,1.06,21.60
14.793,1,153.00,7.185,6.598,305,339504,178.0,27.86,1.06,21.60
14.801,1,153.00,7.185,6.614,305,339504,178.0,27.87,1.06,21.60
14.808,1,153.00,7.185,6.584,305,339504,178.0,27.88,1.06,21.60
14.816,1,153.00,7.185,6.769,305,339504,178.0,27.90,1.06,21.60
14.823,1,153.00,7.185,6.601,305,339504,178.0,27.91,1.06,21.60
14.830,1,153.00,7.185,6.500,305,339504,178.0,27.92,1.06,21.60
14.837,1,153.00,7.185,6.772,305,339504,178.0,27.93,1.06,21.60
14.844,1,153.00,7.185,6.494,305,339504,178.0,27.94,1.06,21.60
14.852,1,153.00,7.185,6.566,305,339504,178.0,27.96,1.06,21.60
14.859,1,153.00,7.185,6.549,306,339952,178.0,27.97,1.06,21.60
14.866,1,153.00,7.185,6.831,306,339952,178.0,27.98,1.06,21.60
14.874,1,153.00,7.185,6.951,306,339952,178.0,27.99,1.06,21.60
14.881,1,153.00,7.185,7.122,306,339952,178.0,28.01,1.06,21.60
14.888,1,153.00,7.185,6.925,306,339952,178.0,28.02,1.06,21.60
14.895,1,153.00,7.185,6.935,306,339952,178.0,28.03,1.06,21.60
14.902,1,153.00,7.185,6.947,306,339952,178.0,28.04,1.06,21.60
14.909,1,153.00,7.185,6.857,306,339952,178.0,28.05,1.06,21.60
14.917,1,153.00,7.185,6.800,306,339952,178.0,28.07,1.06,21.60
14.924,1,153.00,7.185,6.873,305,339892,178.0,28.08,1.06,21.60
14.931,1,153.00,7.185,6.905,305,339892,178.0,28.09,1.06,21.60
14.938,1,153.00,7.185,7.070,304,339444,178.0,28.10,1.06,21.60
14.945,1,153.00,7.185,6.885,303,339204,178.0,28.12,1.06,21.60
14.952,1,153.00,7.185,7.060,303,339204,178.0,28.13,1.06,21.60
14.959,1,153.00,7.185,6.901,303,339204,178.0,28.14,1.06,21.60
14.967,1,153.00,7.185,6.779,303,339204,178.0,28.15,1.06,21.60
14.974,1,153.00,7.185,6.925,303,339204,178.0,28.16,1.06,21.60
14.981,1,153.00,7.185,6.935,303,339204,178.0,28.18,1.06,21.60
14.988,1,153.00,7.185,7.029,303,339204,178.0,28.19,1.06,21.60
14.995,1,134.00,7.824,7.035,304,339596,178.0,28.20,1.06,21.60
15.002,1,134.00,7.824,6.783,308,341016,178.0,28.21,1.06,21.60
15.009,1,134.00,7.824,6.755,307,340344,178.0,28.22,1.06,21.60
15.017,1,134.00,7.824,6.800,308,340904,178.0,28.24,1.06,21.60
15.024,1,134.00,7.824,6.789,309,341072,178.0,28.25,1.06,21.60
15.031,1,134.00,7.824,6.761,309,341072,178.0,28.26,1.06,21.60
15.038,1,134.00,7.824,6.769,309,341072,178.0,28.27,1.06,21.60
15.045,1,134.00,7.824,6.860,309,342020,178.0,28.29,1.06,21.60
15.052,1,134.00,7.824,6.888,310,346002,178.0,28.30,1.06,21.60
15.060,1,134.00,7.824,7.191,310,346002,178.0,28.31,1.06,21.60
15.067,1,134.00,7.824,6.880,309,347076,178.0,28.32,1.06,21.60
15.074,1,134.00,7.824,6.882,308,346836,178.0,28.34,1.06,21.60
15.082,1,134.00,7.824,6.765,308,346836,178.0,28.35,1.06,21.60
15.089,1,134.00,7.824,6.986,308,346836,178.0,28.36,1.06,21.60
15.097,1,134.00,7.824,6.771,308,346836,178.0,28.37,1.06,21.60
15.104,1,134.00,7.824,7.084,308,346836,178.0,28.39,1.06,21.60
15.112,1,134.00,7.824,6.876,308,346836,178.0,28.40,1.06,21.60
15.119,1,134.00,7.824,6.839,308,346836,178.0,28.41,1.06,21.60
15.126,1,134.00,7.824,7.107,308,346836,178.0,28.42,1.06,21.60
15.134,1,134.00,7.824,6.890,308,346836,178.0,28.44,1.06,21.60
15.141,1,134.00,7.824,6.758,308,346836,178.0,28.45,1.06,21.60
15.149,1,134.00,7.824,6.796,307,345828,178.0,28.46,1.06,21.60
15.156,1,134.00,7.824,6.771,307,345828,178.0,28.47,1.06,21.60
15.163,1,134.00,7.824,6.840,307,345828,178.0,28.49,1.06,21.60
15.171,1,134.00,7.824,6.826,307,345828,178.0,28.50,1.06,21.60
15.178,1,134.00,7.824,6.880,307,345828,178.0,28.51,1.06,21.60
15.186,1,134.00,7.824,7.016,307,345828,178.0,28.52,1.06,21.60
15.193,1,134.00,7.824,6.796,307,345828,178.0,28.54,1.06,21.60
15.200,1,134.00,7.824,6.749,306,345436,178.0,28.55,1.06,21.60
15.208,1,134.00,7.824,6.719,306,345436,178.0,28.56,1.06,21.60
15.215,1,134.00,7.824,6.737,306,345436,178.0,28.57,1.06,21.60
15.223,1,134.00,7.824,6.820,306,345436,178.0,28.59,1.06,21.60
15.230,1,134.00,7.824,6.805,306,345436,178.0,28.60,1.06,21.60
15.237,1,134.00,7.824,6.787,306,345436,178.0,28.61,1.07,21.60
15.245,1,134.00,7.824,7.003,306,345436,178.0,28.62,1.07,21.60
15.252,1,134.00,7.824,6.766,307,345484,178.0,28.64,1.07,21.60
15.260,1,134.00,7.824,6.707,308,345520,178.0,28.65,1.07,21.60
15.267,1,134.00,7.824,6.710,308,345520,178.0,28.66,1.07,21.60
15.274,1,134.00,7.824,6.680,308,345520,178.0,28.68,1.07,21.60
15.282,1,134.00,7.824,7.036,308,345520,178.0,28.69,1.07,21.60
15.289,1,134.00,7.824,6.797,308,345520,178.0,28.70,1.07,21.60
15.297,1,134.00,7.824,6.840,308,345520,178.0,28.71,1.07,21.60
15.304,1,134.00,7.824,7.051,308,345520,178.0,28.73,1.07,21.60
15.312,1,134.00,7.824,6.756,308,345520,178.0,28.74,1.07,21.60
15.319,1,134.00,7.824,6.703,308,345520,178.0,28.75,1.07,21.60
15.326,1,134.00,7.824,6.690,308,345520,178.0,28.76,1.07,21.60
15.334,1,134.00,7.824,6.679,308,345520,178.0,28.78,1.07,21.60
15.341,1,134.00,7.824,6.658,308,345520,178.0,28.79,1.07,21.60
15.349,1,134.00,7.824,6.914,308,345520,178.0,28.80,1.07,21.60
15.356,1,134.00,7.824,6.688,308,345520,178.0,28.81,1.07,21.60
15.363,1,134.00,7.824,7.037,308,345520,178.0,28.83,1.07,21.60
15.371,1,134.00,7.824,7.015,308,345520,178.0,28.84,1.07,21.60
15.378,1,134.00,7.824,7.004,308,345520,178.0,28.85,1.07,21.60
15.386,1,134.00,7.824,6.907,308,345520,178.0,28.86,1.07,21.60
15.393,1,134.00,7.824,6.920,308,345520,178.0,28.88,1.07,21.60
15.400,1,134.00,7.824,6.894,308,345520,178.0,28.89,1.07,21.60
15.408,1,134.00,7.824,6.947,308,345520,178.0,28.90,1.07,21.60
15.415,1,134.00,7.824,6.925,308,345520,178.0,28.91,1.07,21.60
15.423,1,134.00,7.824,6.987,308,345520,178.0,28.93,1.07,21.60
15.430,1,134.00,7.824,7.006,308,345520,178.0,28.94,1.08,21.60
15.437,1,134.00,7.824,7.271,308,345520,178.0,28.95,1.08,21.60
15.445,1,134.00,7.824,6.906,308,345520,178.0,28.96,1.08,21.60
15.452,1,134.00,7.824,7.161,308,345520,178.0,28.98,1.08,21.60
15.460,1,134.00,7.824,6.860,308,345520,178.0,28.99,1.08,21.60
15.467,1,134.00,7.824,7.164,308,345520,178.0,29.00,1.08,21.60
15.474,1,134.00,7.824,7.144,308,345520,178.0,29.02,1.08,21.60
15.482,1,134.00,7.824,7.156,308,345520,178.0,29.03,1.08,21.60
15.489,1,134.00,7.824,7.118,308,345520,178.0,29.04,1.08,21.60
15.497,1,134.00,7.824,6.844,308,345520,178.0,29.05,1.08,21.60
15.504,1,134.00,7.824,7.060,308,345520,178.0,29.07,1.08,21.60
15.512,1,134.00,7.824,6.799,308,345520,178.0,29.08,1.08,21.60
15.519,1,134.00,7.824,6.847,308,345520,178.0,29.09,1.08,21.60
15.526,1,134.00,7.824,6.699,308,345520,178.0,29.10,1.08,21.60
15.534,1,134.00,7.824,6.734,308,345520,178.0,29.12,1.08,21.60
15.541,1,134.00,7.824,6.716,308,345520,178.0,29.13,1.08,21.60
15.549,1,134.00,7.824,6.723,308,345520,178.0,29.14,1.08,21.60
15.556,1,134.00,7.824,6.960,310,345880,178.0,29.15,1.08,21.60
15.563,1,134.00,7.824,6.999,310,345880,178.0,29.17,1.08,21.60
15.571,1,134.00,7.824,6.937,311,345992,178.0,29.18,1.08,21.60
15.578,1,134.00,7.824,6.652,311,345992,178.0,29.19,1.08,21.60
15.586,1,134.00,7.824,7.236,311,345992,178.0,29.20,1.08,21.60
15.593,1,134.00,7.824,6.878,311,345992,178.0,29.22,1.08,21.60
15.600,1,134.00,7.824,6.605,311,345992,178.0,29.23,1.08,21.60
15.608,1,134.00,7.824,6.995,311,345992,178.0,29.24,1.08,21.60
15.615,1,134.00,7.824,7.053,311,345992,178.0,29.25,1.08,21.60
15.623,1,134.00,7.824,7.013,311,345992,178.0,29.27,1.08,21.60
15.630,1,134.00,7.824,6.632,311,345992,178.0,29.28,1.08,21.60
15.637,1,134.00,7.824,6.930,311,345992,178.0,29.29,1.08,21.60
15.645,1,134.00,7.824,6.986,311,345992,178.0,29.30,1.08,21.60
15.652,1,134.00,7.824,7.099,311,345992,178.0,29.32,1.08,21.60
15.660,1,134.00,7.824,6.831,312,349184,178.0,29.33,1.08,21.60
15.667,1,134.00,7.824,6.853,312,349184,178.0,29.34,1.08,21.60
15.674,1,134.00,7.824,7.185,312,349184,178.0,29.36,1.08,21.60
15.682,1,134.00,7.824,6.878,313,351364,178.0,29.37,1.08,21.60
15.689,1,134.00,7.824,6.918,314,352540,178.0,29.38,1.08,21.60
15.697,1,134.00,7.824,6.915,314,352540,178.0,29.39,1.08,21.60
15.704,1,134.00,7.824,7.295,314,352540,178.0,29.41,1.08,21.60
15.712,1,134.00,7.824,7.169,312,348172,178.0,29.42,1.08,21.60
15.719,1,134.00,7.824,6.863,313,351364,178.0,29.43,1.08,21.60
15.727,1,134.00,7.824,6.909,313,352492,178.0,29.44,1.08,21.60
15.734,1,134.00,7.824,6.902,313,352492,178.0,29.46,1.08,21.60
15.742,1,134.00,7.824,6.994,313,352492,178.0,29.47,1.08,21.60
15.749,1,134.00,7.824,6.972,313,352492,178.0,29.48,1.08,21.60
15.757,1,134.00,7.824,6.997,313,352492,178.0,29.50,1.07,21.60
15.765,1,134.00,7.824,7.000,313,352492,178.0,29.51,1.07,21.60
15.772,1,134.00,7.824,7.123,313,352492,178.0,29.52,1.07,21.60
15.780,1,134.00,7.824,7.200,313,352492,178.0,29.53,1.07,21.60
15.788,1,134.00,7.824,7.127,313,352492,178.0,29.55,1.07,21.60
15.795,1,134.00,7.824,7.126,314,355460,178.0,29.56,1.07,21.60
15.803,1,134.00,7.824,7.171,314,355460,178.0,29.57,1.07,21.60
15.811,1,134.00,7.824,7.206,315,367332,178.0,29.59,1.07,21.60
15.819,1,134.00,7.824,7.240,317,368216,178.0,29.60,1.07,21.60
15.827,1,134.00,7.824,7.306,319,368540,178.0,29.61,1.07,21.60
15.835,1,134.00,7.824,7.407,320,369042,178.0,29.63,1.07,21.60
15.843,1,134.00,7.824,7.409,320,369042,178.0,29.64,1.07,21.60
15.851,1,134.00,7.824,7.426,320,369042,178.0,29.66,1.07,21.60
15.859,1,134.00,7.824,7.393,322,369654,178.0,29.67,1.07,21.60
15.868,1,134.00,7.824,7.447,324,369774,178.0,29.68,1.07,21.60
15.876,1,134.00,7.824,7.502,324,369774,178.0,29.70,1.07,21.60
15.884,1,134.00,7.824,7.452,324,369774,178.0,29.71,1.07,21.60
15.893,1,134.00,7.824,7.353,324,369774,178.0,29.73,1.07,21.60
15.901,1,134.00,7.824,7.379,324,369774,178.0,29.74,1.07,21.60
15.909,1,134.00,7.824,7.388,325,369810,178.0,29.75,1.07,21.60
15.918,1,134.00,7.824,7.425,325,369810,178.0,29.77,1.07,21.60
15.926,1,134.00,7.824,7.411,326,369966,178.0,29.78,1.07,21.60
15.934,1,134.00,7.824,7.394,325,369686,178.0,29.80,1.06,21.60
15.943,1,134.00,7.824,7.400,325,369944,178.0,29.81,1.06,21.60
15.951,1,134.00,7.824,7.512,327,382464,178.0,29.83,1.06,21.60
15.959,1,134.00,7.824,7.504,327,382464,178.0,29.84,1.06,21.60
15.968,1,134.00,7.824,7.528,327,382464,178.0,29.85,1.06,21.60
15.976,1,134.00,7.824,7.593,327,382464,178.0,29.87,1.06,21.60
15.984,1,134.00,7.824,7.611,327,382464,178.0,29.88,1.06,21.60
15.993,1,132.00,8.191,7.650,325,382408,178.0,29.90,1.06,21.60
16.001,1,132.00,8.191,7.700,325,382408,178.0,29.91,1.06,21.60
16.009,1,132.00,8.191,7.719,325,382408,178.0,29.92,1.06,21.60
16.018,1,132.00,8.191,7.723,325,382408,178.0,29.94,1.06,21.60
16.026,1,132.00,8.191,7.799,325,382408,178.0,29.95,1.06,21.60
16.034,1,132.00,8.191,7.777,325,382408,178.0,29.97,1.06,21.60
16.043,1,132.00,8.191,7.808,328,383248,178.0,29.98,1.06,21.60
16.051,1,132.00,8.191,7.791,328,383248,178.0,30.00,1.06,21.60
16.059,1,132.00,8.191,7.810,328,383248,178.0,30.01,1.06,21.61
16.068,1,132.00,8.191,7.792,317,364636,178.0,30.02,1.06,21.62
16.076,1,132.00,8.191,7.962,317,364636,178.0,30.03,1.06,21.63
16.084,1,132.00,8.191,8.031,316,355452,178.0,30.04,1.06,21.64
16.093,1,132.00,8.191,7.908,316,355452,178.0,30.05,1.06,21.65
16.101,1,132.00,8.191,7.952,316,355452,178.0,30.06,1.05,21.66
16.109,1,132.00,8.191,7.950,317,355844,178.0,30.07,1.05,21.67
16.118,1,132.00,8.191,7.900,317,355844,178.0,30.08,1.05,21.68
16.126,1,132.00,8.191,7.856,317,355844,178.0,30.09,1.05,21.69
16.134,1,132.00,8.191,7.792,316,354276,178.0,30.10,1.05,21.70
16.143,1,132.00,8.191,7.737,316,346996,178.0,30.11,1.05,21.71
16.151,1,132.00,8.191,7.864,316,346996,178.0,30.12,1.05,21.72
16.159,1,132.00,8.191,7.855,316,346996,178.0,30.13,1.05,21.73
16.168,1,132.00,8.191,7.854,315,338484,178.0,30.14,1.05,21.74
16.176,1,132.00,8.191,7.877,316,338708,178.0,30.15,1.05,21.75
16.184,1,132.00,8.191,8.169,316,338708,178.0,30.16,1.05,21.76
16.193,1,132.00,8.191,7.874,316,338708,178.0,30.17,1.05,21.77
16.201,1,132.00,8.191,7.881,317,339044,178.0,30.18,1.05,21.78
16.209,1,132.00,8.191,7.970,318,339224,178.0,30.19,1.05,21.79
16.218,1,132.00,8.191,7.962,318,339224,178.0,30.20,1.05,21.80
16.226,1,132.00,8.191,8.068,318,339224,178.0,30.21,1.05,21.81
16.234,1,132.00,8.191,8.138,318,339224,178.0,30.22,1.05,21.82
16.243,1,132.00,8.191,8.164,318,339224,178.0,30.23,1.05,21.83
16.252,1,132.00,8.191,8.099,318,339224,178.0,30.24,1.05,21.84
16.261,1,132.00,8.191,8.127,318,339224,178.0,30.25,1.05,21.85
16.270,1,132.00,8.191,8.202,318,339224,178.0,30.26,1.05,21.86
16.278,1,132.00,8.191,8.226,318,339224,178.0,30.27,1.05,21.87
16.288,1,132.00,8.191,8.688,319,339260,178.0,30.28,1.05,21.88
16.297,1,132.00,8.191,8.830,319,339260,178.0,30.29,1.05,21.89
16.307,1,132.00,8.191,8.861,320,339596,178.0,30.30,1.05,21.90
16.316,1,132.00,8.191,8.792,321,341892,178.0,30.32,1.05,21.92
16.326,1,132.00,8.191,8.775,321,341892,178.0,30.33,1.05,21.93
16.335,1,132.00,8.191,8.778,325,343740,178.0,30.34,1.05,21.94
16.344,1,132.00,8.191,8.697,326,344076,178.0,30.35,1.05,21.95
16.353,1,132.00,8.191,8.573,327,344578,178.0,30.36,1.05,21.96
16.363,1,132.00,8.191,8.618,327,344578,178.0,30.37,1.05,21.97
16.372,1,132.00,8.191,8.734,328,346874,178.0,30.38,1.05,21.98
16.381,1,132.00,8.191,8.689,331,349754,178.0,30.39,1.05,21.99
16.391,1,132.00,8.191,8.709,332,349922,178.0,30.41,1.05,22.01
16.401,1,132.00,8.191,8.703,333,350142,178.0,30.42,1.05,22.02
16.410,1,132.00,8.191,8.717,333,350142,178.0,30.43,1.05,22.03
16.419,1,132.00,8.191,8.701,333,350142,178.0,30.44,1.05,22.04
16.429,1,132.00,8.191,8.682,333,350142,178.0,30.45,1.05,22.05
16.438,1,132.00,8.191,8.662,333,350142,178.0,30.46,1.06,22.06
16.447,1,132.00,8.191,8.647,334,350310,178.0,30.47,1.06,22.07
16.457,1,132.00,8.191,8.703,334,350310,178.0,30.48,1.06,22.08
16.466,1,132.00,8.191,8.711,334,350310,178.0,30.50,1.06,22.10
16.476,1,132.00,8.191,8.782,334,350310,178.0,30.51,1.06,22.11
16.485,1,132.00,8.191,8.752,335,350682,178.0,30.52,1.06,22.12
16.495,1,132.00,8.191,8.705,335,351050,178.0,30.53,1.06,22.13
16.504,1,132.00,8.191,8.737,336,351590,178.0,30.54,1.06,22.14
16.514,1,132.00,8.191,8.671,336,351434,178.0,30.55,1.06,22.15
16.524,1,132.00,8.191,8.701,339,353618,178.0,30.56,1.06,22.16
16.533,1,132.00,8.191,8.930,339,353618,178.0,30.58,1.06,22.18
16.543,1,132.00,8.191,8.909,338,352442,178.0,30.59,1.06,22.19
16.552,1,132.00,8.191,9.015,341,353042,178.0,30.60,1.06,22.20
16.562,1,132.00,8.191,8.990,341,353042,178.0,30.61,1.06,22.20
16.571,1,132.00,8.191,9.029,333,339178,178.0,30.63,1.06,22.20
16.581,1,132.00,8.191,9.244,334,339514,178.0,30.65,1.06,22.20
16.591,1,132.00,8.191,9.197,334,339514,178.0,30.66,1.06,22.20
16.600,1,132.00,8.191,9.288,333,337946,178.0,30.68,1.06,22.20
16.611,1,132.00,8.191,9.355,333,337946,178.0,30.70,1.06,22.20
16.621,1,132.00,8.191,9.404,333,337946,178.0,30.72,1.06,22.20
16.631,1,132.00,8.191,9.433,333,337946,178.0,30.73,1.07,22.20
16.641,1,132.00,8.191,9.450,332,336714,178.0,30.75,1.07,22.20
16.651,1,132.00,8.191,9.437,333,336882,178.0,30.77,1.07,22.20
16.661,1,132.00,8.191,9.392,333,336882,178.0,30.78,1.07,22.20
16.671,1,132.00,8.191,9.381,333,336882,178.0,30.80,1.07,22.20
16.681,1,132.00,8.191,9.367,334,337422,178.0,30.82,1.07,22.20
16.691,1,132.00,8.191,9.385,334,337422,178.0,30.84,1.07,22.20
16.701,1,132.00,8.191,9.449,334,337450,178.0,30.85,1.07,22.20
16.711,1,132.00,8.191,9.414,334,337450,178.0,30.87,1.07,22.20
16.721,1,132.00,8.191,9.407,334,337450,178.0,30.89,1.07,22.20
16.731,1,132.00,8.191,9.424,333,336330,178.0,30.90,1.07,22.20
16.741,1,132.00,8.191,9.410,332,326194,178.0,30.92,1.07,22.20
16.751,1,132.00,8.191,9.457,331,315274,178.0,30.94,1.07,22.20
16.762,1,132.00,8.191,9.416,331,315274,178.0,30.95,1.07,22.20
16.772,1,132.00,8.191,9.468,331,315274,178.0,30.97,1.07,22.20
16.782,1,132.00,8.191,9.465,331,315274,178.0,30.99,1.07,22.20
16.792,1,132.00,8.191,9.490,331,315274,178.0,31.01,1.07,22.20
16.802,1,132.00,8.191,9.489,331,315274,178.0,31.02,1.07,22.20
16.812,1,132.00,8.191,9.481,331,315274,178.0,31.04,1.07,22.20
16.822,1,132.00,8.191,9.527,331,315274,178.0,31.06,1.07,22.20
16.832,1,132.00,8.191,9.500,335,316678,178.0,31.08,1.07,22.20
16.843,1,132.00,8.191,9.545,334,315446,178.0,31.09,1.07,22.20
16.853,1,132.00,8.191,9.465,334,315446,178.0,31.11,1.07,22.20
16.863,1,132.00,8.191,9.485,334,315446,178.0,31.13,1.07,22.20
16.873,1,132.00,8.191,9.468,334,315446,178.0,31.14,1.07,22.20
16.883,1,132.00,8.191,9.517,334,315446,178.0,31.16,1.07,22.20
16.894,1,132.00,8.191,9.528,335,317126,178.0,31.18,1.07,22.20
16.904,1,132.00,8.191,9.521,335,317126,178.0,31.20,1.07,22.20
16.915,1,132.00,8.191,9.467,335,317126,178.0,31.22,1.07,22.20
16.925,1,132.00,8.191,9.502,328,311854,178.0,31.23,1.07,22.20
16.936,1,132.00,8.191,9.496,329,312394,178.0,31.25,1.07,22.20
16.946,1,132.00,8.191,9.475,329,312394,178.0,31.27,1.07,22.20
16.956,1,132.00,8.191,9.486,330,312562,178.0,31.29,1.07,22.20
16.967,1,132.00,8.191,9.454,329,312282,178.0,31.30,1.07,22.20
16.977,1,132.00,8.191,9.426,329,312282,178.0,31.32,1.07,22.20
16.988,1,132.00,8.191,9.418,329,312282,178.0,31.34,1.07,22.20
16.998,1,107.00,10.198,9.424,329,312282,178.0,31.36,1.07,22.20
17.008,1,107.00,10.198,9.440,329,312282,178.0,31.37,1.07,22.20
17.019,1,107.00,10.198,9.402,329,312282,178.0,31.39,1.07,22.20
17.029,1,107.00,10.198,9.407,330,312330,178.0,31.41,1.07,22.20
17.040,1,107.00,10.198,9.422,330,312330,178.0,31.43,1.07,22.20
17.050,1,107.00,10.198,9.414,330,312330,178.0,31.45,1.07,22.20
17.061,1,107.00,10.198,9.427,330,312330,178.0,31.46,1.07,22.20
17.071,1,107.00,10.198,9.421,331,312278,178.0,31.48,1.07,22.20
17.081,1,107.00,10.198,9.416,331,312278,178.0,31.50,1.07,22.20
17.092,1,107.00,10.198,9.426,331,312278,178.0,31.52,1.07,22.20
17.102,1,107.00,10.198,9.423,332,312698,178.0,31.53,1.06,22.20
17.113,1,107.00,10.198,9.581,332,312698,178.0,31.55,1.06,22.20
17.123,1,107.00,10.198,10.713,332,312698,178.0,31.57,1.06,22.20
17.133,1,107.00,10.198,10.706,332,312702,178.0,31.59,1.06,22.20
17.144,1,107.00,10.198,10.697,331,312478,178.0,31.60,1.06,22.20
17.154,1,107.00,10.198,11.107,331,312478,178.0,31.62,1.06,22.20
17.165,1,107.00,10.198,11.738,331,312478,178.0,31.64,1.06,22.20
17.176,1,107.00,10.198,11.142,332,312534,178.0,31.66,1.06,22.20
17.188,1,107.00,10.198,11.279,332,312534,178.0,31.68,1.06,22.20
17.200,1,107.00,10.198,11.082,332,312534,178.0,31.70,1.06,22.20
17.211,1,107.00,10.198,11.178,333,313710,178.0,31.72,1.06,22.20
17.223,1,107.00,10.198,11.185,334,313934,178.0,31.74,1.06,22.20
17.235,1,107.00,10.198,11.004,334,313934,178.0,31.76,1.06,22.20
17.247,1,107.00,10.198,11.010,334,313934,178.0,31.78,1.06,22.20
17.258,1,107.00,10.198,10.849,337,314534,178.0,31.80,1.05,22.20
17.270,1,107.00,10.198,11.013,338,316214,178.0,31.82,1.05,22.20
17.282,1,107.00,10.198,11.136,330,312134,178.0,31.84,1.05,22.20
17.294,1,107.00,10.198,11.045,330,312134,178.0,31.86,1.05,22.20
17.305,1,107.00,10.198,11.050,330,312134,178.0,31.88,1.05,22.20
17.317,1,107.00,10.198,10.876,330,312182,178.0,31.90,1.05,22.20
17.329,1,107.00,10.198,10.895,329,312062,178.0,31.92,1.05,22.20
17.340,1,107.00,10.198,10.844,329,312062,178.0,31.94,1.05,22.20
17.352,1,107.00,10.198,11.092,331,312386,178.0,31.96,1.05,22.20
17.364,1,107.00,10.198,11.223,331,312386,178.0,31.98,1.05,22.20
17.375,1,107.00,10.198,11.145,331,312386,178.0,32.00,1.05,22.20
17.387,1,107.00,10.198,11.008,331,312386,178.0,32.02,1.05,22.20
17.399,1,107.00,10.198,10.820,333,312610,178.0,32.04,1.05,22.20
17.411,1,107.00,10.198,10.923,333,312610,178.0,32.06,1.05,22.20
17.422,1,107.00,10.198,11.016,334,313030,178.0,32.08,1.05,22.20
17.434,1,107.00,10.198,11.007,333,312806,178.0,32.10,1.05,22.20
17.446,1,107.00,10.198,10.971,333,312806,178.0,32.12,1.05,22.20
17.457,1,107.00,10.198,10.663,333,312806,178.0,32.14,1.05,22.20
17.469,1,107.00,10.198,7.271,333,312806,178.0,32.16,1.05,22.20
17.481,1,107.00,10.198,7.341,333,312802,178.0,32.18,1.05,22.20
17.492,1,107.00,10.198,7.374,332,312766,178.0,32.20,1.04,22.20
17.503,1,107.00,10.198,7.448,334,313378,178.0,32.22,1.04,22.20
17.514,1,107.00,10.198,7.514,338,312800,178.0,32.23,1.04,22.20
17.522,1,107.00,10.198,7.553,338,312800,178.0,32.25,1.04,22.20
17.530,1,107.00,10.198,7.488,341,313400,178.0,32.26,1.04,22.20
17.538,1,107.00,10.198,7.506,341,313400,178.0,32.27,1.04,22.20
17.546,1,107.00,10.198,7.651,341,313400,178.0,32.29,1.04,22.20
17.555,1,107.00,10.198,7.736,340,313064,178.0,32.30,1.04,22.20
17.563,1,107.00,10.198,7.747,340,313064,178.0,32.32,1.04,22.20
17.572,1,107.00,10.198,7.854,341,314744,178.0,32.33,1.04,22.20
17.580,1,107.00,10.198,7.915,342,314800,178.0,32.35,1.04,22.20
17.589,1,107.00,10.198,7.966,342,314800,178.0,32.36,1.04,22.20
17.597,1,107.00,10.198,7.980,342,314800,178.0,32.38,1.04,22.20
17.606,1,107.00,10.198,7.943,341,314464,178.0,32.39,1.04,22.20
17.614,1,107.00,10.198,8.043,341,314464,178.0,32.40,1.05,22.20
17.622,1,107.00,10.198,8.093,330,313486,178.0,32.41,1.05,22.19
17.631,1,107.00,10.198,6.935,331,313766,178.0,32.42,1.05,22.18
17.639,1,107.00,10.198,6.749,331,313766,178.0,32.43,1.05,22.17
17.647,1,107.00,10.198,6.856,332,313822,178.0,32.44,1.05,22.16
17.654,1,107.00,10.198,6.939,335,314422,178.0,32.45,1.05,22.15
17.662,1,107.00,10.198,7.008,335,314422,178.0,32.46,1.05,22.14
17.670,1,107.00,10.198,7.056,335,314422,178.0,32.47,1.05,22.13
17.677,1,107.00,10.198,7.033,335,314422,178.0,32.48,1.05,22.12
17.685,1,107.00,10.198,7.211,335,314422,178.0,32.49,1.05,22.11
17.693,1,107.00,10.198,7.361,335,314422,178.0,32.50,1.05,22.10
17.701,1,107.00,10.198,7.315,335,314422,178.0,32.51,1.05,22.09
17.709,1,107.00,10.198,7.399,335,314422,178.0,32.52,1.05,22.08
17.717,1,107.00,10.198,7.855,335,314422,178.0,32.53,1.05,22.07
17.726,1,107.00,10.198,7.561,335,314422,178.0,32.54,1.05,22.06
17.734,1,107.00,10.198,7.859,336,315082,178.0,32.55,1.05,22.05
17.742,1,107.00,10.198,7.874,336,315082,178.0,32.56,1.05,22.04
17.751,1,107.00,10.198,8.034,336,315082,178.0,32.57,1.05,22.03
17.759,1,107.00,10.198,7.934,336,315082,178.0,32.58,1.05,22.02
17.767,1,107.00,10.198,8.120,336,315082,178.0,32.59,1.05,22.01
17.776,1,107.00,10.198,8.410,336,315082,178.0,32.60,1.05,22.00
17.784,1,107.00,10.198,8.468,336,315082,178.0,32.61,1.05,21.99
17.792,1,107.00,10.198,8.865,336,315082,178.0,32.62,1.05,21.98
17.801,1,107.00,10.198,8.891,337,315194,178.0,32.63,1.05,21.97
17.809,1,107.00,10.198,8.642,338,315254,178.0,32.64,1.05,21.96
17.817,1,107.00,10.198,8.738,338,315254,178.0,32.65,1.05,21.95
17.826,1,107.00,10.198,8.825,338,315254,178.0,32.66,1.05,21.94
17.835,1,107.00,10.198,8.980,341,315938,178.0,32.67,1.05,21.93
17.844,1,107.00,10.198,9.048,341,315938,178.0,32.68,1.06,21.92
17.853,1,107.00,10.198,9.228,341,315938,178.0,32.69,1.06,21.91
17.862,1,107.00,10.198,9.193,341,315938,178.0,32.70,1.06,21.90
17.871,1,107.00,10.198,9.174,341,315938,178.0,32.71,1.06,21.89
17.882,1,107.00,10.198,9.248,341,315938,178.0,32.73,1.06,21.87
17.892,1,107.00,10.198,9.105,341,315938,178.0,32.74,1.06,21.86
17.901,1,107.00,10.198,9.171,338,315482,178.0,32.75,1.06,21.85
17.910,1,107.00,10.198,8.973,338,315482,178.0,32.76,1.06,21.84
17.919,1,107.00,10.198,9.156,338,315482,178.0,32.77,1.06,21.83
17.928,1,107.00,10.198,8.806,338,315482,178.0,32.78,1.06,21.82
17.937,1,107.00,10.198,9.090,338,315482,178.0,32.79,1.06,21.81
17.946,1,107.00,10.198,9.153,338,315482,178.0,32.80,1.06,21.80
17.955,1,107.00,10.198,9.010,338,315482,178.0,32.81,1.06,21.79
17.964,1,107.00,10.198,8.977,338,315482,178.0,32.82,1.06,21.78
17.973,1,107.00,10.198,8.877,338,315482,178.0,32.83,1.06,21.77
17.983,1,107.00,10.198,8.754,337,315258,178.0,32.85,1.06,21.75
17.992,1,102.00,12.361,8.765,338,315366,178.0,32.86,1.06,21.74
18.001,1,102.00,12.361,8.759,337,315310,178.0,32.87,1.06,21.73
18.011,1,102.00,12.361,8.771,338,315478,178.0,32.88,1.06,21.72
18.020,1,102.00,12.361,8.811,338,315478,178.0,32.89,1.06,21.71
18.030,1,102.00,12.361,8.861,338,315478,178.0,32.90,1.06,21.70
18.039,1,102.00,12.361,8.892,338,315478,178.0,32.91,1.06,21.69
18.049,1,102.00,12.361,8.951,339,316144,178.0,32.93,1.06,21.67
18.058,1,102.00,12.361,8.929,339,316144,178.0,32.94,1.06,21.66
18.068,1,102.00,12.361,8.849,339,316144,178.0,32.95,1.06,21.65
18.077,1,102.00,12.361,8.911,336,315904,178.0,32.96,1.07,21.64
18.087,1,102.00,12.361,8.845,335,315880,178.0,32.97,1.07,21.63
18.096,1,102.00,12.361,9.045,335,315880,178.0,32.98,1.07,21.62
18.106,1,102.00,12.361,8.890,335,315880,178.0,32.99,1.07,21.61
18.116,1,102.00,12.361,8.907,334,315700,178.0,33.01,1.07,21.60
18.125,1,102.00,12.361,8.784,339,316144,178.0,33.02,1.07,21.60
18.135,1,102.00,12.361,8.725,339,316144,178.0,33.04,1.07,21.60
18.144,1,102.00,12.361,8.708,340,316192,178.0,33.06,1.07,21.60
18.154,1,102.00,12.361,8.630,340,316192,178.0,33.07,1.07,21.60
18.163,1,102.00,12.361,8.656,340,316192,178.0,33.09,1.07,21.60
18.173,1,102.00,12.361,8.612,341,316372,178.0,33.11,1.07,21.60
18.182,1,102.00,12.361,8.643,341,316372,178.0,33.12,1.07,21.60
18.192,1,102.00,12.361,8.581,341,316372,178.0,33.14,1.07,21.60
18.201,1,102.00,12.361,8.829,341,316372,178.0,33.15,1.07,21.60
18.211,1,102.00,12.361,8.679,341,316372,178.0,33.17,1.07,21.60
18.221,1,102.00,12.361,8.827,341,316372,178.0,33.19,1.06,21.60
18.230,1,102.00,12.361,8.699,341,316372,178.0,33.20,1.06,21.60
18.240,1,102.00,12.361,8.660,341,316372,178.0,33.22,1.06,21.60
18.249,1,102.00,12.361,8.653,341,316372,178.0,33.24,1.06,21.60
18.259,1,102.00,12.361,8.644,341,316372,178.0,33.25,1.06,21.60
18.268,1,102.00,12.361,8.814,341,316372,178.0,33.27,1.06,21.60
18.278,1,102.00,12.361,8.743,341,316372,178.0,33.28,1.06,21.60
18.287,1,102.00,12.361,8.499,341,316372,178.0,33.30,1.06,21.60
18.297,1,102.00,12.361,8.652,341,316360,178.0,33.32,1.06,21.60
18.306,1,102.00,12.361,8.586,341,316360,178.0,33.33,1.06,21.60
18.316,1,102.00,12.361,8.654,341,316360,178.0,33.35,1.06,21.60
18.325,1,102.00,12.361,8.676,340,316336,178.0,33.36,1.06,21.60
18.335,1,102.00,12.361,8.650,340,316336,178.0,33.38,1.06,21.60
18.344,1,102.00,12.361,8.561,336,316232,178.0,33.40,1.06,21.60
18.354,1,102.00,12.361,8.380,336,316232,178.0,33.41,1.06,21.60
18.363,1,102.00,12.361,8.385,336,316076,178.0,33.43,1.06,21.60
18.373,1,102.00,12.361,8.456,338,316736,178.0,33.45,1.06,21.60
18.382,1,102.00,12.361,8.450,339,316808,178.0,33.46,1.06,21.60
18.392,1,102.00,12.361,8.398,340,316844,178.0,33.48,1.06,21.60
18.401,1,102.00,12.361,8.317,341,316964,178.0,33.49,1.06,21.60
18.411,1,102.00,12.361,8.279,342,317356,178.0,33.51,1.06,21.60
18.420,1,102.00,12.361,8.192,343,317396,178.0,33.53,1.06,21.60
18.430,1,102.00,12.361,8.249,343,317396,178.0,33.54,1.06,21.60
18.439,1,102.00,12.361,8.316,343,317184,178.0,33.56,1.05,21.60
18.448,1,102.00,12.361,8.222,345,323736,178.0,33.57,1.05,21.60
18.457,1,102.00,12.361,8.106,344,323712,178.0,33.59,1.05,21.60
18.466,1,102.00,12.361,8.076,344,323712,178.0,33.60,1.05,21.60
18.475,1,102.00,12.361,8.244,346,316540,178.0,33.62,1.05,21.60
18.484,1,102.00,12.361,8.313,342,316436,178.0,33.63,1.05,21.60
18.494,1,102.00,12.361,8.179,342,316436,178.0,33.65,1.05,21.60
18.503,1,102.00,12.361,8.184,343,316556,178.0,33.67,1.05,21.60
18.512,1,102.00,12.361,8.522,343,316556,178.0,33.68,1.05,21.60
18.521,1,102.00,12.361,8.780,343,316556,178.0,33.70,1.05,21.60
18.531,1,102.00,12.361,8.808,343,316556,178.0,33.71,1.05,21.60
18.540,1,102.00,12.361,8.732,344,316736,178.0,33.73,1.05,21.60
18.549,1,102.00,12.361,8.767,344,316736,178.0,33.75,1.05,21.60
18.558,1,102.00,12.361,8.920,348,317756,178.0,33.76,1.05,21.60
18.568,1,102.00,12.361,8.824,348,317756,178.0,33.78,1.05,21.60
18.577,1,102.00,12.361,8.869,348,317756,178.0,33.79,1.05,21.60
18.586,1,102.00,12.361,8.859,345,317516,178.0,33.81,1.05,21.60
18.595,1,102.00,12.361,8.830,348,318068,178.0,33.82,1.04,21.60
18.605,1,102.00,12.361,8.853,348,318068,178.0,33.84,1.04,21.60
18.614,1,102.00,12.361,8.801,349,318128,178.0,33.86,1.04,21.60
18.623,1,102.00,12.361,8.903,350,318308,178.0,33.87,1.04,21.60
18.633,1,102.00,12.361,8.845,349,318284,178.0,33.89,1.04,21.60
18.642,1,102.00,12.361,8.757,350,318504,178.0,33.90,1.04,21.60
18.651,1,102.00,12.361,8.765,351,324888,178.0,33.92,1.04,21.60
18.661,1,102.00,12.361,8.799,352,324996,178.0,33.93,1.04,21.60
18.670,1,102.00,12.361,8.689,354,325440,178.0,33.95,1.04,21.60
18.679,1,102.00,12.361,8.644,354,330356,178.0,33.97,1.04,21.60
18.689,1,102.00,12.361,8.556,354,330356,178.0,33.98,1.04,21.60
18.698,1,102.00,12.361,8.643,354,330356,178.0,34.00,1.04,21.60
18.707,1,102.00,12.361,8.609,355,330404,178.0,34.01,1.04,21.60
18.717,1,102.00,12.361,8.824,356,336396,178.0,34.03,1.04,21.60
18.726,1,102.00,12.361,8.834,358,343756,178.0,34.05,1.04,21.60
18.736,1,102.00,12.361,8.790,359,349580,178.0,34.06,1.04,21.60
18.745,1,102.00,12.361,8.546,358,349356,178.0,34.08,1.04,21.60
18.754,1,102.00,12.361,8.584,360,355040,178.0,34.09,1.04,21.60
18.763,1,102.00,12.361,8.561,361,355076,178.0,34.11,1.04,21.60
18.773,1,102.00,12.361,8.603,362,361684,178.0,34.13,1.04,21.60
18.782,1,102.00,12.361,8.372,363,368124,178.0,34.14,1.04,21.60
18.791,1,102.00,12.361,8.538,362,368100,178.0,34.16,1.04,21.60
18.800,1,102.00,12.361,8.454,364,375304,178.0,34.17,1.04,21.60
18.810,1,102.00,12.361,8.294,365,382808,178.0,34.19,1.04,21.60
18.819,1,102.00,12.361,8.271,362,382580,178.0,34.20,1.04,21.60
18.828,1,102.00,12.361,8.314,368,378092,178.0,34.22,1.04,21.60
18.837,1,102.00,12.361,8.093,369,384476,178.0,34.24,1.04,21.60
18.847,1,102.00,12.361,8.141,369,384476,178.0,34.25,1.04,21.60
18.856,1,102.00,12.361,8.330,371,384920,178.0,34.27,1.04,21.60
18.865,1,102.00,12.361,8.175,372,390016,178.0,34.28,1.04,21.60
18.875,1,102.00,12.361,8.105,372,390016,178.0,34.30,1.04,21.60
18.884,1,102.00,12.361,8.187,372,390016,178.0,34.31,1.04,21.60
18.893,1,102.00,12.361,8.165,372,390016,178.0,34.33,1.04,21.60
18.902,1,102.00,12.361,8.119,371,389836,178.0,34.35,1.04,21.60
18.912,1,102.00,12.361,8.104,371,389836,178.0,34.36,1.04,21.60
18.921,1,102.00,12.361,8.032,371,389836,178.0,34.38,1.04,21.60
18.930,1,102.00,12.361,8.114,372,389956,178.0,34.39,1.04,21.60
18.939,1,102.00,12.361,8.105,372,389956,178.0,34.41,1.04,21.60
18.949,1,102.00,12.361,8.053,370,389752,178.0,34.42,1.04,21.60
18.958,1,102.00,12.361,8.105,370,389752,178.0,34.44,1.04,21.60
18.966,1,102.00,12.361,8.101,370,389752,178.0,34.45,1.04,21.60
18.975,1,102.00,12.361,8.250,374,391716,178.0,34.47,1.04,21.60
18.984,1,102.00,12.361,8.297,373,388942,178.0,34.48,1.04,21.60
18.993,1,102.00,12.361,8.299,374,391238,178.0,34.50,1.04,21.60
19.002,1,102.00,12.361,8.288,374,391238,178.0,34.52,1.04,21.60
19.011,1,109.00,9.758,8.239,374,391382,178.0,34.53,1.04,21.60
19.020,1,109.00,9.758,8.169,376,393846,178.0,34.55,1.04,21.60
19.028,1,109.00,9.758,8.167,377,394686,178.0,34.56,1.04,21.60
19.038,1,109.00,9.758,8.390,378,396366,178.0,34.58,1.04,21.60
19.047,1,109.00,9.758,8.447,378,396366,178.0,34.59,1.04,21.60
19.056,1,109.00,9.758,8.416,378,396366,178.0,34.61,1.05,21.60
19.064,1,109.00,9.758,8.557,378,396402,178.0,34.62,1.05,21.60
19.072,1,109.00,9.758,8.714,380,397194,178.0,34.63,1.05,21.60
19.081,1,109.00,9.758,8.744,382,399994,178.0,34.65,1.05,21.60
19.089,1,109.00,9.758,8.879,382,399994,178.0,34.66,1.05,21.60
19.097,1,109.00,9.758,8.974,382,399994,178.0,34.68,1.05,21.60
19.106,1,109.00,9.758,8.902,384,400050,178.0,34.69,1.05,21.60
19.114,1,109.00,9.758,8.864,384,400050,178.0,34.71,1.05,21.60
19.123,1,109.00,9.758,8.898,385,400158,178.0,34.72,1.05,21.60
19.132,1,109.00,9.758,9.008,385,400158,178.0,34.74,1.05,21.60
19.142,1,109.00,9.758,9.052,385,400382,178.0,34.75,1.05,21.60
19.151,1,109.00,9.758,9.064,385,401882,178.0,34.77,1.05,21.60
19.160,1,109.00,9.758,9.286,385,401882,178.0,34.78,1.05,21.60
19.169,1,109.00,9.758,10.818,385,401882,178.0,34.80,1.05,21.60
19.178,1,109.00,9.758,10.909,385,401886,178.0,34.81,1.05,21.61
19.188,1,109.00,9.758,10.885,315,372884,178.0,34.82,1.05,21.62
19.199,1,109.00,9.758,10.195,315,372884,178.0,34.84,1.05,21.64
19.210,1,109.00,9.758,10.195,314,372704,178.0,34.85,1.05,21.65
19.221,1,109.00,9.758,10.220,315,373152,178.0,34.86,1.05,21.66
19.232,1,109.00,9.758,10.395,315,373152,178.0,34.87,1.05,21.67
19.243,1,109.00,9.758,10.450,315,373152,178.0,34.89,1.05,21.69
19.254,1,109.00,9.758,10.536,317,373512,178.0,34.90,1.06,21.70
19.266,1,109.00,9.758,10.691,320,374626,178.0,34.92,1.06,21.72
19.277,1,109.00,9.758,10.799,321,374782,178.0,34.93,1.06,21.73
19.289,1,109.00,9.758,11.088,322,375510,178.0,34.94,1.06,21.74
19.300,1,109.00,9.758,10.884,325,377190,178.0,34.96,1.06,21.76
19.312,1,109.00,9.758,11.043,326,378750,178.0,34.97,1.06,21.77
19.324,1,109.00,9.758,11.171,326,378750,178.0,34.99,1.06,21.79
19.336,1,109.00,9.758,11.283,330,381926,178.0,35.00,1.06,21.80
19.348,1,109.00,9.758,11.431,332,382538,178.0,35.01,1.06,21.81
19.360,1,109.00,9.758,11.528,334,382658,178.0,35.03,1.06,21.83
19.372,1,109.00,9.758,11.549,334,382658,178.0,35.04,1.06,21.84
19.385,1,109.00,9.758,11.761,335,382838,178.0,35.06,1.06,21.86
19.397,1,109.00,9.758,11.668,337,385222,178.0,35.07,1.06,21.87
19.409,1,109.00,9.758,11.614,341,385550,178.0,35.09,1.06,21.89
19.422,1,109.00,9.758,11.775,346,386110,178.0,35.10,1.06,21.90
19.434,1,109.00,9.758,11.782,347,386146,178.0,35.12,1.06,21.92
19.447,1,109.00,9.758,11.834,348,386202,178.0,35.13,1.06,21.93
19.459,1,109.00,9.758,11.997,352,389826,178.0,35.15,1.06,21.95
19.472,1,109.00,9.758,11.943,355,393118,178.0,35.16,1.06,21.96
19.485,1,109.00,9.758,11.942,356,393174,178.0,35.18,1.06,21.98
19.497,1,109.00,9.758,12.040,360,394294,178.0,35.19,1.06,21.99
19.510,1,109.00,9.758,11.992,360,394294,178.0,35.21,1.06,22.01
19.523,1,109.00,9.758,12.030,360,394686,178.0,35.22,1.06,22.02
19.536,1,109.00,9.758,12.148,362,398820,178.0,35.24,1.06,22.04
19.548,1,109.00,9.758,12.163,366,411940,178.0,35.26,1.06,22.06
19.561,1,109.00,9.758,12.141,369,412852,178.0,35.27,1.06,22.07
19.574,1,109.00,9.758,12.280,372,413080,178.0,35.29,1.06,22.09
19.587,1,109.00,9.758,12.225,372,413080,178.0,35.30,1.06,22.10
19.600,1,109.00,9.758,12.135,373,413416,178.0,35.32,1.05,22.12
19.613,1,109.00,9.758,12.261,375,413632,178.0,35.33,1.05,22.13
19.626,1,109.00,9.758,12.229,377,413872,178.0,35.35,1.05,22.15
19.639,1,109.00,9.758,12.212,383,414936,178.0,35.36,1.05,22.16
19.652,1,109.00,9.758,12.182,384,414984,178.0,35.38,1.05,22.18
19.665,1,109.00,9.758,12.143,388,415992,178.0,35.40,1.05,22.20
19.678,1,109.00,9.758,12.095,388,415992,178.0,35.42,1.05,22.20
19.691,1,109.00,9.758,12.027,386,408284,178.0,35.44,1.05,22.20
19.704,1,109.00,9.758,11.981,386,406380,178.0,35.46,1.05,22.20
19.717,1,109.00,9.758,11.906,387,407220,178.0,35.48,1.05,22.20
19.730,1,109.00,9.758,11.898,388,407268,178.0,35.50,1.05,22.20
19.743,1,109.00,9.758,11.926,385,407040,178.0,35.53,1.05,22.20
19.756,1,109.00,9.758,11.839,388,407400,178.0,35.55,1.05,22.20
19.768,1,109.00,9.758,11.860,388,407400,178.0,35.57,1.04,22.20
19.781,1,109.00,9.758,11.878,388,407400,178.0,35.59,1.04,22.20
19.794,1,109.00,9.758,11.962,386,407280,178.0,35.61,1.04,22.20
19.807,1,109.00,9.758,12.190,390,409068,178.0,35.64,1.04,22.20
19.820,1,109.00,9.758,12.319,390,409068,178.0,35.66,1.04,22.20
19.833,1,109.00,9.758,12.545,390,409068,178.0,35.68,1.04,22.20
19.846,1,109.00,9.758,12.724,393,409308,178.0,35.70,1.04,22.20
19.859,1,109.00,9.758,12.829,392,409644,178.0,35.72,1.04,22.20
19.872,1,109.00,9.758,13.052,395,409764,178.0,35.75,1.04,22.20
19.885,1,109.00,9.758,13.004,395,409764,178.0,35.77,1.04,22.20
19.898,1,109.00,9.758,12.869,393,409708,178.0,35.79,1.04,22.20
19.911,1,109.00,9.758,12.808,392,409540,178.0,35.81,1.04,22.20
19.924,1,109.00,9.758,12.838,394,412228,178.0,35.83,1.04,22.20
19.938,1,109.00,9.758,12.807,395,415084,178.0,35.86,1.04,22.20
19.951,1,109.00,9.758,12.745,394,413124,178.0,35.88,1.03,22.20
19.965,1,109.00,9.758,12.754,394,413124,178.0,35.90,1.03,22.20
19.978,1,109.00,9.758,12.723,393,413068,178.0,35.93,1.03,22.20
19.992,1,84.00,13.657,13.012,391,410736,178.0,35.95,1.03,22.20
20.005,1,84.00,13.657,12.983,391,410732,178.0,35.97,1.03,22.20
20.019,1,84.00,13.657,12.859,391,410732,178.0,36.00,1.03,22.20
20.032,1,84.00,13.657,12.756,391,410732,178.0,36.02,1.03,22.20
20.046,1,84.00,13.657,12.762,390,405188,178.0,36.04,1.03,22.20
20.059,1,84.00,13.657,12.768,391,405308,178.0,36.06,1.03,22.20
20.073,1,84.00,13.657,12.766,394,405820,178.0,36.09,1.03,22.20
20.086,1,84.00,13.657,12.700,394,405820,178.0,36.11,1.03,22.20
20.100,1,84.00,13.657,12.759,394,405820,178.0,36.13,1.03,22.20
20.113,1,84.00,13.657,12.758,395,405876,178.0,36.16,1.03,22.20
20.127,1,84.00,13.657,12.913,395,405876,178.0,36.18,1.03,22.20
20.141,1,84.00,13.657,12.700,395,405876,178.0,36.20,1.03,22.20
20.154,1,84.00,13.657,12.718,395,406100,178.0,36.23,1.03,22.20
20.168,1,84.00,13.657,12.714,396,408956,178.0,36.25,1.03,22.20
20.182,1,84.00,13.657,12.735,395,408788,178.0,36.27,1.03,22.20
20.195,1,84.00,13.657,12.733,395,408788,178.0,36.29,1.03,22.20
20.209,1,84.00,13.657,12.750,394,406828,178.0,36.32,1.03,22.20
20.222,1,84.00,13.657,12.935,395,407276,178.0,36.34,1.03,22.20
20.236,1,84.00,13.657,12.230,396,407636,178.0,36.36,1.03,22.20
20.250,1,84.00,13.657,12.328,396,408048,178.0,36.39,1.03,22.20
20.263,1,84.00,13.657,12.244,396,408048,178.0,36.41,1.04,22.20
20.277,1,84.00,13.657,11.829,395,407992,178.0,36.43,1.04,22.20
20.291,1,84.00,13.657,11.237,395,407992,178.0,36.46,1.04,22.20
20.304,1,84.00,13.657,10.654,396,408136,178.0,36.48,1.04,22.20
20.317,1,84.00,13.657,10.355,396,408136,178.0,36.50,1.04,22.20
20.331,1,84.00,13.657,10.266,396,408136,178.0,36.53,1.04,22.20
20.344,1,84.00,13.657,10.296,396,408136,178.0,36.55,1.04,22.20
20.356,1,84.00,13.657,10.175,396,408136,178.0,36.57,1.04,22.20
20.366,1,84.00,13.657,10.247,396,408136,178.0,36.59,1.04,22.20
20.377,1,84.00,13.657,10.111,396,408136,178.0,36.60,1.04,22.20
20.388,1,84.00,13.657,10.243,396,405932,178.0,36.62,1.04,22.20
20.399,1,84.00,13.657,10.078,396,405932,178.0,36.64,1.04,22.20
20.409,1,84.00,13.657,9.895,396,405932,178.0,36.66,1.04,22.20
20.420,1,84.00,13.657,10.016,395,405688,178.0,36.68,1.04,22.20
20.431,1,84.00,13.657,10.010,395,405692,178.0,36.70,1.04,22.20
20.441,1,84.00,13.657,9.992,395,405692,178.0,36.71,1.04,22.20
20.452,1,84.00,13.657,10.054,396,406192,178.0,36.73,1.05,22.20
20.463,1,84.00,13.657,10.092,395,406028,178.0,36.75,1.05,22.20
20.474,1,84.00,13.657,10.302,395,406028,178.0,36.77,1.05,22.20
20.485,1,84.00,13.657,10.216,395,406028,178.0,36.79,1.05,22.20
20.495,1,84.00,13.657,10.280,396,406420,178.0,36.80,1.05,22.20
20.506,1,84.00,13.657,10.359,395,406364,178.0,36.82,1.05,22.20
20.516,1,84.00,13.657,10.513,398,406288,178.0,36.84,1.05,22.20
20.526,1,84.00,13.657,10.468,398,406288,178.0,36.86,1.05,22.20
20.537,1,84.00,13.657,10.416,399,406792,178.0,36.88,1.05,22.20
20.548,1,84.00,13.657,10.535,399,406792,178.0,36.89,1.05,22.20
20.558,1,84.00,13.657,10.495,401,406912,178.0,36.91,1.05,22.20
20.569,1,84.00,13.657,10.448,401,406912,178.0,36.93,1.05,22.20
20.579,1,84.00,13.657,10.430,401,406912,178.0,36.95,1.05,22.20
20.590,1,84.00,13.657,10.443,401,406912,178.0,36.97,1.05,22.20
20.601,1,84.00,13.657,10.504,400,406888,178.0,36.98,1.05,22.20
20.611,1,84.00,13.657,10.526,400,406888,178.0,37.00,1.05,22.20
20.622,1,84.00,13.657,10.456,400,406888,178.0,37.02,1.05,22.20
20.632,1,84.00,13.657,10.453,400,406888,178.0,37.04,1.05,22.20
20.643,1,84.00,13.657,10.238,400,406888,178.0,37.06,1.05,22.20
20.654,1,84.00,13.657,10.374,400,406888,178.0,37.07,1.05,22.20
20.665,1,84.00,13.657,10.275,400,406888,178.0,37.09,1.05,22.20
20.676,1,84.00,13.657,10.270,400,406888,178.0,37.11,1.05,22.20
20.687,1,84.00,13.657,10.366,400,406888,178.0,37.13,1.05,22.20
20.698,1,84.00,13.657,10.252,400,406888,178.0,37.15,1.05,22.20
20.709,1,84.00,13.657,10.399,400,406888,178.0,37.17,1.05,22.20
20.720,1,84.00,13.657,10.341,400,406888,178.0,37.19,1.05,22.20
20.731,1,84.00,13.657,10.235,400,406888,178.0,37.20,1.05,22.20
20.742,1,84.00,13.657,10.229,382,404764,178.0,37.22,1.05,22.22
20.752,1,84.00,13.657,10.145,385,405248,178.0,37.23,1.05,22.23
20.763,1,84.00,13.657,10.051,386,405584,178.0,37.24,1.05,22.24
20.774,1,84.00,13.657,9.979,387,405640,178.0,37.26,1.05,22.26
20.785,1,84.00,13.657,10.042,386,405300,178.0,37.27,1.05,22.27
20.795,1,84.00,13.657,10.066,389,405796,178.0,37.28,1.05,22.28
20.806,1,84.00,13.657,10.126,389,405436,178.0,37.29,1.05,22.29
20.817,1,84.00,13.657,10.031,394,406108,178.0,37.31,1.05,22.31
20.827,1,84.00,13.657,9.880,395,406500,178.0,37.32,1.05,22.32
20.838,1,84.00,13.657,10.063,395,406496,178.0,37.33,1.05,22.33
20.848,1,84.00,13.657,10.006,399,407388,178.0,37.35,1.05,22.35
20.859,1,84.00,13.657,9.903,397,406604,178.0,37.36,1.05,22.36
20.870,1,84.00,13.657,9.955,397,406660,178.0,37.37,1.05,22.37
20.880,1,84.00,13.657,9.717,397,406660,178.0,37.38,1.05,22.38
20.891,1,84.00,13.657,9.758,398,407052,178.0,37.40,1.05,22.40
20.902,1,84.00,13.657,9.695,399,407132,178.0,37.41,1.05,22.41
20.912,1,84.00,13.657,9.773,399,407132,178.0,37.42,1.05,22.42
20.923,1,84.00,13.657,9.731,396,406196,178.0,37.43,1.05,22.43
20.933,1,84.00,13.657,9.700,397,406244,178.0,37.45,1.04,22.45
20.944,1,84.00,13.657,9.804,396,406004,178.0,37.46,1.04,22.46
20.955,1,84.00,13.657,9.679,397,406028,178.0,37.47,1.04,22.47
20.965,1,84.00,13.657,9.581,397,406028,178.0,37.49,1.04,22.49
20.976,1,84.00,13.657,9.519,395,405548,178.0,37.50,1.04,22.50
20.986,1,84.00,13.657,9.496,395,405548,178.0,37.51,1.04,22.51
20.997,1,84.00,13.657,9.503,395,405548,178.0,37.52,1.04,22.52
21.008,1,88.00,13.642,9.530,395,405548,178.0,37.54,1.04,22.54
21.018,1,88.00,13.642,9.573,394,405044,178.0,37.55,1.04,22.55
21.029,1,88.00,13.642,9.586,393,404988,178.0,37.56,1.04,22.56
21.039,1,88.00,13.642,9.541,393,404988,178.0,37.57,1.04,22.57
21.050,1,88.00,13.642,9.629,391,400788,178.0,37.59,1.04,22.59
21.061,1,88.00,13.642,9.514,391,400788,178.0,37.60,1.04,22.60
21.071,1,88.00,13.642,9.529,391,400788,178.0,37.61,1.04,22.61
21.082,1,88.00,13.642,9.404,391,400788,178.0,37.63,1.04,22.63
21.092,1,88.00,13.642,9.261,390,400452,178.0,37.64,1.03,22.64
21.103,1,88.00,13.642,9.190,390,400452,178.0,37.65,1.03,22.65
21.113,1,88.00,13.642,9.514,389,400372,178.0,37.66,1.03,22.66
21.124,1,88.00,13.642,9.421,389,400372,178.0,37.68,1.03,22.68
21.133,1,88.00,13.642,9.168,387,399724,178.0,37.69,1.03,22.69
21.143,1,88.00,13.642,9.190,385,380180,178.0,37.70,1.03,22.70
21.153,1,88.00,13.642,9.059,385,380180,178.0,37.71,1.03,22.71
21.163,1,88.00,13.642,9.076,385,380180,178.0,37.72,1.03,22.72
21.172,1,88.00,13.642,9.140,385,380180,178.0,37.73,1.03,22.73
21.182,1,88.00,13.642,9.104,384,380072,178.0,37.75,1.03,22.75
21.192,1,88.00,13.642,9.269,384,380072,178.0,37.76,1.03,22.76
21.202,1,88.00,13.642,9.011,384,380072,178.0,37.77,1.03,22.77
21.212,1,88.00,13.642,9.093,384,380072,178.0,37.78,1.03,22.78
21.222,1,88.00,13.642,9.014,382,366576,178.0,37.79,1.03,22.79
21.231,1,88.00,13.642,8.831,383,366744,178.0,37.81,1.03,22.80
21.240,1,88.00,13.642,8.737,385,351856,178.0,37.82,1.03,22.80
21.250,1,88.00,13.642,8.769,385,351856,178.0,37.84,1.03,22.80
21.259,1,88.00,13.642,8.890,385,351856,178.0,37.86,1.03,22.80
21.269,1,88.00,13.642,8.782,384,347880,178.0,37.87,1.03,22.80
21.278,1,88.00,13.642,8.660,384,347880,178.0,37.89,1.03,22.80
21.288,1,88.00,13.642,8.886,384,347880,178.0,37.90,1.03,22.80
21.297,1,88.00,13.642,8.736,384,347880,178.0,37.92,1.03,22.80
21.306,1,88.00,13.642,8.555,384,347880,178.0,37.94,1.03,22.80
21.315,1,88.00,13.642,8.426,384,347880,178.0,37.95,1.03,22.80
21.324,1,88.00,13.642,8.404,384,347880,178.0,37.97,1.03,22.80
21.334,1,88.00,13.642,8.522,383,331024,178.0,37.98,1.03,22.80
21.342,1,88.00,13.642,8.301,383,331024,178.0,38.00,1.03,22.80
21.351,1,88.00,13.642,8.228,383,331024,178.0,38.01,1.03,22.80
21.360,1,88.00,13.642,8.179,382,330912,178.0,38.03,1.03,22.80
21.369,1,88.00,13.642,8.201,382,330912,178.0,38.04,1.03,22.80
21.378,1,88.00,13.642,8.230,381,316128,178.0,38.06,1.03,22.80
21.387,1,88.00,13.642,8.218,381,316128,178.0,38.07,1.03,22.80
21.396,1,88.00,13.642,8.229,380,316068,178.0,38.09,1.03,22.80
21.404,1,88.00,13.642,8.245,380,316068,178.0,38.10,1.03,22.80
21.413,1,88.00,13.642,8.265,378,315420,178.0,38.12,1.03,22.80
21.422,1,88.00,13.642,8.364,379,315540,178.0,38.13,1.03,22.80
21.431,1,88.00,13.642,8.328,379,315540,178.0,38.15,1.03,22.80
21.439,1,88.00,13.642,8.359,379,315540,178.0,38.16,1.03,22.80
21.447,1,88.00,13.642,8.411,379,315540,178.0,38.18,1.03,22.80
21.456,1,88.00,13.642,8.406,379,315540,178.0,38.19,1.03,22.80
21.464,1,88.00,13.642,8.381,377,302044,178.0,38.20,1.03,22.80
21.472,1,88.00,13.642,8.361,377,302044,178.0,38.22,1.03,22.80
21.481,1,88.00,13.642,8.377,376,301988,178.0,38.23,1.03,22.80
21.489,1,88.00,13.642,8.307,375,301764,178.0,38.25,1.03,22.80
21.497,1,88.00,13.642,8.278,375,301764,178.0,38.26,1.03,22.80
21.506,1,88.00,13.642,8.329,375,301764,178.0,38.27,1.03,22.80
21.514,1,88.00,13.642,8.282,375,301764,178.0,38.29,1.03,22.80
21.522,1,88.00,13.642,8.293,375,301764,178.0,38.30,1.03,22.80
21.531,1,88.00,13.642,8.265,375,301764,178.0,38.32,1.03,22.80
21.540,1,88.00,13.642,8.315,374,301708,178.0,38.33,1.03,22.80
21.549,1,88.00,13.642,8.318,374,301708,178.0,38.35,1.03,22.80
21.558,1,88.00,13.642,8.296,374,301708,178.0,38.36,1.03,22.80
21.567,1,88.00,13.642,8.328,373,301528,178.0,38.38,1.03,22.80
21.576,1,88.00,13.642,8.285,373,301528,178.0,38.39,1.03,22.80
21.585,1,88.00,13.642,8.297,373,301528,178.0,38.41,1.03,22.80
21.594,1,88.00,13.642,8.312,373,301588,178.0,38.42,1.03,22.80
21.603,1,88.00,13.642,7.921,373,301588,178.0,38.44,1.03,22.80
21.611,1,88.00,13.642,7.899,373,301588,178.0,38.45,1.03,22.80
21.620,1,88.00,13.642,7.875,374,301708,178.0,38.47,1.03,22.80
21.628,1,88.00,13.642,7.833,374,301708,178.0,38.48,1.03,22.80
21.637,1,88.00,13.642,7.839,374,301708,178.0,38.50,1.03,22.80
21.645,1,88.00,13.642,7.828,374,301708,178.0,38.51,1.03,22.80
21.654,1,88.00,13.642,7.805,374,301708,178.0,38.53,1.03,22.80
21.662,1,88.00,13.642,7.840,374,301708,178.0,38.54,1.04,22.80
21.671,1,88.00,13.642,7.865,374,301708,178.0,38.55,1.04,22.80
21.679,1,88.00,13.642,7.881,373,301540,178.0,38.57,1.04,22.80
21.688,1,88.00,13.642,7.875,373,301540,178.0,38.58,1.04,22.80
21.696,1,88.00,13.642,7.875,373,301540,178.0,38.60,1.04,22.80
21.705,1,88.00,13.642,7.841,373,301540,178.0,38.61,1.04,22.80
21.713,1,88.00,13.642,7.800,373,301540,178.0,38.63,1.04,22.80
21.722,1,88.00,13.642,7.846,372,301480,178.0,38.64,1.04,22.80
21.730,1,88.00,13.642,7.866,371,285072,178.0,38.66,1.04,22.80
21.739,1,88.00,13.642,7.850,371,285072,178.0,38.67,1.04,22.80
21.747,1,88.00,13.642,7.896,370,284904,178.0,38.68,1.04,22.80
21.756,1,88.00,13.642,7.886,370,284904,178.0,38.70,1.04,22.80
21.764,1,88.00,13.642,7.971,369,270176,178.0,38.71,1.04,22.80
21.773,1,88.00,13.642,8.004,369,270176,178.0,38.73,1.04,22.80
21.782,1,88.00,13.642,8.262,370,270256,178.0,38.74,1.04,22.80
21.791,1,88.00,13.642,8.103,370,270256,178.0,38.76,1.04,22.80
21.800,1,88.00,13.642,8.147,369,269976,178.0,38.77,1.04,22.80
21.808,1,88.00,13.642,8.229,369,269976,178.0,38.79,1.04,22.80
21.817,1,88.00,13.642,8.274,369,269976,178.0,38.80,1.04,22.80
21.826,1,88.00,13.642,8.301,369,269976,178.0,38.82,1.04,22.80
21.835,1,88.00,13.642,8.351,369,269976,178.0,38.83,1.04,22.80
21.844,1,88.00,13.642,8.408,368,269808,178.0,38.85,1.04,22.80
21.854,1,88.00,13.642,8.452,368,269808,178.0,38.87,1.04,22.80
21.863,1,88.00,13.642,8.525,368,269808,178.0,38.88,1.04,22.80
21.872,1,88.00,13.642,8.587,368,269808,178.0,38.90,1.04,22.80
21.881,1,88.00,13.642,8.669,368,269808,178.0,38.91,1.04,22.80
21.890,1,88.00,13.642,8.711,368,269808,178.0,38.93,1.04,22.80
21.899,1,88.00,13.642,8.777,368,269808,178.0,38.94,1.05,22.80
21.908,1,88.00,13.642,8.873,369,269864,178.0,38.96,1.05,22.80
21.917,1,88.00,13.642,8.917,369,269864,178.0,38.97,1.05,22.80
21.926,1,88.00,13.642,8.958,369,269864,178.0,38.99,1.05,22.80
21.935,1,88.00,13.642,9.095,369,269864,178.0,39.00,1.05,22.80
21.945,1,88.00,13.642,9.116,367,269528,178.0,39.02,1.05,22.80
21.954,1,88.00,13.642,8.963,367,269528,178.0,39.04,1.05,22.80
21.963,1,88.00,13.642,8.976,367,269528,178.0,39.05,1.05,22.80
21.972,1,88.00,13.642,9.041,367,269528,178.0,39.07,1.05,22.80
21.981,1,88.00,13.642,9.039,367,269528,178.0,39.08,1.05,22.80
21.990,1,108.00,10.264,9.104,366,269472,178.0,39.10,1.05,22.80
21.999,1,108.00,10.264,9.056,365,269116,178.0,39.11,1.05,22.80
22.008,1,108.00,10.264,9.147,365,269116,178.0,39.13,1.05,22.80
22.018,1,108.00,10.264,9.174,365,269116,178.0,39.15,1.05,22.80
22.028,1,108.00,10.264,9.177,365,269116,178.0,39.16,1.05,22.80
22.038,1,108.00,10.264,9.231,365,269116,178.0,39.18,1.04,22.80
22.048,1,108.00,10.264,9.226,366,269172,178.0,39.20,1.04,22.80
22.057,1,108.00,10.264,9.160,367,269228,178.0,39.21,1.04,22.80
22.067,1,108.00,10.264,9.166,367,269228,178.0,39.23,1.04,22.80
22.077,1,108.00,10.264,9.139,366,269060,178.0,39.25,1.04,22.80
22.087,1,108.00,10.264,9.173,367,269276,178.0,39.26,1.04,22.80
22.097,1,108.00,10.264,9.122,370,269876,178.0,39.28,1.04,22.80
22.107,1,108.00,10.264,9.144,370,269876,178.0,39.30,1.04,22.80
22.116,1,108.00,10.264,9.080,370,269876,178.0,39.31,1.04,22.80
22.126,1,108.00,10.264,9.068,370,269876,178.0,39.33,1.04,22.80
22.136,1,108.00,10.264,9.059,371,271916,178.0,39.35,1.04,22.80
22.146,1,108.00,10.264,9.043,371,271916,178.0,39.36,1.04,22.80
22.155,1,108.00,10.264,9.059,371,271916,178.0,39.38,1.04,22.80
22.165,1,108.00,10.264,8.968,372,271972,178.0,39.39,1.04,22.80
22.175,1,108.00,10.264,9.003,371,271612,178.0,39.41,1.04,22.80
22.184,1,108.00,10.264,8.972,375,271872,178.0,39.43,1.04,22.80
22.194,1,108.00,10.264,8.925,374,271816,178.0,39.44,1.04,22.80
22.204,1,108.00,10.264,8.871,374,271816,178.0,39.46,1.04,22.80
22.214,1,108.00,10.264,8.844,374,271816,178.0,39.48,1.04,22.80
22.223,1,108.00,10.264,8.847,374,271816,178.0,39.49,1.04,22.80
22.233,1,108.00,10.264,8.881,374,271816,178.0,39.51,1.04,22.80
22.243,1,108.00,10.264,8.823,374,271816,178.0,39.53,1.04,22.80
22.252,1,108.00,10.264,8.823,374,271816,178.0,39.54,1.04,22.80
22.262,1,108.00,10.264,8.768,375,272320,178.0,39.56,1.03,22.80
22.272,1,108.00,10.264,8.705,375,272320,178.0,39.58,1.03,22.80
22.282,1,108.00,10.264,8.721,376,272768,178.0,39.59,1.03,22.80
22.291,1,108.00,10.264,8.661,376,272768,178.0,39.61,1.03,22.81
22.301,1,108.00,10.264,8.666,368,271384,178.0,39.62,1.03,22.82
22.311,1,108.00,10.264,9.341,365,270936,178.0,39.63,1.03,22.83
22.321,1,108.00,10.264,9.341,364,270852,178.0,39.64,1.03,22.84
22.330,1,108.00,10.264,9.254,360,270676,178.0,39.65,1.03,22.85
22.340,1,108.00,10.264,9.210,359,270508,178.0,39.67,1.03,22.87
22.350,1,108.00,10.264,9.184,359,270508,178.0,39.68,1.03,22.88
22.359,1,108.00,10.264,9.171,361,270656,178.0,39.69,1.03,22.89
22.369,1,108.00,10.264,9.054,360,270620,178.0,39.70,1.03,22.90
22.379,1,108.00,10.264,9.034,359,269444,178.0,39.71,1.03,22.91
22.389,1,108.00,10.264,8.985,358,267764,178.0,39.72,1.03,22.92
22.398,1,108.00,10.264,8.961,358,267764,178.0,39.74,1.03,22.94
22.408,1,108.00,10.264,8.897,358,267764,178.0,39.75,1.03,22.95
22.418,1,108.00,10.264,8.805,359,268212,178.0,39.76,1.03,22.96
22.427,1,108.00,10.264,8.711,359,268212,178.0,39.77,1.02,22.97
22.437,1,108.00,10.264,8.679,360,267936,178.0,39.78,1.02,22.98
22.447,1,108.00,10.264,8.599,360,267936,178.0,39.79,1.02,22.99
22.457,1,108.00,10.264,8.549,360,267936,178.0,39.81,1.02,23.01
22.466,1,108.00,10.264,8.518,360,267920,178.0,39.82,1.02,23.02
22.476,1,108.00,10.264,8.396,360,267920,178.0,39.83,1.02,23.03
22.486,1,108.00,10.264,8.373,363,268892,178.0,39.84,1.02,23.04
22.496,1,108.00,10.264,8.391,363,268892,178.0,39.85,1.02,23.05
22.505,1,108.00,10.264,8.317,363,268892,178.0,39.86,1.02,23.06
22.515,1,108.00,10.264,8.213,364,268940,178.0,39.88,1.02,23.08
22.524,1,108.00,10.264,8.137,365,269276,178.0,39.89,1.02,23.09
22.534,1,108.00,10.264,8.024,365,269276,178.0,39.90,1.02,23.10
22.543,1,108.00,10.264,7.979,366,269780,178.0,39.91,1.02,23.11
22.553,1,108.00,10.264,7.939,366,269780,178.0,39.92,1.02,23.12
22.562,1,108.00,10.264,7.872,366,269780,178.0,39.93,1.02,23.13
22.572,1,108.00,10.264,7.835,366,269780,178.0,39.94,1.02,23.14
22.581,1,108.00,10.264,7.811,366,269716,178.0,39.96,1.02,23.16
22.591,1,108.00,10.264,7.754,366,269716,178.0,39.97,1.02,23.17
22.600,1,108.00,10.264,7.715,366,269716,178.0,39.98,1.02,23.18
22.608,1,108.00,10.264,7.653,366,269716,178.0,39.99,1.02,23.19
22.616,1,108.00,10.264,7.628,366,269716,178.0,40.00,1.02,23.20
22.625,1,108.00,10.264,7.619,367,270556,178.0,40.01,1.02,23.21
22.633,1,108.00,10.264,7.575,368,285284,178.0,40.02,1.02,23.22
22.641,1,108.00,10.264,7.566,369,285664,178.0,40.03,1.02,23.23
22.649,1,108.00,10.264,7.581,370,286276,178.0,40.04,1.02,23.24
22.657,1,108.00,10.264,7.594,371,286556,178.0,40.05,1.02,23.25
22.666,1,108.00,10.264,7.580,371,302628,178.0,40.06,1.02,23.26
22.674,1,108.00,10.264,7.528,371,302628,178.0,40.07,1.02,23.27
22.682,1,108.00,10.264,7.595,370,302460,178.0,40.08,1.02,23.28
22.690,1,108.00,10.264,7.549,370,302460,178.0,40.09,1.02,23.29
22.698,1,108.00,10.264,7.508,369,302424,178.0,40.10,1.02,23.30
22.705,1,108.00,10.264,7.472,369,302424,178.0,40.10,1.02,23.30
22.713,1,108.00,10.264,7.474,369,302424,178.0,40.11,1.02,23.31
22.721,1,108.00,10.264,7.465,369,302424,178.0,40.12,1.02,23.32
22.728,1,108.00,10.264,7.407,369,302424,178.0,40.13,1.02,23.33
22.736,1,108.00,10.264,7.420,369,302424,178.0,40.14,1.02,23.34
22.743,1,108.00,10.264,7.351,369,302424,178.0,40.15,1.02,23.35
22.749,1,108.00,10.264,7.366,368,302004,178.0,40.16,1.02,23.36
22.757,1,108.00,10.264,7.412,368,302004,178.0,40.17,1.02,23.37
22.764,1,108.00,10.264,7.426,368,302004,178.0,40.18,1.02,23.38
22.772,1,108.00,10.264,7.501,369,302064,178.0,40.18,1.02,23.38
22.779,1,108.00,10.264,7.499,369,302064,178.0,40.19,1.02,23.39
22.788,1,108.00,10.264,7.475,369,302064,178.0,40.20,1.02,23.40
22.796,1,108.00,10.264,7.480,369,302424,178.0,40.22,1.02,23.40
22.803,1,108.00,10.264,7.182,369,302424,178.0,40.23,1.02,23.40
22.811,1,108.00,10.264,7.132,369,302424,178.0,40.25,1.02,23.40
22.819,1,108.00,10.264,7.012,369,302424,178.0,40.26,1.02,23.40
22.827,1,108.00,10.264,6.901,369,302424,178.0,40.27,1.02,23.40
22.834,1,108.00,10.264,6.949,369,302424,178.0,40.28,1.02,23.40
22.842,1,108.00,10.264,6.981,369,302424,178.0,40.30,1.02,23.40
22.849,1,108.00,10.264,6.889,369,302424,178.0,40.31,1.02,23.40
22.857,1,108.00,10.264,6.897,369,302424,178.0,40.32,1.02,23.40
22.864,1,108.00,10.264,6.888,369,302424,178.0,40.34,1.03,23.40
22.872,1,108.00,10.264,6.907,369,302424,178.0,40.35,1.03,23.40
22.880,1,108.00,10.264,6.892,370,302484,178.0,40.36,1.03,23.40
22.887,1,108.00,10.264,6.916,369,302064,178.0,40.37,1.03,23.40
22.895,1,108.00,10.264,6.934,369,302064,178.0,40.39,1.03,23.40
22.902,1,108.00,10.264,6.940,369,302064,178.0,40.40,1.03,23.40
22.910,1,108.00,10.264,6.935,369,302064,178.0,40.41,1.03,23.40
22.917,1,108.00,10.264,6.945,369,302064,178.0,40.43,1.03,23.40
22.925,1,108.00,10.264,6.965,369,302064,178.0,40.44,1.03,23.40
22.933,1,108.00,10.264,7.000,369,302064,178.0,40.45,1.03,23.40
22.940,1,108.00,10.264,6.967,370,302120,178.0,40.46,1.03,23.40
22.948,1,108.00,10.264,7.025,371,302232,178.0,40.48,1.03,23.40
22.955,1,108.00,10.264,7.034,371,302232,178.0,40.49,1.03,23.40
22.963,1,108.00,10.264,7.082,371,302232,178.0,40.50,1.03,23.40
22.971,1,108.00,10.264,7.037,372,302280,178.0,40.52,1.03,23.40
22.978,1,108.00,10.264,6.998,372,302280,178.0,40.53,1.03,23.40
22.986,1,108.00,10.264,6.973,372,302280,178.0,40.54,1.03,23.40
22.994,1,114.00,9.959,6.950,371,302244,178.0,40.56,1.03,23.40
23.001,1,114.00,9.959,6.922,371,302244,178.0,40.57,1.03,23.40
23.009,1,114.00,9.959,6.891,371,302244,178.0,40.58,1.03,23.40
23.016,1,114.00,9.959,6.983,371,302244,178.0,40.59,1.03,23.40
23.024,1,114.00,9.959,6.960,371,302244,178.0,40.61,1.03,23.40
23.032,1,114.00,9.959,6.993,371,302244,178.0,40.62,1.03,23.40
23.039,1,114.00,9.959,7.015,371,302244,178.0,40.63,1.03,23.40
23.047,1,114.00,9.959,7.090,370,302172,178.0,40.65,1.03,23.40
23.055,1,114.00,9.959,7.120,368,301812,178.0,40.66,1.03,23.40
23.063,1,114.00,9.959,7.173,368,301812,178.0,40.67,1.04,23.40
23.070,1,114.00,9.959,7.193,368,301812,178.0,40.69,1.04,23.40
23.078,1,114.00,9.959,7.324,368,301812,178.0,40.70,1.04,23.40
23.086,1,114.00,9.959,7.243,368,301812,178.0,40.71,1.04,23.40
23.094,1,114.00,9.959,7.389,368,301812,178.0,40.73,1.04,23.40
23.102,1,114.00,9.959,7.395,368,301812,178.0,40.74,1.04,23.40
23.111,1,114.00,9.959,7.481,368,301812,178.0,40.75,1.04,23.40
23.119,1,114.00,9.959,7.463,368,301812,178.0,40.77,1.04,23.40
23.127,1,114.00,9.959,7.508,367,301588,178.0,40.78,1.04,23.40
23.135,1,114.00,9.959,7.593,366,301516,178.0,40.80,1.04,23.40
23.143,1,114.00,9.959,7.664,366,301516,178.0,40.81,1.04,23.40
23.152,1,114.00,9.959,7.683,366,270676,178.0,40.82,1.04,23.40
23.160,1,114.00,9.959,7.495,366,270676,178.0,40.84,1.04,23.40
23.168,1,114.00,9.959,7.536,366,270676,178.0,40.85,1.04,23.40
23.176,1,114.00,9.959,7.514,366,270676,178.0,40.87,1.04,23.40
23.184,1,114.00,9.959,7.560,369,271300,178.0,40.88,1.04,23.40
23.193,1,114.00,9.959,7.607,369,271300,178.0,40.89,1.04,23.40
23.201,1,114.00,9.959,7.603,369,271300,178.0,40.91,1.04,23.40
23.209,1,114.00,9.959,7.576,369,271300,178.0,40.92,1.04,23.40
23.218,1,114.00,9.959,7.621,368,267214,178.0,40.94,1.04,23.40
23.226,1,114.00,9.959,7.581,367,267178,178.0,40.95,1.04,23.40
23.234,1,114.00,9.959,7.616,366,267010,178.0,40.96,1.04,23.40
23.242,1,114.00,9.959,7.665,366,267010,178.0,40.98,1.04,23.40
23.251,1,114.00,9.959,7.608,366,267010,178.0,40.99,1.04,23.40
23.259,1,114.00,9.959,7.712,366,267010,178.0,41.01,1.04,23.40
23.267,1,114.00,9.959,7.730,366,267010,178.0,41.02,1.04,23.40
23.276,1,114.00,9.959,7.675,366,267010,178.0,41.03,1.04,23.40
23.284,1,114.00,9.959,7.694,366,267010,178.0,41.05,1.04,23.40
23.292,1,114.00,9.959,7.656,366,267010,178.0,41.06,1.04,23.40
23.301,1,114.00,9.959,7.661,366,267010,178.0,41.08,1.04,23.40
23.309,1,114.00,9.959,7.679,366,267010,178.0,41.09,1.04,23.40
23.317,1,114.00,9.959,7.648,366,267010,178.0,41.11,1.04,23.40
23.326,1,114.00,9.959,7.651,366,267010,178.0,41.12,1.04,23.40
23.334,1,114.00,9.959,7.671,366,267010,178.0,41.13,1.04,23.40
23.342,1,114.00,9.959,7.600,366,267010,178.0,41.15,1.04,23.40
23.351,1,114.00,9.959,7.626,366,267010,178.0,41.16,1.04,23.40
23.359,1,114.00,9.959,7.640,366,267010,178.0,41.18,1.04,23.40
23.367,1,114.00,9.959,7.600,366,267010,178.0,41.19,1.04,23.40
23.375,1,114.00,9.959,7.643,366,267010,178.0,41.20,1.04,23.40
23.384,1,114.00,9.959,7.628,367,267390,178.0,41.22,1.04,23.40
23.392,1,114.00,9.959,7.686,367,267430,178.0,41.23,1.04,23.40
23.400,1,114.00,9.959,7.659,366,267098,178.0,41.25,1.04,23.40
23.409,1,114.00,9.959,7.711,366,267098,178.0,41.26,1.04,23.40
23.417,1,114.00,9.959,7.777,366,267098,178.0,41.27,1.03,23.40
23.425,1,114.00,9.959,7.762,366,267098,178.0,41.29,1.03,23.40
23.434,1,114.00,9.959,7.833,366,267098,178.0,41.30,1.03,23.40
23.442,1,114.00,9.959,7.825,366,267098,178.0,41.32,1.03,23.40
23.450,1,114.00,9.959,7.879,366,267098,178.0,41.33,1.03,23.40
23.459,1,114.00,9.959,7.920,366,267098,178.0,41.35,1.03,23.40
23.467,1,114.00,9.959,7.938,366,267098,178.0,41.36,1.03,23.40
23.475,1,114.00,9.959,8.001,366,267098,178.0,41.37,1.03,23.40
23.484,1,114.00,9.959,7.987,365,266986,178.0,41.39,1.03,23.40
23.492,1,114.00,9.959,8.046,365,266986,178.0,41.40,1.03,23.40
23.500,1,114.00,9.959,8.104,367,267282,178.0,41.42,1.03,23.40
23.509,1,114.00,9.959,8.181,367,267282,178.0,41.43,1.03,23.40
23.517,1,114.00,9.959,8.267,367,267282,178.0,41.44,1.03,23.40
23.525,1,114.00,9.959,8.212,367,267282,178.0,41.46,1.03,23.40
23.534,1,114.00,9.959,8.185,367,267282,178.0,41.47,1.03,23.40
23.542,1,114.00,9.959,8.228,367,267282,178.0,41.49,1.03,23.40
23.550,1,114.00,9.959,8.253,369,267402,178.0,41.50,1.03,23.40
23.559,1,114.00,9.959,8.251,367,262924,178.0,41.52,1.03,23.40
23.567,1,114.00,9.959,8.229,367,262924,178.0,41.53,1.03,23.40
23.575,1,114.00,9.959,8.277,367,262924,178.0,41.54,1.03,23.40
23.584,1,114.00,9.959,8.270,367,262924,178.0,41.56,1.03,23.40
23.593,1,114.00,9.959,8.269,367,262924,178.0,41.57,1.02,23.40
23.602,1,114.00,9.959,8.283,367,262924,178.0,41.59,1.02,23.40
23.611,1,114.00,9.959,8.345,367,262924,178.0,41.60,1.02,23.40
23.620,1,114.00,9.959,8.318,367,262924,178.0,41.62,1.02,23.40
23.629,1,114.00,9.959,8.368,368,263080,178.0,41.64,1.02,23.40
23.638,1,114.00,9.959,8.339,368,263080,178.0,41.65,1.02,23.40
23.647,1,114.00,9.959,8.346,368,263080,178.0,41.67,1.02,23.40
23.656,1,114.00,9.959,8.396,367,263008,178.0,41.68,1.02,23.40
23.665,1,114.00,9.959,8.517,367,263008,178.0,41.70,1.02,23.40
23.674,1,114.00,9.959,8.455,368,263248,178.0,41.71,1.02,23.40
23.683,1,114.00,9.959,8.463,368,263248,178.0,41.73,1.02,23.40
23.693,1,114.00,9.959,8.450,368,263248,178.0,41.74,1.02,23.40
23.702,1,114.00,9.959,8.450,366,263192,178.0,41.76,1.02,23.40
23.711,1,114.00,9.959,8.510,366,266922,178.0,41.77,1.02,23.40
23.720,1,114.00,9.959,8.508,366,266922,178.0,41.79,1.02,23.40
23.729,1,114.00,9.959,8.529,367,266978,178.0,41.81,1.02,23.40
23.739,1,114.00,9.959,8.575,367,266978,178.0,41.82,1.02,23.40
23.748,1,114.00,9.959,8.576,367,266978,178.0,41.84,1.02,23.40
23.757,1,114.00,9.959,8.504,367,266978,178.0,41.85,1.02,23.40
23.766,1,114.00,9.959,8.497,367,266978,178.0,41.87,1.01,23.40
23.776,1,114.00,9.959,8.489,366,266894,178.0,41.88,1.01,23.40
23.785,1,114.00,9.959,8.526,366,266894,178.0,41.90,1.01,23.40
23.794,1,114.00,9.959,8.498,366,266894,178.0,41.92,1.01,23.40
23.803,1,114.00,9.959,8.496,368,271094,178.0,41.93,1.01,23.40
23.813,1,114.00,9.959,8.460,368,271094,178.0,41.95,1.01,23.40
23.822,1,114.00,9.959,8.447,368,271094,178.0,41.96,1.01,23.40
23.831,1,114.00,9.959,8.462,366,270974,178.0,41.98,1.01,23.40
23.840,1,114.00,9.959,8.446,363,270746,178.0,41.99,1.01,23.40
23.850,1,114.00,9.959,8.394,362,270578,178.0,42.01,1.01,23.39
23.859,1,114.00,9.959,8.369,366,267780,178.0,42.02,1.01,23.38
23.868,1,114.00,9.959,8.312,368,275116,178.0,42.03,1.01,23.37
23.878,1,114.00,9.959,8.389,368,279148,178.0,42.04,1.01,23.36
23.887,1,114.00,9.959,8.581,367,278968,178.0,42.05,1.01,23.35
23.896,1,114.00,9.959,8.695,367,278968,178.0,42.06,1.01,23.34
23.905,1,114.00,9.959,8.812,368,279388,178.0,42.07,1.01,23.33
23.915,1,114.00,9.959,8.987,368,279388,178.0,42.09,1.01,23.31
23.924,1,114.00,9.959,9.081,371,291204,178.0,42.10,1.01,23.30
23.933,1,114.00,9.959,9.162,372,295852,178.0,42.11,1.01,23.29
23.942,1,114.00,9.959,9.155,375,308228,178.0,42.12,1.01,23.28
23.952,1,114.00,9.959,9.229,376,308564,178.0,42.13,1.01,23.27
23.962,1,114.00,9.959,9.328,377,311140,178.0,42.14,1.01,23.26
23.972,1,114.00,9.959,9.282,378,312820,178.0,42.15,1.01,23.25
23.982,1,114.00,9.959,9.303,377,316404,178.0,42.17,1.01,23.23
23.992,1,116.00,9.950,9.268,379,317616,178.0,42.18,1.01,23.22
24.002,1,116.00,9.950,9.224,380,320080,178.0,42.19,1.01,23.21
24.012,1,116.00,9.950,9.189,380,320080,178.0,42.20,1.01,23.20
24.021,1,116.00,9.950,9.187,380,320080,178.0,42.21,1.01,23.19
24.031,1,116.00,9.950,9.120,380,320080,178.0,42.23,1.01,23.17
24.041,1,116.00,9.950,9.097,381,323608,178.0,42.24,1.01,23.16
24.051,1,116.00,9.950,8.997,384,327192,178.0,42.25,1.01,23.15
24.060,1,116.00,9.950,9.034,387,327312,178.0,42.26,1.01,23.14
24.070,1,116.00,9.950,8.932,387,327312,178.0,42.27,1.02,23.13
24.080,1,116.00,9.950,8.936,389,327592,178.0,42.28,1.02,23.12
24.089,1,116.00,9.950,8.861,390,327760,178.0,42.30,1.02,23.10
24.099,1,116.00,9.950,8.805,391,330952,178.0,42.31,1.02,23.09
24.109,1,116.00,9.950,8.848,391,330952,178.0,42.32,1.02,23.08
24.119,1,116.00,9.950,8.743,391,330952,178.0,42.33,1.02,23.07
24.128,1,116.00,9.950,8.691,391,330952,178.0,42.34,1.02,23.06
24.138,1,116.00,9.950,8.624,392,334480,178.0,42.35,1.02,23.05
24.148,1,116.00,9.950,8.595,392,334480,178.0,42.37,1.02,23.03
24.157,1,116.00,9.950,8.619,392,334480,178.0,42.38,1.02,23.02
24.167,1,116.00,9.950,8.521,392,334480,178.0,42.39,1.02,23.01
24.177,1,116.00,9.950,8.490,392,334480,178.0,42.40,1.02,23.00
24.187,1,116.00,9.950,8.430,392,334480,178.0,42.41,1.02,22.99
24.196,1,116.00,9.950,8.404,392,334480,178.0,42.42,1.02,22.98
24.206,1,116.00,9.950,8.402,390,334120,178.0,42.44,1.02,22.96
24.216,1,116.00,9.950,8.395,390,334120,178.0,42.45,1.02,22.95
24.225,1,116.00,9.950,8.430,390,334120,178.0,42.46,1.02,22.94
24.235,1,116.00,9.950,8.372,391,338074,178.0,42.47,1.02,22.93
24.245,1,116.00,9.950,8.337,391,338074,178.0,42.48,1.02,22.92
24.254,1,116.00,9.950,8.368,391,338074,178.0,42.49,1.02,22.91
24.264,1,116.00,9.950,8.252,391,338074,178.0,42.51,1.03,22.89
24.273,1,116.00,9.950,8.356,391,338074,178.0,42.52,1.03,22.88
24.282,1,116.00,9.950,8.330,392,338182,178.0,42.53,1.03,22.87
24.292,1,116.00,9.950,8.434,392,338182,178.0,42.54,1.03,22.86
24.301,1,116.00,9.950,8.398,392,338182,178.0,42.55,1.03,22.85
24.311,1,116.00,9.950,8.442,392,338182,178.0,42.56,1.03,22.84
24.321,1,116.00,9.950,8.471,392,338182,178.0,42.57,1.03,22.83
24.330,1,116.00,9.950,8.487,392,338182,178.0,42.58,1.03,22.82
24.340,1,116.00,9.950,8.506,392,338182,178.0,42.60,1.03,22.80
24.349,1,116.00,9.950,8.429,392,338182,178.0,42.61,1.03,22.80
24.359,1,116.00,9.950,8.466,391,338014,178.0,42.63,1.03,22.80
24.368,1,116.00,9.950,8.456,390,337902,178.0,42.64,1.03,22.80
24.378,1,116.00,9.950,8.481,390,337902,178.0,42.66,1.03,22.80
24.387,1,116.00,9.950,8.512,390,337902,178.0,42.68,1.03,22.80
24.397,1,116.00,9.950,8.548,389,337846,178.0,42.69,1.03,22.80
24.406,1,116.00,9.950,8.545,389,337846,178.0,42.71,1.03,22.80
24.416,1,116.00,9.950,8.588,390,337906,178.0,42.72,1.03,22.80
24.425,1,116.00,9.950,8.579,390,337906,178.0,42.74,1.03,22.80
24.435,1,116.00,9.950,8.609,390,337906,178.0,42.76,1.03,22.80
24.444,1,116.00,9.950,8.623,390,337906,178.0,42.77,1.03,22.80
24.454,1,116.00,9.950,8.638,390,337910,178.0,42.79,1.03,22.80
24.463,1,116.00,9.950,8.620,391,340310,178.0,42.80,1.03,22.80
24.472,1,116.00,9.950,8.658,391,340310,178.0,42.82,1.03,22.80
24.482,1,116.00,9.950,8.619,391,340310,178.0,42.84,1.03,22.80
24.491,1,116.00,9.950,8.633,391,340310,178.0,42.85,1.03,22.80
24.500,1,116.00,9.950,8.604,390,340190,178.0,42.87,1.03,22.80
24.510,1,116.00,9.950,8.583,390,340190,178.0,42.88,1.03,22.80
24.519,1,116.00,9.950,8.572,391,340238,178.0,42.90,1.03,22.80
24.528,1,116.00,9.950,8.541,391,340238,178.0,42.91,1.03,22.80
24.537,1,116.00,9.950,8.589,391,340238,178.0,42.93,1.03,22.80
24.546,1,116.00,9.950,8.528,391,340238,178.0,42.95,1.03,22.80
24.555,1,116.00,9.950,8.519,391,340238,178.0,42.96,1.03,22.80
24.565,1,116.00,9.950,8.502,391,340238,178.0,42.98,1.03,22.80
24.574,1,116.00,9.950,8.457,391,340238,178.0,42.99,1.03,22.80
24.583,1,116.00,9.950,8.434,390,340126,178.0,43.01,1.03,22.80
24.593,1,116.00,9.950,8.432,392,340742,178.0,43.02,1.03,22.80
24.602,1,116.00,9.950,8.442,393,340790,178.0,43.04,1.03,22.80
24.611,1,116.00,9.950,8.385,394,343086,178.0,43.06,1.03,22.80
24.620,1,116.00,9.950,8.377,394,343086,178.0,43.07,1.03,22.80
24.629,1,116.00,9.950,8.319,394,343086,178.0,43.09,1.03,22.80
24.638,1,116.00,9.950,8.325,395,343198,178.0,43.10,1.03,22.80
24.647,1,116.00,9.950,8.296,395,343198,178.0,43.12,1.03,22.80
24.656,1,116.00,9.950,8.254,395,343198,178.0,43.13,1.03,22.80
24.665,1,116.00,9.950,8.259,395,343198,178.0,43.15,1.03,22.80
24.674,1,116.00,9.950,8.186,396,345494,178.0,43.16,1.03,22.80
24.683,1,116.00,9.950,8.195,396,345494,178.0,43.18,1.03,22.80
24.691,1,116.00,9.950,8.136,395,345410,178.0,43.19,1.03,22.80
24.700,1,116.00,9.950,8.114,395,345410,178.0,43.21,1.03,22.80
24.709,1,116.00,9.950,8.081,395,345410,178.0,43.22,1.03,22.80
24.718,1,116.00,9.950,8.412,395,345410,178.0,43.24,1.03,22.80
24.727,1,116.00,9.950,8.374,395,345410,178.0,43.25,1.03,22.80
24.736,1,116.00,9.950,8.405,395,345410,178.0,43.27,1.03,22.80
24.745,1,116.00,9.950,8.387,394,345446,178.0,43.28,1.03,22.80
24.754,1,116.00,9.950,8.344,393,345326,178.0,43.30,1.03,22.80
24.763,1,116.00,9.950,8.337,393,345326,178.0,43.31,1.02,22.80
24.772,1,116.00,9.950,8.374,395,348182,178.0,43.33,1.02,22.80
24.780,1,116.00,9.950,8.411,398,349022,178.0,43.34,1.02,22.80
24.789,1,116.00,9.950,8.390,398,349022,178.0,43.36,1.02,22.80
24.797,1,116.00,9.950,8.335,398,349022,178.0,43.37,1.02,22.80
24.805,1,116.00,9.950,8.363,398,349022,178.0,43.39,1.02,22.80
24.814,1,116.00,9.950,8.408,397,348518,178.0,43.40,1.02,22.80
24.822,1,116.00,9.950,8.369,397,348518,178.0,43.41,1.02,22.80
24.830,1,116.00,9.950,8.343,397,348518,178.0,43.43,1.02,22.80
24.839,1,116.00,9.950,8.372,397,348518,178.0,43.44,1.02,22.80
24.847,1,116.00,9.950,8.331,397,348518,178.0,43.46,1.02,22.80
24.855,1,116.00,9.950,8.324,397,348518,178.0,43.47,1.02,22.80
24.864,1,116.00,9.950,8.326,396,348406,178.0,43.49,1.02,22.80
24.872,1,116.00,9.950,8.298,396,348406,178.0,43.50,1.02,22.80
24.881,1,116.00,9.950,8.295,396,348406,178.0,43.51,1.02,22.80
24.890,1,116.00,9.950,8.277,396,348458,178.0,43.53,1.02,22.80
24.899,1,116.00,9.950,8.330,396,348458,178.0,43.54,1.02,22.80
24.908,1,116.00,9.950,8.381,396,348458,178.0,43.56,1.02,22.80
24.917,1,116.00,9.950,8.407,396,348458,178.0,43.58,1.02,22.80
24.926,1,116.00,9.950,8.491,396,348458,178.0,43.59,1.01,22.80
24.935,1,116.00,9.950,8.510,396,348458,178.0,43.61,1.01,22.80
24.944,1,116.00,9.950,8.596,397,350338,178.0,43.62,1.01,22.80
24.953,1,116.00,9.950,8.616,399,377778,178.0,43.64,1.01,22.80
24.962,1,116.00,9.950,8.664,399,377778,178.0,43.65,1.01,22.80
24.971,1,116.00,9.950,8.722,399,377778,178.0,43.67,1.01,22.80
24.980,1,116.00,9.950,8.786,399,377778,178.0,43.68,1.01,22.80
24.989,1,116.00,9.950,8.816,399,377778,178.0,43.70,1.01,22.80
24.998,1,109.00,9.851,8.886,400,378842,178.0,43.71,1.01,22.80
25.008,1,109.00,9.851,8.920,401,379122,178.0,43.73,1.01,22.80
25.017,1,109.00,9.851,9.006,401,379122,178.0,43.75,1.01,22.80
25.026,1,109.00,9.851,9.039,401,379122,178.0,43.76,1.01,22.80
25.035,1,109.00,9.851,9.105,400,379010,178.0,43.78,1.01,22.80
25.044,1,109.00,9.851,9.168,400,379010,178.0,43.79,1.01,22.80
25.053,1,109.00,9.851,9.188,400,379010,178.0,43.81,1.01,22.80
25.062,1,109.00,9.851,9.254,394,349554,178.0,43.82,1.01,22.80
25.071,1,109.00,9.851,8.912,394,349554,178.0,43.84,1.01,22.80
25.080,1,109.00,9.851,8.913,399,377594,178.0,43.85,1.01,22.80
25.089,1,109.00,9.851,8.956,400,378134,178.0,43.87,1.01,22.80
25.099,1,109.00,9.851,8.956,400,378134,178.0,43.89,1.01,22.80
25.108,1,109.00,9.851,9.028,401,378414,178.0,43.90,1.01,22.80
25.118,1,109.00,9.851,9.074,401,378414,178.0,43.92,1.01,22.80
25.128,1,109.00,9.851,9.105,403,380206,178.0,43.93,1.01,22.80
25.138,1,109.00,9.851,9.170,403,380206,178.0,43.95,1.01,22.80
25.147,1,109.00,9.851,9.198,403,380206,178.0,43.97,1.01,22.80
25.157,1,109.00,9.851,9.217,406,382746,178.0,43.98,1.01,22.80
25.167,1,109.00,9.851,9.275,406,382746,178.0,44.00,1.01,22.80
25.177,1,109.00,9.851,9.267,406,382746,178.0,44.02,1.01,22.80
25.187,1,109.00,9.851,9.268,406,382746,178.0,44.04,1.01,22.80
25.197,1,109.00,9.851,9.276,404,382566,178.0,44.05,1.01,22.80
25.207,1,109.00,9.851,9.292,404,382566,178.0,44.07,1.01,22.80
25.217,1,109.00,9.851,9.256,405,382890,178.0,44.09,1.01,22.80
25.227,1,109.00,9.851,9.195,405,382890,178.0,44.10,1.01,22.80
25.237,1,109.00,9.851,9.185,405,382890,178.0,44.12,1.01,22.80
25.247,1,109.00,9.851,9.135,405,382890,178.0,44.14,1.01,22.80
25.257,1,109.00,9.851,9.137,405,382890,178.0,44.15,1.01,22.80
25.267,1,109.00,9.851,9.112,409,384558,178.0,44.17,1.01,22.80
25.277,1,109.00,9.851,9.009,409,384558,178.0,44.19,1.01,22.80
25.287,1,109.00,9.851,9.017,408,384390,178.0,44.21,1.01,22.80
25.297,1,109.00,9.851,9.001,408,384390,178.0,44.22,1.01,22.80
25.307,1,109.00,9.851,8.962,408,384390,178.0,44.24,1.01,22.80
25.317,1,109.00,9.851,8.936,410,385530,178.0,44.26,1.01,22.80
25.327,1,109.00,9.851,8.928,411,385950,178.0,44.27,1.01,22.80
25.337,1,109.00,9.851,8.913,412,386118,178.0,44.29,1.01,22.80
25.347,1,109.00,9.851,8.808,411,384998,178.0,44.31,1.01,22.80
25.357,1,109.00,9.851,8.775,411,384998,178.0,44.32,1.01,22.80
25.367,1,109.00,9.851,8.745,408,384770,178.0,44.34,1.01,22.80
25.377,1,109.00,9.851,8.720,405,384170,178.0,44.36,1.01,22.80
25.387,1,109.00,9.851,8.681,405,384170,178.0,44.38,1.01,22.80
25.397,1,109.00,9.851,8.655,404,383990,178.0,44.39,1.01,22.80
25.407,1,109.00,9.851,8.604,405,384086,178.0,44.41,1.01,22.81
25.417,1,109.00,9.851,8.592,414,386070,178.0,44.42,1.01,22.82
25.427,1,109.00,9.851,8.680,414,386070,178.0,44.43,1.01,22.83
25.437,1,109.00,9.851,8.746,414,386070,178.0,44.44,1.01,22.84
25.446,1,109.00,9.851,8.737,413,385678,178.0,44.45,1.01,22.85
25.456,1,109.00,9.851,8.752,413,385678,178.0,44.47,1.01,22.87
25.466,1,109.00,9.851,8.757,413,385678,178.0,44.48,1.01,22.88
25.475,1,109.00,9.851,8.819,413,385678,178.0,44.49,1.01,22.89
25.485,1,109.00,9.851,8.836,413,385678,178.0,44.50,1.02,22.90
25.495,1,109.00,9.851,8.859,413,385678,178.0,44.51,1.02,22.91
25.505,1,109.00,9.851,8.891,413,385678,178.0,44.52,1.02,22.92
25.514,1,109.00,9.851,8.917,413,385678,178.0,44.54,1.02,22.94
25.524,1,109.00,9.851,8.951,413,385678,178.0,44.55,1.02,22.95
25.534,1,109.00,9.851,8.974,413,385678,178.0,44.56,1.02,22.96
25.544,1,109.00,9.851,8.984,412,384502,178.0,44.57,1.02,22.97
25.553,1,109.00,9.851,9.032,412,384502,178.0,44.58,1.02,22.98
25.563,1,109.00,9.851,8.999,412,384502,178.0,44.59,1.02,22.99
25.573,1,109.00,9.851,8.989,411,384322,178.0,44.61,1.02,23.01
25.582,1,109.00,9.851,8.997,411,384322,178.0,44.62,1.02,23.02
25.592,1,109.00,9.851,8.960,411,384322,178.0,44.63,1.02,23.03
25.602,1,109.00,9.851,8.912,411,384322,178.0,44.64,1.02,23.04
25.612,1,109.00,9.851,8.881,409,383082,178.0,44.65,1.02,23.05
25.621,1,109.00,9.851,8.906,409,383082,178.0,44.66,1.02,23.06
25.631,1,109.00,9.851,8.860,409,383082,178.0,44.68,1.02,23.08
25.641,1,109.00,9.851,8.762,409,383082,178.0,44.69,1.02,23.09
25.650,1,109.00,9.851,8.757,409,383082,178.0,44.70,1.02,23.10
25.660,1,109.00,9.851,8.725,408,382902,178.0,44.71,1.02,23.11
25.670,1,109.00,9.851,8.752,408,382902,178.0,44.72,1.02,23.12
25.680,1,109.00,9.851,8.695,408,382902,178.0,44.73,1.02,23.13
25.689,1,109.00,9.851,8.680,408,382902,178.0,44.75,1.02,23.15
25.699,1,109.00,9.851,8.640,408,382902,178.0,44.76,1.03,23.16
25.709,1,109.00,9.851,8.626,408,382902,178.0,44.77,1.03,23.17
25.719,1,109.00,9.851,8.542,408,382902,178.0,44.78,1.03,23.18
25.728,1,109.00,9.851,8.533,408,382902,178.0,44.79,1.03,23.19
25.738,1,109.00,9.851,8.528,408,381946,178.0,44.80,1.03,23.20
25.747,1,109.00,9.851,8.526,408,381946,178.0,44.82,1.03,23.22
25.756,1,109.00,9.851,8.481,408,381946,178.0,44.83,1.03,23.23
25.765,1,109.00,9.851,8.517,408,381946,178.0,44.84,1.03,23.24
25.774,1,109.00,9.851,8.440,408,381946,178.0,44.85,1.03,23.25
25.783,1,109.00,9.851,8.398,408,381946,178.0,44.86,1.03,23.26
25.792,1,109.00,9.851,8.366,408,381946,178.0,44.87,1.03,23.27
25.801,1,109.00,9.851,8.360,408,381946,178.0,44.88,1.03,23.28
25.810,1,109.00,9.851,8.311,407,381766,178.0,44.89,1.03,23.29
25.819,1,109.00,9.851,8.278,407,381766,178.0,44.90,1.03,23.30
25.828,1,109.00,9.851,8.307,407,381766,178.0,44.91,1.03,23.31
25.837,1,109.00,9.851,8.227,407,381766,178.0,44.92,1.03,23.32
25.846,1,109.00,9.851,8.236,407,381766,178.0,44.93,1.03,23.33
25.855,1,109.00,9.851,8.262,407,381766,178.0,44.95,1.03,23.35
25.864,1,109.00,9.851,8.201,407,381766,178.0,44.96,1.03,23.36
25.873,1,109.00,9.851,8.180,407,381766,178.0,44.97,1.03,23.37
25.881,1,109.00,9.851,8.198,407,381766,178.0,44.98,1.03,23.38
25.889,1,109.00,9.851,8.227,407,381766,178.0,44.99,1.03,23.39
25.898,1,109.00,9.851,8.210,407,381766,178.0,45.00,1.02,23.40
25.906,1,109.00,9.851,8.210,407,381766,178.0,45.01,1.02,23.40
25.914,1,109.00,9.851,8.179,400,379794,178.0,45.02,1.02,23.40
25.923,1,109.00,9.851,8.221,400,379794,178.0,45.04,1.02,23.40
25.931,1,109.00,9.851,8.135,399,379650,178.0,45.05,1.02,23.40
25.939,1,109.00,9.851,8.127,399,379650,178.0,45.07,1.02,23.40
25.948,1,109.00,9.851,8.080,400,379746,178.0,45.08,1.02,23.40
25.956,1,109.00,9.851,7.981,400,379746,178.0,45.09,1.02,23.40
25.964,1,109.00,9.851,7.981,400,379746,178.0,45.11,1.02,23.40
25.973,1,109.00,9.851,7.954,403,380274,178.0,45.12,1.02,23.40
25.981,1,109.00,9.851,7.940,403,380274,178.0,45.14,1.02,23.40
25.989,1,109.00,9.851,7.909,403,380274,178.0,45.15,1.02,23.40
25.998,1,106.00,10.100,7.894,405,380334,178.0,45.16,1.02,23.40
26.006,1,106.00,10.100,7.863,405,380334,178.0,45.18,1.02,23.40
26.014,1,106.00,10.100,7.846,405,380334,178.0,45.19,1.02,23.40
26.023,1,106.00,10.100,7.881,405,380334,178.0,45.21,1.02,23.40
26.031,1,106.00,10.100,7.832,405,380334,178.0,45.22,1.02,23.40
26.039,1,106.00,10.100,7.877,405,380334,178.0,45.24,1.02,23.40
26.048,1,106.00,10.100,7.897,405,380334,178.0,45.25,1.02,23.40
26.056,1,106.00,10.100,7.881,405,380334,178.0,45.26,1.02,23.40
26.064,1,106.00,10.100,7.876,405,380334,178.0,45.28,1.02,23.40
26.073,1,106.00,10.100,7.790,405,380334,178.0,45.29,1.02,23.40
26.081,1,106.00,10.100,7.768,403,380214,178.0,45.31,1.02,23.40
26.089,1,106.00,10.100,7.806,403,380214,178.0,45.32,1.02,23.40
26.098,1,106.00,10.100,7.731,403,380214,178.0,45.33,1.01,23.40
26.106,1,106.00,10.100,7.746,403,380214,178.0,45.35,1.01,23.40
26.114,1,106.00,10.100,7.767,403,380214,178.0,45.36,1.01,23.40
26.123,1,106.00,10.100,7.784,403,380214,178.0,45.38,1.01,23.40
26.131,1,106.00,10.100,7.832,403,380214,178.0,45.39,1.01,23.40
26.140,1,106.00,10.100,7.908,403,380214,178.0,45.41,1.01,23.40
26.148,1,106.00,10.100,7.960,403,380214,178.0,45.42,1.01,23.40
26.157,1,106.00,10.100,8.048,402,380070,178.0,45.44,1.01,23.40
26.166,1,106.00,10.100,8.119,403,380126,178.0,45.45,1.01,23.40
26.175,1,106.00,10.100,8.214,404,380294,178.0,45.47,1.01,23.40
26.184,1,106.00,10.100,8.274,402,378670,178.0,45.48,1.01,23.40
26.193,1,106.00,10.100,8.361,402,378670,178.0,45.50,1.01,23.40
26.202,1,106.00,10.100,8.423,402,378670,178.0,45.51,1.01,23.40
26.211,1,106.00,10.100,8.558,401,378446,178.0,45.53,1.01,23.40
26.220,1,106.00,10.100,8.629,402,378866,178.0,45.54,1.01,23.40
26.229,1,106.00,10.100,8.715,402,378866,178.0,45.56,1.01,23.40
26.238,1,106.00,10.100,8.785,401,378854,178.0,45.57,1.01,23.40
26.247,1,106.00,10.100,8.875,400,378806,178.0,45.59,1.01,23.40
26.256,1,106.00,10.100,8.980,398,378686,178.0,45.60,1.00,23.40
26.266,1,106.00,10.100,8.971,399,378974,178.0,45.62,1.00,23.40
26.275,1,106.00,10.100,8.610,397,378518,178.0,45.64,1.00,23.40
26.284,1,106.00,10.100,8.658,397,378518,178.0,45.65,1.00,23.40
26.293,1,106.00,10.100,8.665,398,378686,178.0,45.67,1.00,23.40
26.302,1,106.00,10.100,8.724,398,378686,178.0,45.68,1.00,23.40
26.311,1,106.00,10.100,8.885,398,378686,178.0,45.70,1.00,23.40
26.320,1,106.00,10.100,8.744,398,378686,178.0,45.71,1.00,23.40
26.329,1,106.00,10.100,8.816,398,378686,178.0,45.73,1.00,23.40
26.338,1,106.00,10.100,8.781,395,378086,178.0,45.74,1.00,23.40
26.348,1,106.00,10.100,8.859,395,378086,178.0,45.76,1.00,23.40
26.357,1,106.00,10.100,8.872,395,378086,178.0,45.78,1.00,23.40
26.366,1,106.00,10.100,8.864,395,378086,178.0,45.79,1.00,23.40
26.375,1,106.00,10.100,8.902,393,371478,178.0,45.81,1.00,23.40
26.384,1,106.00,10.100,8.868,393,371478,178.0,45.82,1.00,23.40
26.393,1,106.00,10.100,8.941,393,371478,178.0,45.84,1.00,23.40
26.402,1,106.00,10.100,9.044,393,371478,178.0,45.85,1.00,23.40
26.411,1,106.00,10.100,8.903,392,371586,178.0,45.87,1.00,23.40
26.420,1,106.00,10.100,9.001,394,374106,178.0,45.88,1.00,23.40
26.430,1,106.00,10.100,8.901,395,374498,178.0,45.90,1.00,23.40
26.440,1,106.00,10.100,8.930,394,374330,178.0,45.92,1.00,23.40
26.449,1,106.00,10.100,8.899,394,369570,178.0,45.93,1.00,23.40
26.459,1,106.00,10.100,8.862,393,369558,178.0,45.95,1.00,23.40
26.468,1,106.00,10.100,8.883,394,369614,178.0,45.96,1.00,23.40
26.478,1,106.00,10.100,8.814,393,369026,178.0,45.98,1.00,23.40
26.487,1,106.00,10.100,8.768,393,369026,178.0,46.00,1.00,23.40
26.497,1,106.00,10.100,8.747,391,368990,178.0,46.01,1.00,23.40
26.506,1,106.00,10.100,8.778,390,363502,178.0,46.03,1.00,23.40
26.515,1,106.00,10.100,8.783,390,363502,178.0,46.05,1.00,23.40
26.525,1,106.00,10.100,8.806,389,363110,178.0,46.06,1.00,23.40
26.534,1,106.00,10.100,8.798,388,355942,178.0,46.08,1.00,23.40
26.544,1,106.00,10.100,8.702,389,349614,178.0,46.09,1.00,23.40
26.553,1,106.00,10.100,8.681,386,349254,178.0,46.11,1.00,23.40
26.563,1,106.00,10.100,8.680,386,349254,178.0,46.13,1.00,23.40
26.572,1,106.00,10.100,8.629,386,349254,178.0,46.14,1.00,23.40
26.582,1,106.00,10.100,8.628,384,343202,178.0,46.16,1.00,23.40
26.591,1,106.00,10.100,8.640,383,342810,178.0,46.17,1.00,23.40
26.601,1,106.00,10.100,8.585,383,342810,178.0,46.19,1.00,23.40
26.610,1,106.00,10.100,8.643,383,342810,178.0,46.21,1.00,23.40
26.620,1,106.00,10.100,8.610,386,342722,178.0,46.22,1.00,23.40
26.629,1,106.00,10.100,8.894,386,342722,178.0,46.24,1.00,23.40
26.639,1,106.00,10.100,8.929,386,342722,178.0,46.25,1.00,23.40
26.648,1,106.00,10.100,8.956,386,342722,178.0,46.27,1.00,23.40
26.658,1,106.00,10.100,8.937,384,335554,178.0,46.29,1.00,23.40
26.667,1,106.00,10.100,8.958,384,335554,178.0,46.30,1.00,23.40
26.677,1,106.00,10.100,8.972,384,335554,178.0,46.32,1.00,23.40
26.687,1,106.00,10.100,9.070,383,334714,178.0,46.34,1.01,23.40
26.696,1,106.00,10.100,9.024,383,334438,178.0,46.35,1.01,23.40
26.706,1,106.00,10.100,9.034,383,334086,178.0,46.37,1.01,23.40
26.716,1,106.00,10.100,9.052,383,334086,178.0,46.39,1.01,23.40
26.725,1,106.00,10.100,9.097,380,333726,178.0,46.40,1.01,23.40
26.735,1,106.00,10.100,9.143,380,326702,178.0,46.42,1.01,23.40
26.745,1,106.00,10.100,9.164,380,324462,178.0,46.44,1.01,23.40
26.755,1,106.00,10.100,9.187,382,324822,178.0,46.45,1.01,23.40
26.765,1,106.00,10.100,9.215,382,324822,178.0,46.47,1.01,23.40
26.774,1,106.00,10.100,9.196,381,324762,178.0,46.49,1.01,23.40
26.784,1,106.00,10.100,9.212,380,318394,178.0,46.50,1.01,23.40
26.794,1,106.00,10.100,9.195,381,318538,178.0,46.52,1.01,23.40
26.804,1,106.00,10.100,9.208,381,318550,178.0,46.54,1.01,23.40
26.814,1,106.00,10.100,9.239,380,318502,178.0,46.55,1.01,23.40
26.824,1,106.00,10.100,9.232,380,318502,178.0,46.57,1.01,23.40
26.834,1,106.00,10.100,9.156,380,318502,178.0,46.59,1.01,23.40
26.844,1,106.00,10.100,9.116,379,318358,178.0,46.60,1.01,23.40
26.854,1,106.00,10.100,9.123,373,317950,178.0,46.62,1.01,23.40
26.864,1,106.00,10.100,9.047,373,317950,178.0,46.64,1.01,23.40
26.874,1,106.00,10.100,9.090,368,316558,178.0,46.65,1.01,23.40
26.884,1,106.00,10.100,9.033,368,316558,178.0,46.67,1.02,23.40
26.894,1,106.00,10.100,9.010,366,314542,178.0,46.69,1.02,23.40
26.904,1,106.00,10.100,8.947,366,314542,178.0,46.71,1.02,23.40
26.914,1,106.00,10.100,8.970,365,314482,178.0,46.72,1.02,23.40
26.924,1,106.00,10.100,8.950,362,312750,178.0,46.74,1.02,23.40
26.934,1,106.00,10.100,8.970,361,312694,178.0,46.76,1.02,23.40
26.944,1,106.00,10.100,8.988,356,310510,178.0,46.77,1.02,23.40
26.954,1,106.00,10.100,8.973,355,309334,178.0,46.79,1.02,23.40
26.964,1,106.00,10.100,8.993,351,301770,178.0,46.81,1.02,23.41
26.974,1,106.00,10.100,8.948,367,294826,178.0,46.82,1.02,23.42
26.984,1,106.00,10.100,9.014,366,287322,178.0,46.83,1.02,23.43
26.994,1,107.00,9.895,9.002,366,287322,178.0,46.84,1.02,23.44
27.004,1,107.00,9.895,9.013,366,287322,178.0,46.85,1.02,23.45
27.014,1,107.00,9.895,8.820,366,287322,178.0,46.87,1.02,23.47
27.024,1,107.00,9.895,8.798,366,287322,178.0,46.88,1.02,23.48
27.034,1,107.00,9.895,8.748,364,287142,178.0,46.89,1.02,23.49
27.044,1,107.00,9.895,8.677,364,287142,178.0,46.90,1.02,23.50
27.054,1,107.00,9.895,8.600,364,287142,178.0,46.91,1.02,23.51
27.063,1,107.00,9.895,8.553,364,287142,178.0,46.92,1.02,23.52
27.073,1,107.00,9.895,8.521,364,287142,178.0,46.94,1.02,23.54
27.082,1,107.00,9.895,8.442,364,287142,178.0,46.95,1.02,23.55
27.092,1,107.00,9.895,8.401,364,287142,178.0,46.96,1.02,23.56
27.102,1,107.00,9.895,8.372,364,287142,178.0,46.97,1.02,23.57
27.112,1,107.00,9.895,8.341,364,287142,178.0,46.98,1.02,23.58
27.121,1,107.00,9.895,8.310,364,287142,178.0,46.99,1.02,23.59
27.131,1,107.00,9.895,8.291,362,286162,178.0,47.01,1.02,23.61
27.141,1,107.00,9.895,8.271,362,286162,178.0,47.02,1.02,23.62
27.150,1,107.00,9.895,8.216,361,284482,178.0,47.03,1.02,23.63
27.160,1,107.00,9.895,8.233,359,284422,178.0,47.04,1.02,23.64
27.170,1,107.00,9.895,8.243,357,284034,178.0,47.05,1.02,23.65
27.179,1,107.00,9.895,8.288,357,284034,178.0,47.06,1.02,23.66
27.188,1,107.00,9.895,8.335,358,284334,178.0,47.07,1.02,23.67
27.197,1,107.00,9.895,8.403,358,284334,178.0,47.09,1.02,23.69
27.206,1,107.00,9.895,8.467,358,284334,178.0,47.10,1.02,23.70
27.215,1,107.00,9.895,8.495,358,284334,178.0,47.11,1.02,23.71
27.224,1,107.00,9.895,8.568,357,284166,178.0,47.12,1.02,23.72
27.233,1,107.00,9.895,8.570,354,284046,178.0,47.13,1.02,23.73
27.242,1,107.00,9.895,8.581,354,284046,178.0,47.14,1.02,23.74
27.252,1,107.00,9.895,8.663,354,284046,178.0,47.15,1.01,23.75
27.261,1,107.00,9.895,8.640,353,283990,178.0,47.16,1.01,23.76
27.270,1,107.00,9.895,8.670,353,283990,178.0,47.17,1.01,23.77
27.280,1,107.00,9.895,8.624,353,283990,178.0,47.18,1.01,23.78
27.289,1,107.00,9.895,8.614,353,283990,178.0,47.20,1.01,23.80
27.298,1,107.00,9.895,8.735,353,283990,178.0,47.21,1.01,23.81
27.307,1,107.00,9.895,8.669,353,283990,178.0,47.22,1.01,23.82
27.317,1,107.00,9.895,8.668,352,282814,178.0,47.23,1.01,23.83
27.326,1,107.00,9.895,8.719,352,282814,178.0,47.24,1.01,23.84
27.335,1,107.00,9.895,8.671,351,282778,178.0,47.25,1.01,23.85
27.344,1,107.00,9.895,8.687,350,281098,178.0,47.26,1.01,23.86
27.354,1,107.00,9.895,8.630,350,281098,178.0,47.27,1.01,23.87
27.363,1,107.00,9.895,8.636,350,281098,178.0,47.28,1.01,23.88
27.372,1,107.00,9.895,8.605,350,281098,178.0,47.30,1.01,23.90
27.381,1,107.00,9.895,8.574,350,281098,178.0,47.31,1.01,23.91
27.391,1,107.00,9.895,8.511,350,281098,178.0,47.32,1.01,23.92
27.400,1,107.00,9.895,8.516,350,281098,178.0,47.33,1.01,23.93
27.409,1,107.00,9.895,8.479,350,281098,178.0,47.34,1.01,23.94
27.418,1,107.00,9.895,8.390,349,280678,178.0,47.35,1.01,23.95
27.428,1,107.00,9.895,8.336,349,280678,178.0,47.36,1.00,23.96
27.436,1,107.00,9.895,8.328,349,280678,178.0,47.37,1.00,23.97
27.445,1,107.00,9.895,8.286,349,280678,178.0,47.38,1.00,23.98
27.454,1,107.00,9.895,8.256,349,280678,178.0,47.39,1.00,23.99
27.463,1,107.00,9.895,8.204,349,280678,178.0,47.41,1.00,24.00
27.472,1,107.00,9.895,8.205,350,281098,178.0,47.42,1.00,24.00
27.481,1,107.00,9.895,8.474,350,281098,178.0,47.44,1.00,24.00
27.490,1,107.00,9.895,8.401,350,281098,178.0,47.45,1.00,24.00
27.499,1,107.00,9.895,8.347,349,279698,178.0,47.47,1.00,24.00
27.508,1,107.00,9.895,8.360,349,279698,178.0,47.48,1.00,24.00
27.517,1,107.00,9.895,8.312,349,279698,178.0,47.50,1.00,24.00
27.526,1,107.00,9.895,8.288,348,279638,178.0,47.52,1.00,24.00
27.535,1,107.00,9.895,8.281,349,279694,178.0,47.53,1.00,24.00
27.544,1,107.00,9.895,8.270,349,279694,178.0,47.55,1.00,24.00
27.553,1,107.00,9.895,8.211,350,279814,178.0,47.56,1.00,24.00
27.562,1,107.00,9.895,8.231,350,279814,178.0,47.58,1.00,24.00
27.571,1,107.00,9.895,8.226,350,279814,178.0,47.59,1.00,24.00
27.580,1,107.00,9.895,8.170,350,279814,178.0,47.61,1.00,24.00
27.589,1,107.00,9.895,8.191,350,279814,178.0,47.62,1.00,24.00
27.597,1,107.00,9.895,8.106,349,279754,178.0,47.64,1.00,24.00
27.605,1,107.00,9.895,8.096,349,279754,178.0,47.65,1.00,24.00
27.614,1,107.00,9.895,8.070,349,279754,178.0,47.66,0.99,24.00
27.622,1,107.00,9.895,8.060,349,279754,178.0,47.68,0.99,24.00
27.630,1,107.00,9.895,8.024,349,279754,178.0,47.69,0.99,24.00
27.639,1,107.00,9.895,7.938,349,279754,178.0,47.71,0.99,24.00
27.647,1,107.00,9.895,7.955,349,279754,178.0,47.72,0.99,24.00
27.655,1,107.00,9.895,7.916,349,279754,178.0,47.73,0.99,24.00
27.664,1,107.00,9.895,7.880,349,279754,178.0,47.75,0.99,24.00
27.672,1,107.00,9.895,7.857,349,279754,178.0,47.76,0.99,24.00
27.680,1,107.00,9.895,7.800,349,279754,178.0,47.78,0.99,24.00
27.689,1,107.00,9.895,7.765,349,279754,178.0,47.79,0.99,24.00
27.697,1,107.00,9.895,7.764,349,279754,178.0,47.81,0.99,24.00
27.705,1,107.00,9.895,7.719,349,279754,178.0,47.82,0.99,24.00
27.714,1,107.00,9.895,7.664,349,279754,178.0,47.83,0.99,24.00
27.722,1,107.00,9.895,7.688,349,279390,178.0,47.85,0.99,24.00
27.730,1,107.00,9.895,7.558,349,279390,178.0,47.86,0.99,24.00
27.739,1,107.00,9.895,7.554,349,279390,178.0,47.88,0.99,24.00
27.747,1,107.00,9.895,7.545,349,279390,178.0,47.89,0.99,24.00
27.755,1,107.00,9.895,7.524,349,279390,178.0,47.90,0.99,24.00
27.764,1,107.00,9.895,7.434,349,279390,178.0,47.92,0.99,24.00
27.772,1,107.00,9.895,7.436,349,279390,178.0,47.93,0.99,24.00
27.780,1,107.00,9.895,7.346,349,279390,178.0,47.95,0.99,24.00
27.789,1,107.00,9.895,7.355,349,279390,178.0,47.96,0.99,24.00
27.797,1,107.00,9.895,7.359,349,279390,178.0,47.98,0.99,24.00
27.805,1,107.00,9.895,7.297,349,279390,178.0,47.99,0.99,24.00
27.814,1,107.00,9.895,7.303,351,280398,178.0,48.00,0.99,24.00
27.822,1,107.00,9.895,7.162,354,282666,178.0,48.02,0.99,24.00
27.830,1,107.00,9.895,7.316,354,282666,178.0,48.03,0.99,24.00
27.838,1,107.00,9.895,7.267,353,282486,178.0,48.05,0.99,24.00
27.846,1,107.00,9.895,7.249,353,282486,178.0,48.06,0.99,24.00
27.854,1,107.00,9.895,7.179,352,280806,178.0,48.07,0.99,24.00
27.862,1,107.00,9.895,7.193,352,280806,178.0,48.09,0.99,24.00
27.870,1,107.00,9.895,7.180,352,280806,178.0,48.10,0.99,24.00
27.877,1,107.00,9.895,7.130,351,280626,178.0,48.11,1.00,24.00
27.885,1,107.00,9.895,7.146,351,280626,178.0,48.13,1.00,24.00
27.893,1,107.00,9.895,7.128,351,280626,178.0,48.14,1.00,24.00
27.901,1,107.00,9.895,7.044,351,280626,178.0,48.15,1.00,24.00
27.908,1,107.00,9.895,7.035,351,280626,178.0,48.16,1.00,24.00
27.916,1,107.00,9.895,7.038,351,280626,178.0,48.18,1.00,24.00
27.924,1,107.00,9.895,6.975,350,278406,178.0,48.19,1.00,24.00
27.931,1,107.00,9.895,6.979,348,278286,178.0,48.20,1.00,24.00
27.939,1,107.00,9.895,6.953,347,278106,178.0,48.22,1.00,24.00
27.946,1,107.00,9.895,6.908,347,278106,178.0,48.23,1.00,24.00
27.954,1,107.00,9.895,6.919,347,278106,178.0,48.24,1.00,24.00
27.962,1,107.00,9.895,6.883,347,278106,178.0,48.26,1.00,24.00
27.969,1,107.00,9.895,6.799,347,278106,178.0,48.27,1.00,24.00
27.977,1,107.00,9.895,6.787,348,278430,178.0,48.28,1.00,24.00
27.984,1,107.00,9.895,6.755,348,278430,178.0,48.29,1.00,24.00
27.991,1,107.00,9.895,6.703,348,278430,178.0,48.31,1.00,24.00
27.999,1,107.00,9.895,6.691,348,278430,178.0,48.32,1.00,24.00
28.006,1,116.00,9.610,6.704,348,278430,178.0,48.33,1.00,24.00
28.013,1,116.00,9.610,6.717,347,276210,178.0,48.34,1.00,24.00
28.021,1,116.00,9.610,6.602,347,276210,178.0,48.36,1.00,24.00
28.028,1,116.00,9.610,6.672,347,276210,178.0,48.37,1.00,24.00
28.035,1,116.00,9.610,6.571,347,276210,178.0,48.38,1.00,24.00
28.042,1,116.00,9.610,6.559,347,276210,178.0,48.39,1.00,24.00
28.050,1,116.00,9.610,6.558,346,276030,178.0,48.40,1.00,24.00
28.057,1,116.00,9.610,6.518,346,276030,178.0,48.42,1.00,24.00
28.064,1,116.00,9.610,6.425,346,276030,178.0,48.43,1.00,24.00
28.071,1,116.00,9.610,6.425,346,276030,178.0,48.44,1.00,24.00
28.078,1,116.00,9.610,6.470,346,276030,178.0,48.45,1.00,24.00
28.085,1,116.00,9.610,6.487,346,276030,178.0,48.47,1.01,24.00
28.092,1,116.00,9.610,6.506,346,276030,178.0,48.48,1.01,24.00
28.099,1,116.00,9.610,6.544,345,275610,178.0,48.49,1.01,24.00
28.107,1,116.00,9.610,6.533,345,275610,178.0,48.50,1.01,24.00
28.114,1,116.00,9.610,6.491,346,276786,178.0,48.51,1.01,24.00
28.121,1,116.00,9.610,6.538,346,276786,178.0,48.53,1.01,24.00
28.128,1,116.00,9.610,6.548,346,276786,178.0,48.54,1.01,24.00
28.135,1,116.00,9.610,6.528,346,276786,178.0,48.55,1.01,24.00
28.142,1,116.00,9.610,6.572,346,276786,178.0,48.56,1.01,24.00
28.149,1,116.00,9.610,6.612,347,276842,178.0,48.57,1.01,24.00
28.157,1,116.00,9.610,6.595,347,276842,178.0,48.59,1.01,24.00
28.164,1,116.00,9.610,6.595,347,276842,178.0,48.60,1.01,24.00
28.171,1,116.00,9.610,6.654,346,276770,178.0,48.61,1.01,24.00
28.178,1,116.00,9.610,6.668,353,283794,178.0,48.62,1.01,24.00
28.185,1,116.00,9.610,6.616,353,283794,178.0,48.64,1.01,24.00
28.192,1,116.00,9.610,6.610,353,283794,178.0,48.65,1.01,24.00
28.199,1,116.00,9.610,6.564,352,283722,178.0,48.66,1.01,24.00
28.207,1,116.00,9.610,6.533,352,283722,178.0,48.67,1.01,24.00
28.214,1,116.00,9.610,6.563,351,282042,178.0,48.68,1.01,24.00
28.221,1,116.00,9.610,6.575,351,282042,178.0,48.70,1.01,24.00
28.228,1,116.00,9.610,6.629,351,282042,178.0,48.71,1.01,24.00
28.235,1,116.00,9.610,6.584,351,282042,178.0,48.72,1.01,24.00
28.242,1,116.00,9.610,6.581,351,282042,178.0,48.73,1.01,24.00
28.249,1,116.00,9.610,6.565,351,282042,178.0,48.74,1.01,24.00
28.257,1,116.00,9.610,6.625,351,282042,178.0,48.76,1.01,24.00
28.264,1,116.00,9.610,6.575,351,282042,178.0,48.77,1.01,24.00
28.271,1,116.00,9.610,6.607,351,282042,178.0,48.78,1.01,24.00
28.278,1,116.00,9.610,6.644,351,282042,178.0,48.79,1.01,24.00
28.285,1,116.00,9.610,6.622,351,282042,178.0,48.81,1.01,24.00
28.292,1,116.00,9.610,6.671,351,282042,178.0,48.82,1.01,24.00
28.299,1,116.00,9.610,6.648,351,282042,178.0,48.83,1.01,24.00
28.307,1,116.00,9.610,6.679,351,282042,178.0,48.84,1.01,24.00
28.314,1,116.00,9.610,6.656,351,282042,178.0,48.85,1.01,24.00
28.321,1,116.00,9.610,6.674,351,282042,178.0,48.87,1.01,24.00
28.328,1,116.00,9.610,6.660,351,282042,178.0,48.88,1.01,24.00
28.335,1,116.00,9.610,6.701,351,282042,178.0,48.89,1.01,24.00
28.342,1,116.00,9.610,6.686,351,282042,178.0,48.90,1.01,24.00
28.349,1,116.00,9.610,7.102,351,282042,178.0,48.91,1.01,24.00
28.357,1,116.00,9.610,6.703,351,282042,178.0,48.93,1.01,24.00
28.364,1,116.00,9.610,6.721,351,282042,178.0,48.94,1.01,24.00
28.371,1,116.00,9.610,6.727,351,282042,178.0,48.95,1.01,24.00
28.378,1,116.00,9.610,6.733,351,282042,178.0,48.96,1.01,24.00
28.385,1,116.00,9.610,7.117,351,282042,178.0,48.98,1.01,24.00
28.392,1,116.00,9.610,6.770,351,282042,178.0,48.99,1.01,24.00
28.399,1,116.00,9.610,6.765,351,282042,178.0,49.00,1.01,24.00
28.407,1,116.00,9.610,6.841,352,282582,178.0,49.01,1.01,24.00
28.414,1,116.00,9.610,6.806,352,282582,178.0,49.02,1.01,24.00
28.421,1,116.00,9.610,6.906,351,282162,178.0,49.04,1.01,24.00
28.428,1,116.00,9.610,6.919,351,282162,178.0,49.05,1.01,24.00
28.435,1,116.00,9.610,6.973,351,282162,178.0,49.06,1.01,24.00
28.443,1,116.00,9.610,7.006,351,282162,178.0,49.07,1.01,24.00
28.450,1,116.00,9.610,6.987,351,282162,178.0,49.09,1.01,24.00
28.457,1,116.00,9.610,7.065,351,282162,178.0,49.10,1.01,24.00
28.465,1,116.00,9.610,7.092,351,282162,178.0,49.11,1.01,24.00
28.472,1,116.00,9.610,7.124,351,282162,178.0,49.12,1.01,24.00
28.480,1,116.00,9.610,7.141,351,282162,178.0,49.14,1.01,24.00
28.487,1,116.00,9.610,7.154,351,282162,178.0,49.15,1.01,24.00
28.494,1,116.00,9.610,7.173,351,282162,178.0,49.16,1.01,24.00
28.502,1,116.00,9.610,7.193,351,282162,178.0,49.17,1.01,24.00
28.509,1,116.00,9.610,7.206,351,282162,178.0,49.19,1.01,24.00
28.517,1,116.00,9.610,7.251,351,282162,178.0,49.20,1.01,24.00
28.524,1,116.00,9.610,7.233,351,282162,178.0,49.21,1.01,23.99
28.531,1,116.00,9.610,7.247,360,286242,178.0,49.22,1.01,23.98
28.539,1,116.00,9.610,6.497,360,286242,178.0,49.23,1.01,23.97
28.546,1,116.00,9.610,6.508,361,294754,178.0,49.23,1.01,23.97
28.554,1,116.00,9.610,6.564,362,302538,178.0,49.24,1.01,23.96
28.561,1,116.00,9.610,6.633,362,302538,178.0,49.25,1.01,23.95
28.568,1,116.00,9.610,6.705,363,304938,178.0,49.26,1.01,23.94
28.576,1,116.00,9.610,6.722,363,304938,178.0,49.27,1.01,23.93
28.583,1,116.00,9.610,6.824,363,304938,178.0,49.28,1.01,23.92
28.591,1,116.00,9.610,6.874,363,304938,178.0,49.29,1.00,23.91
28.598,1,116.00,9.610,6.864,363,304938,178.0,49.30,1.00,23.90
28.606,1,116.00,9.610,6.961,363,304938,178.0,49.31,1.00,23.89
28.613,1,116.00,9.610,7.063,363,304938,178.0,49.31,1.00,23.89
28.620,1,116.00,9.610,7.263,362,304878,178.0,49.32,1.00,23.88
28.628,1,116.00,9.610,7.154,362,304878,178.0,49.33,1.00,23.87
28.635,1,116.00,9.610,7.343,362,304878,178.0,49.34,1.00,23.86
28.643,1,116.00,9.610,7.353,360,304806,178.0,49.35,1.00,23.85
28.650,1,116.00,9.610,7.384,358,304710,178.0,49.36,1.00,23.84
28.657,1,116.00,9.610,7.485,355,304482,178.0,49.37,1.00,23.83
28.665,1,116.00,9.610,7.582,354,304386,178.0,49.38,1.00,23.82
28.673,1,116.00,9.610,7.565,354,304386,178.0,49.39,1.00,23.81
28.682,1,116.00,9.610,7.851,354,304386,178.0,49.40,1.00,23.80
28.690,1,116.00,9.610,7.774,353,304242,178.0,49.41,1.00,23.79
28.699,1,116.00,9.610,7.905,353,304242,178.0,49.42,1.00,23.78
28.707,1,116.00,9.610,7.988,353,304242,178.0,49.43,1.00,23.77
28.716,1,116.00,9.610,8.088,349,302530,178.0,49.44,1.00,23.76
28.725,1,116.00,9.610,8.190,349,302530,178.0,49.45,1.00,23.75
28.734,1,116.00,9.610,8.803,350,302790,178.0,49.46,1.00,23.74
28.744,1,116.00,9.610,8.482,348,301886,178.0,49.47,1.00,23.73
28.753,1,116.00,9.610,8.731,344,300990,178.0,49.48,0.99,23.72
28.762,1,116.00,9.610,8.781,337,297502,178.0,49.49,0.99,23.71
28.772,1,116.00,9.610,8.713,335,297058,178.0,49.51,0.99,23.69
28.781,1,116.00,9.610,8.791,332,295610,178.0,49.52,0.99,23.68
28.791,1,116.00,9.610,8.892,329,295070,178.0,49.53,0.99,23.67
28.800,1,116.00,9.610,8.952,326,293894,178.0,49.54,0.99,23.66
28.810,1,116.00,9.610,8.867,324,291822,178.0,49.55,0.99,23.65
28.819,1,116.00,9.610,8.849,324,291822,178.0,49.56,0.99,23.64
28.829,1,116.00,9.610,8.880,323,291766,178.0,49.57,0.99,23.63
28.838,1,116.00,9.610,8.831,319,290202,178.0,49.59,0.99,23.61
28.848,1,116.00,9.610,8.893,312,285342,178.0,49.60,0.99,23.60
28.857,1,116.00,9.610,8.771,303,276354,178.0,49.61,0.99,23.59
28.867,1,116.00,9.610,8.757,298,239950,178.0,49.62,0.99,23.58
28.876,1,116.00,9.610,8.742,295,236970,178.0,49.63,0.99,23.57
28.886,1,116.00,9.610,8.688,289,235158,178.0,49.64,0.99,23.56
28.895,1,116.00,9.610,8.733,287,223678,178.0,49.65,0.99,23.55
28.905,1,116.00,9.610,8.744,285,223006,178.0,49.67,0.99,23.53
28.914,1,116.00,9.610,8.890,285,223006,178.0,49.68,0.99,23.52
28.924,1,116.00,9.610,8.770,282,222166,178.0,49.69,0.99,23.51
28.933,1,116.00,9.610,8.878,280,218168,178.0,49.70,0.99,23.50
28.943,1,116.00,9.610,8.639,278,217688,178.0,49.71,0.99,23.49
28.952,1,116.00,9.610,8.657,277,217184,178.0,49.72,0.99,23.48
28.962,1,116.00,9.610,8.609,277,217184,178.0,49.73,0.99,23.47
28.972,1,116.00,9.610,8.779,274,216824,178.0,49.75,0.99,23.45
28.981,1,116.00,9.610,8.550,274,216824,178.0,49.76,0.99,23.44
28.991,1,126.00,9.552,8.813,273,216768,178.0,49.77,0.99,23.43
29.000,1,126.00,9.552,8.646,270,216300,178.0,49.78,0.99,23.42
29.010,1,126.00,9.552,8.818,268,213284,178.0,49.79,0.99,23.41
29.019,1,126.00,9.552,8.641,266,212996,178.0,49.80,0.99,23.40
29.029,1,126.00,9.552,8.714,284,219176,178.0,49.82,0.99,23.40
29.038,1,126.00,9.552,8.361,283,219128,178.0,49.84,0.99,23.40
29.048,1,126.00,9.552,8.289,284,222600,178.0,49.85,0.99,23.40
29.057,1,126.00,9.552,8.207,284,222600,178.0,49.87,0.99,23.40
29.067,1,126.00,9.552,8.187,285,222756,178.0,49.89,0.99,23.40
29.076,1,126.00,9.552,8.194,285,222756,178.0,49.90,0.99,23.40
29.086,1,126.00,9.552,8.244,283,222276,178.0,49.92,0.99,23.40
29.095,1,126.00,9.552,8.273,280,221436,178.0,49.93,0.99,23.40
29.105,1,126.00,9.552,8.133,280,221436,178.0,49.95,0.99,23.40
29.114,1,126.00,9.552,8.158,280,221436,178.0,49.97,0.99,23.40
29.123,1,126.00,9.552,8.112,280,221436,178.0,49.98,0.99,23.40
29.132,1,126.00,9.552,8.025,281,223676,178.0,50.00,0.99,23.40
29.142,1,126.00,9.552,7.986,281,223676,178.0,50.01,0.99,23.40
29.151,1,126.00,9.552,7.992,283,224212,178.0,50.03,0.99,23.40
29.160,1,126.00,9.552,8.047,283,224212,178.0,50.04,0.99,23.40
29.169,1,126.00,9.552,7.961,284,229980,178.0,50.06,0.99,23.40
29.179,1,126.00,9.552,7.904,284,229980,178.0,50.08,0.99,23.40
29.188,1,126.00,9.552,7.925,283,229700,178.0,50.09,0.99,23.40
29.197,1,126.00,9.552,7.963,283,229700,178.0,50.11,0.99,23.40
29.207,1,126.00,9.552,7.896,284,232220,178.0,50.12,0.99,23.40
29.216,1,126.00,9.552,7.842,285,235692,178.0,50.14,0.99,23.40
29.225,1,126.00,9.552,7.843,287,242580,178.0,50.15,0.99,23.40
29.234,1,126.00,9.552,7.862,283,242172,178.0,50.17,0.99,23.40
29.243,1,126.00,9.552,7.802,285,247268,178.0,50.18,0.99,23.40
29.251,1,126.00,9.552,7.839,286,250236,178.0,50.20,0.99,23.40
29.260,1,126.00,9.552,7.836,286,250236,178.0,50.21,0.99,23.40
29.268,1,126.00,9.552,7.835,286,250236,178.0,50.23,0.99,23.40
29.277,1,126.00,9.552,7.818,286,250236,178.0,50.24,0.99,23.40
29.285,1,126.00,9.552,7.788,286,250236,178.0,50.26,0.99,23.40
29.293,1,126.00,9.552,7.747,286,250236,178.0,50.27,1.00,23.40
29.302,1,126.00,9.552,7.783,286,250236,178.0,50.28,1.00,23.40
29.310,1,126.00,9.552,7.769,286,250236,178.0,50.30,1.00,23.40
29.319,1,126.00,9.552,7.771,286,250236,178.0,50.31,1.00,23.40
29.327,1,126.00,9.552,7.692,287,250284,178.0,50.33,1.00,23.40
29.335,1,126.00,9.552,7.691,287,250284,178.0,50.34,1.00,23.40
29.344,1,126.00,9.552,7.700,289,254916,178.0,50.36,1.00,23.40
29.352,1,126.00,9.552,7.698,289,254916,178.0,50.37,1.00,23.40
29.360,1,126.00,9.552,7.696,289,254916,178.0,50.38,1.00,23.40
29.369,1,126.00,9.552,7.680,289,254916,178.0,50.40,1.00,23.40
29.377,1,126.00,9.552,7.679,289,254916,178.0,50.41,1.00,23.40
29.385,1,126.00,9.552,7.624,303,261414,178.0,50.43,1.00,23.40
29.393,1,126.00,9.552,7.322,303,261414,178.0,50.44,1.00,23.40
29.401,1,126.00,9.552,7.298,303,261414,178.0,50.45,1.00,23.40
29.409,1,126.00,9.552,7.355,303,261414,178.0,50.47,1.00,23.40
29.417,1,126.00,9.552,7.342,303,261414,178.0,50.48,1.00,23.40
29.425,1,126.00,9.552,7.372,303,261414,178.0,50.49,1.00,23.40
29.433,1,126.00,9.552,7.408,303,261414,178.0,50.51,1.00,23.40
29.441,1,126.00,9.552,7.479,303,261414,178.0,50.52,1.00,23.40
29.449,1,126.00,9.552,7.577,303,261414,178.0,50.54,1.00,23.40
29.458,1,126.00,9.552,7.575,303,261414,178.0,50.55,1.00,23.40
29.466,1,126.00,9.552,7.709,303,261414,178.0,50.56,1.00,23.40
29.474,1,126.00,9.552,7.731,303,261414,178.0,50.58,1.00,23.40
29.483,1,126.00,9.552,7.832,303,261414,178.0,50.59,1.00,23.40
29.491,1,126.00,9.552,7.926,303,261414,178.0,50.61,1.00,23.40
29.499,1,126.00,9.552,7.958,303,261414,178.0,50.62,1.00,23.40
29.508,1,126.00,9.552,8.002,303,261414,178.0,50.63,1.01,23.40
29.516,1,126.00,9.552,8.041,305,261638,178.0,50.65,1.01,23.40
29.524,1,126.00,9.552,8.039,305,261638,178.0,50.66,1.01,23.40
29.533,1,126.00,9.552,7.996,305,261638,178.0,50.68,1.01,23.40
29.541,1,126.00,9.552,8.014,304,261246,178.0,50.69,1.01,23.40
29.549,1,126.00,9.552,8.026,303,257292,178.0,50.71,1.01,23.40
29.558,1,126.00,9.552,7.980,304,257340,178.0,50.72,1.01,23.40
29.566,1,126.00,9.552,7.987,304,257340,178.0,50.73,1.01,23.40
29.574,1,126.00,9.552,8.012,304,257340,178.0,50.75,1.01,23.40
29.583,1,126.00,9.552,8.037,300,256932,178.0,50.76,1.01,23.40
29.591,1,126.00,9.552,7.951,298,256788,178.0,50.78,1.01,23.40
29.599,1,126.00,9.552,7.932,298,256788,178.0,50.79,1.01,23.40
29.608,1,126.00,9.552,8.008,298,256788,178.0,50.80,1.01,23.40
29.616,1,126.00,9.552,7.944,298,256788,178.0,50.82,1.01,23.40
29.624,1,126.00,9.552,7.912,298,256788,178.0,50.83,1.01,23.40
29.633,1,126.00,9.552,7.918,298,256788,178.0,50.85,1.01,23.40
29.641,1,126.00,9.552,7.956,299,256896,178.0,50.86,1.01,23.40
29.649,1,126.00,9.552,7.952,299,256896,178.0,50.88,1.01,23.40
29.658,1,126.00,9.552,8.048,303,258744,178.0,50.89,1.01,23.40
29.666,1,126.00,9.552,7.857,301,258264,178.0,50.90,1.01,23.40
29.674,1,126.00,9.552,7.858,303,259048,178.0,50.92,1.01,23.40
29.683,1,126.00,9.552,7.880,303,259048,178.0,50.93,1.01,23.40
29.691,1,126.00,9.552,7.803,303,259048,178.0,50.95,1.01,23.40
29.699,1,126.00,9.552,7.811,303,259048,178.0,50.96,1.01,23.40
29.708,1,126.00,9.552,7.794,303,259048,178.0,50.97,1.01,23.40
29.716,1,126.00,9.552,7.772,303,259048,178.0,50.99,1.01,23.40
29.724,1,126.00,9.552,7.723,303,259048,178.0,51.00,1.00,23.40
29.733,1,126.00,9.552,7.986,331,309054,178.0,51.02,1.00,23.40
29.741,1,126.00,9.552,7.450,330,295334,178.0,51.03,1.00,23.40
29.749,1,126.00,9.552,7.470,330,295334,178.0,51.05,1.00,23.40
29.758,1,126.00,9.552,7.410,330,295334,178.0,51.06,1.00,23.40
29.766,1,126.00,9.552,7.381,329,281614,178.0,51.07,1.00,23.40
29.774,1,126.00,9.552,7.386,328,279214,178.0,51.09,1.00,23.40
29.783,1,126.00,9.552,7.334,329,279394,178.0,51.10,1.00,23.40
29.791,1,126.00,9.552,7.318,330,279758,178.0,51.12,1.00,23.40
29.799,1,126.00,9.552,7.403,330,279758,178.0,51.13,1.00,23.40
29.808,1,126.00,9.552,7.372,331,281318,178.0,51.14,1.00,23.40
29.816,1,126.00,9.552,7.308,329,281090,178.0,51.16,1.00,23.40
29.824,1,126.00,9.552,7.356,332,306546,178.0,51.17,1.00,23.40
29.833,1,126.00,9.552,7.249,332,306546,178.0,51.19,1.00,23.40
29.841,1,126.00,9.552,7.225,332,306546,178.0,51.20,1.00,23.40
29.849,1,126.00,9.552,7.249,331,306006,178.0,51.22,1.00,23.40
29.858,1,126.00,9.552,7.186,332,317822,178.0,51.23,1.00,23.40
29.866,1,126.00,9.552,7.211,332,317822,178.0,51.24,1.00,23.40
29.874,1,126.00,9.552,7.217,332,317822,178.0,51.26,1.00,23.40
29.883,1,126.00,9.552,7.167,333,330646,178.0,51.27,1.00,23.40
29.891,1,126.00,9.552,7.188,333,330646,178.0,51.29,1.00,23.40
29.899,1,126.00,9.552,7.222,333,331038,178.0,51.30,1.00,23.40
29.907,1,126.00,9.552,7.187,333,331038,178.0,51.31,1.00,23.40
29.915,1,126.00,9.552,7.251,334,343526,178.0,51.33,0.99,23.40
29.922,1,126.00,9.552,7.228,335,355902,178.0,51.34,0.99,23.40
29.930,1,126.00,9.552,7.385,335,355902,178.0,51.35,0.99,23.40
29.938,1,126.00,9.552,7.361,335,355902,178.0,51.37,0.99,23.40
29.945,1,126.00,9.552,7.489,334,355578,178.0,51.38,0.99,23.40
29.953,1,126.00,9.552,7.455,334,355446,178.0,51.39,0.99,23.40
29.960,1,126.00,9.552,7.495,335,358266,178.0,51.40,0.99,23.40
29.968,1,126.00,9.552,7.501,335,358266,178.0,51.42,0.99,23.40
29.975,1,126.00,9.552,7.573,334,358410,178.0,51.43,0.99,23.40
29.983,1,126.00,9.552,7.580,333,358018,178.0,51.44,0.99,23.40
29.991,1,126.00,9.552,7.636,333,358018,178.0,51.46,0.99,23.40
29.998,1,119.00,9.411,7.589,333,358018,178.0,51.47,0.99,23.40
30.006,1,119.00,9.411,7.769,334,358354,178.0,51.48,0.99,23.40
30.013,1,119.00,9.411,7.730,334,358354,178.0,51.49,0.99,23.40
30.021,1,119.00,9.411,7.840,334,358354,178.0,51.51,0.99,23.40
30.030,1,119.00,9.411,7.789,334,358354,178.0,51.52,0.99,23.40
30.038,1,119.00,9.411,7.816,334,358354,178.0,51.54,0.99,23.40
30.046,1,119.00,9.411,7.880,334,358354,178.0,51.55,0.99,23.40
30.055,1,119.00,9.411,7.958,333,358314,178.0,51.56,0.99,23.40
30.063,1,119.00,9.411,8.058,334,358650,178.0,51.58,0.99,23.40
30.071,1,119.00,9.411,8.041,332,358194,178.0,51.59,0.99,23.40
30.080,1,119.00,9.411,8.060,332,358194,178.0,51.61,0.98,23.41
30.088,1,119.00,9.411,8.011,372,416770,178.0,51.62,0.98,23.42
30.096,1,119.00,9.411,7.721,374,418170,178.0,51.63,0.98,23.43
30.105,1,119.00,9.411,7.744,378,419526,178.0,51.64,0.98,23.44
30.113,1,119.00,9.411,7.718,380,419886,178.0,51.65,0.98,23.45
30.121,1,119.00,9.411,7.671,382,421206,178.0,51.66,0.98,23.46
30.130,1,119.00,9.411,7.705,385,421682,178.0,51.67,0.98,23.47
30.138,1,119.00,9.411,7.688,385,421682,178.0,51.68,0.98,23.48
30.146,1,119.00,9.411,7.716,389,423526,178.0,51.69,0.98,23.49
30.155,1,119.00,9.411,7.713,402,425218,178.0,51.70,0.98,23.50
30.163,1,119.00,9.411,7.728,403,425274,178.0,51.71,0.98,23.51
30.171,1,119.00,9.411,7.742,404,425598,178.0,51.72,0.98,23.52
30.180,1,119.00,9.411,7.681,404,425598,178.0,51.73,0.98,23.53
30.188,1,119.00,9.411,7.688,406,427974,178.0,51.74,0.98,23.54
30.196,1,119.00,9.411,7.697,406,427974,178.0,51.75,0.98,23.55
30.205,1,119.00,9.411,7.675,407,428366,178.0,51.76,0.98,23.56
30.213,1,119.00,9.411,7.663,412,430166,178.0,51.77,0.98,23.57
30.221,1,119.00,9.411,7.649,412,430166,178.0,51.78,0.98,23.58
30.230,1,119.00,9.411,7.648,413,430310,178.0,51.79,0.98,23.59
30.238,1,119.00,9.411,7.642,413,430310,178.0,51.80,0.98,23.60
30.246,1,119.00,9.411,7.588,413,430310,178.0,51.81,0.98,23.61
30.255,1,119.00,9.411,7.622,413,430310,178.0,51.82,0.98,23.62
30.263,1,119.00,9.411,7.648,414,430406,178.0,51.83,0.98,23.63
30.271,1,119.00,9.411,7.620,417,430462,178.0,51.84,0.98,23.64
30.280,1,119.00,9.411,7.650,418,430402,178.0,51.85,0.98,23.65
30.288,1,119.00,9.411,7.597,418,430402,178.0,51.86,0.98,23.66
30.296,1,119.00,9.411,7.584,417,430342,178.0,51.87,0.98,23.67
30.305,1,119.00,9.411,7.599,417,430342,178.0,51.88,0.98,23.68
30.313,1,119.00,9.411,7.520,418,430402,178.0,51.89,0.98,23.69
30.321,1,119.00,9.411,7.593,420,430510,178.0,51.90,0.98,23.70
30.330,1,119.00,9.411,7.548,419,430342,178.0,51.91,0.98,23.71
30.338,1,119.00,9.411,7.526,419,430342,178.0,51.92,0.98,23.72
30.346,1,119.00,9.411,7.551,423,430446,178.0,51.93,0.98,23.73
30.355,1,119.00,9.411,7.576,422,430326,178.0,51.94,0.98,23.74
30.363,1,119.00,9.411,7.590,422,430326,178.0,51.95,0.98,23.75
30.371,1,119.00,9.411,7.497,422,430326,178.0,51.96,0.98,23.76
30.380,1,119.00,9.411,7.599,423,430606,178.0,51.97,0.98,23.77
30.388,1,119.00,9.411,7.530,417,430126,178.0,51.98,0.98,23.78
30.396,1,119.00,9.411,7.504,417,430126,178.0,51.99,0.98,23.79
30.405,1,119.00,9.411,7.510,416,430070,178.0,52.00,0.98,23.80
30.413,1,119.00,9.411,7.504,414,429626,178.0,52.01,0.98,23.81
30.421,1,119.00,9.411,7.589,414,429626,178.0,52.02,0.98,23.82
30.429,1,119.00,9.411,7.496,413,429066,178.0,52.03,0.98,23.83
30.437,1,119.00,9.411,7.516,412,427890,178.0,52.04,0.98,23.84
30.446,1,119.00,9.411,7.506,409,427314,178.0,52.05,0.98,23.85
30.454,1,119.00,9.411,7.511,409,427314,178.0,52.05,0.98,23.85
30.462,1,119.00,9.411,7.500,409,427314,178.0,52.06,0.98,23.86
30.470,1,119.00,9.411,7.473,409,427314,178.0,52.07,0.98,23.87
30.478,1,119.00,9.411,7.448,405,425034,178.0,52.08,0.98,23.88
30.486,1,119.00,9.411,7.482,405,425034,178.0,52.09,0.98,23.89
30.494,1,119.00,9.411,7.468,403,424942,178.0,52.10,0.99,23.90
30.503,1,119.00,9.411,7.461,403,424942,178.0,52.11,0.99,23.91
30.511,1,119.00,9.411,7.411,402,424702,178.0,52.12,0.99,23.92
30.519,1,119.00,9.411,7.520,402,424702,178.0,52.13,0.99,23.93
30.527,1,119.00,9.411,7.410,402,424702,178.0,52.14,0.99,23.94
30.535,1,119.00,9.411,7.373,401,424282,178.0,52.15,0.99,23.95
30.543,1,119.00,9.411,7.342,401,424282,178.0,52.16,0.99,23.96
30.551,1,119.00,9.411,7.378,401,424282,178.0,52.17,0.99,23.97
30.559,1,119.00,9.411,7.328,401,424282,178.0,52.18,0.99,23.98
30.567,1,119.00,9.411,7.323,402,424342,178.0,52.19,0.99,23.99
30.575,1,119.00,9.411,7.429,403,426382,178.0,52.20,0.99,24.00
30.583,1,119.00,9.411,7.357,403,426382,178.0,52.21,0.99,24.00
30.591,1,119.00,9.411,7.319,403,426382,178.0,52.23,0.99,24.00
30.599,1,119.00,9.411,7.372,403,426382,178.0,52.24,0.99,24.00
30.607,1,119.00,9.411,7.454,403,426382,178.0,52.26,0.99,24.00
30.615,1,119.00,9.411,7.441,402,426162,178.0,52.27,0.99,24.00
30.623,1,119.00,9.411,7.484,400,425934,178.0,52.28,0.99,24.00
30.632,1,119.00,9.411,7.501,400,425934,178.0,52.30,0.99,24.00
30.640,1,119.00,9.411,7.540,400,425934,178.0,52.31,0.99,24.00
30.648,1,119.00,9.411,7.550,400,425934,178.0,52.32,0.99,24.00
30.656,1,119.00,9.411,7.560,399,425878,178.0,52.34,0.99,24.00
30.665,1,119.00,9.411,7.679,399,425878,178.0,52.35,0.99,24.00
30.673,1,119.00,9.411,7.718,399,425878,178.0,52.37,0.99,24.00
30.681,1,119.00,9.411,7.743,399,425878,178.0,52.38,0.99,24.00
30.690,1,119.00,9.411,7.904,399,425878,178.0,52.40,1.00,24.00
30.698,1,119.00,9.411,7.895,399,425878,178.0,52.41,1.00,24.00
30.706,1,119.00,9.411,8.022,399,425878,178.0,52.42,1.00,24.00
30.715,1,119.00,9.411,8.039,399,425878,178.0,52.44,1.00,24.00
30.723,1,119.00,9.411,8.090,399,425878,178.0,52.45,1.00,24.00
30.731,1,119.00,9.411,8.125,399,425878,178.0,52.47,1.00,24.00
30.740,1,119.00,9.411,8.220,399,425878,178.0,52.48,1.00,24.00
30.748,1,119.00,9.411,8.184,398,425710,178.0,52.49,1.00,24.00
30.756,1,119.00,9.411,8.229,398,425710,178.0,52.51,1.00,24.00
30.765,1,119.00,9.411,8.240,398,425710,178.0,52.52,1.00,24.00
30.773,1,119.00,9.411,8.235,399,425950,178.0,52.54,1.00,24.00
30.781,1,119.00,9.411,8.237,400,426566,178.0,52.55,1.00,24.00
30.790,1,119.00,9.411,8.258,400,426566,178.0,52.57,1.00,24.00
30.798,1,119.00,9.411,8.287,401,426806,178.0,52.58,1.00,24.00
30.806,1,119.00,9.411,8.231,402,433862,178.0,52.59,1.00,24.00
30.815,1,119.00,9.411,8.300,402,433862,178.0,52.61,1.00,24.00
30.824,1,119.00,9.411,8.252,403,439574,178.0,52.62,1.00,24.00
30.833,1,119.00,9.411,8.316,404,440554,178.0,52.64,1.00,24.00
30.842,1,119.00,9.411,8.276,405,440610,178.0,52.65,1.00,24.00
30.851,1,119.00,9.411,8.259,405,440610,178.0,52.67,1.00,24.00
30.860,1,119.00,9.411,8.227,404,440554,178.0,52.69,1.00,24.00
30.869,1,119.00,9.411,8.285,404,440554,178.0,52.70,1.00,24.00
30.878,1,119.00,9.411,8.238,401,440434,178.0,52.72,1.00,24.00
30.887,1,119.00,9.411,8.232,401,440434,178.0,52.73,1.00,24.00
30.896,1,119.00,9.411,8.168,400,440194,178.0,52.75,1.00,24.00
30.905,1,119.00,9.411,8.183,400,440194,178.0,52.76,1.00,24.00
30.915,1,119.00,9.411,8.157,401,440230,178.0,52.78,1.00,24.00
30.924,1,119.00,9.411,8.130,401,440230,178.0,52.79,1.00,24.00
30.933,1,119.00,9.411,8.182,401,440230,178.0,52.81,1.00,24.00
30.942,1,119.00,9.411,8.181,400,440110,178.0,52.82,1.00,24.00
30.951,1,119.00,9.411,8.078,400,440110,178.0,52.84,1.00,24.00
30.960,1,119.00,9.411,8.155,400,440110,178.0,52.86,1.00,24.00
30.969,1,119.00,9.411,8.117,400,440110,178.0,52.87,1.00,24.00
30.978,1,119.00,9.411,7.974,400,440110,178.0,52.89,1.00,24.00
30.987,1,119.00,9.411,8.017,401,440146,178.0,52.90,1.00,24.00
30.996,1,119.00,8.982,7.980,398,439582,178.0,52.92,1.00,24.00
31.005,1,119.00,8.982,8.007,398,439582,178.0,52.93,1.00,24.00
31.015,1,119.00,8.982,7.996,398,439582,178.0,52.95,1.00,24.00
31.024,1,119.00,8.982,7.961,398,439582,178.0,52.96,1.00,24.00
31.033,1,119.00,8.982,7.909,397,439078,178.0,52.98,1.00,24.00
31.042,1,119.00,8.982,7.898,397,439078,178.0,52.99,1.00,24.00
31.051,1,119.00,8.982,7.856,397,439078,178.0,53.01,1.00,24.00
31.059,1,119.00,8.982,7.839,397,439078,178.0,53.02,1.00,24.00
31.068,1,119.00,8.982,7.847,398,439302,178.0,53.04,1.00,24.00
31.076,1,119.00,8.982,7.812,397,438546,178.0,53.05,1.00,24.00
31.085,1,119.00,8.982,7.789,395,437610,178.0,53.07,0.99,24.00
31.093,1,119.00,8.982,7.792,395,437610,178.0,53.08,0.99,24.00
31.102,1,119.00,8.982,7.811,395,437610,178.0,53.10,0.99,24.00
31.110,1,119.00,8.982,7.732,396,438226,178.0,53.11,0.99,24.00
31.118,1,119.00,8.982,7.752,396,438226,178.0,53.12,0.99,24.00
31.127,1,119.00,8.982,7.748,396,438226,178.0,53.14,0.99,24.00
31.135,1,119.00,8.982,7.731,395,437834,178.0,53.15,0.99,24.00
31.144,1,119.00,8.982,7.759,395,437834,178.0,53.17,0.99,24.00
31.152,1,119.00,8.982,7.701,395,437834,178.0,53.18,0.99,24.00
31.160,1,119.00,8.982,7.671,395,437834,178.0,53.20,0.99,24.00
31.169,1,119.00,8.982,7.705,397,438134,178.0,53.21,0.99,24.00
31.177,1,119.00,8.982,7.683,396,437630,178.0,53.22,0.99,24.00
31.185,1,119.00,8.982,7.703,393,436670,178.0,53.24,0.99,24.00
31.194,1,119.00,8.982,7.764,393,436670,178.0,53.25,0.99,24.00
31.202,1,119.00,8.982,7.750,393,436670,178.0,53.27,0.99,24.00
31.210,1,119.00,8.982,7.764,393,436670,178.0,53.28,0.99,24.00
31.219,1,119.00,8.982,7.856,394,436742,178.0,53.30,0.99,24.00
31.227,1,119.00,8.982,7.888,394,436742,178.0,53.31,0.99,24.00
31.236,1,119.00,8.982,7.887,393,436238,178.0,53.32,0.99,24.00
31.245,1,119.00,8.982,7.888,393,436238,178.0,53.34,0.99,24.00
31.253,1,119.00,8.982,7.964,393,436238,178.0,53.35,0.98,24.00
31.262,1,119.00,8.982,8.004,393,436238,178.0,53.37,0.98,24.00
31.270,1,119.00,8.982,8.052,393,436238,178.0,53.38,0.98,24.00
31.279,1,119.00,8.982,8.098,392,436202,178.0,53.40,0.98,24.00
31.288,1,119.00,8.982,8.183,392,436202,178.0,53.41,0.98,24.00
31.297,1,119.00,8.982,8.163,394,436502,178.0,53.43,0.98,24.00
31.306,1,119.00,8.982,8.229,393,436334,178.0,53.44,0.98,24.00
31.315,1,119.00,8.982,8.291,394,436126,178.0,53.46,0.98,24.00
31.324,1,119.00,8.982,8.299,393,435734,178.0,53.47,0.98,24.00
31.333,1,119.00,8.982,8.355,394,435986,178.0,53.49,0.98,24.00
31.342,1,119.00,8.982,8.302,394,435986,178.0,53.50,0.98,24.00
31.351,1,119.00,8.982,8.380,394,435986,178.0,53.52,0.98,24.00
31.360,1,119.00,8.982,8.304,394,435986,178.0,53.53,0.98,24.00
31.369,1,119.00,8.982,8.280,394,435986,178.0,53.55,0.98,24.00
31.377,1,119.00,8.982,8.294,398,436090,178.0,53.57,0.98,24.00
31.386,1,119.00,8.982,8.324,397,435994,178.0,53.58,0.98,24.00
31.395,1,119.00,8.982,8.340,397,435994,178.0,53.60,0.98,24.00
31.404,1,119.00,8.982,8.361,396,435658,178.0,53.61,0.98,24.00
31.413,1,119.00,8.982,8.341,396,435658,178.0,53.63,0.98,24.00
31.422,1,119.00,8.982,8.379,395,431234,178.0,53.64,0.98,24.00
31.431,1,119.00,8.982,8.360,397,431474,178.0,53.66,0.97,24.00
31.440,1,119.00,8.982,8.349,397,431474,178.0,53.67,0.97,24.00
31.449,1,119.00,8.982,8.363,396,431086,178.0,53.69,0.97,24.00
31.458,1,119.00,8.982,8.303,396,431086,178.0,53.70,0.97,24.00
31.467,1,119.00,8.982,8.309,395,431050,178.0,53.72,0.97,24.00
31.476,1,119.00,8.982,8.292,395,431050,178.0,53.73,0.97,24.00
31.485,1,119.00,8.982,8.260,395,431050,178.0,53.75,0.97,24.00
31.494,1,119.00,8.982,8.387,396,431290,178.0,53.76,0.97,24.00
31.503,1,119.00,8.982,8.315,396,426538,178.0,53.78,0.97,24.00
31.512,1,119.00,8.982,8.287,395,426090,178.0,53.79,0.97,24.00
31.521,1,119.00,8.982,8.306,395,423734,178.0,53.81,0.97,24.00
31.530,1,119.00,8.982,8.285,392,413150,178.0,53.82,0.97,24.00
31.539,1,119.00,8.982,8.292,392,413150,178.0,53.84,0.97,24.00
31.548,1,119.00,8.982,8.264,391,413030,178.0,53.85,0.97,24.00
31.557,1,119.00,8.982,8.257,390,409110,178.0,53.87,0.97,24.00
31.566,1,119.00,8.982,8.269,391,409726,178.0,53.88,0.97,24.00
31.574,1,119.00,8.982,8.236,390,409222,178.0,53.90,0.97,24.00
31.583,1,119.00,8.982,8.230,392,405286,178.0,53.91,0.97,24.00
31.592,1,119.00,8.982,8.192,392,402094,178.0,53.93,0.97,24.00
31.601,1,119.00,8.982,8.250,391,398118,178.0,53.95,0.97,24.00
31.610,1,119.00,8.982,8.206,391,398118,178.0,53.96,0.97,24.00
31.619,1,119.00,8.982,8.231,390,393694,178.0,53.98,0.97,24.00
31.628,1,119.00,8.982,8.218,389,389310,178.0,53.99,0.97,24.00
31.637,1,119.00,8.982,8.216,387,388742,178.0,54.01,0.97,24.00
31.645,1,119.00,8.982,8.221,386,384990,178.0,54.02,0.97,24.00
31.654,1,119.00,8.982,8.177,386,384990,178.0,54.04,0.97,24.00
31.663,1,119.00,8.982,8.182,387,385718,178.0,54.05,0.97,24.00
31.672,1,119.00,8.982,8.140,387,385382,178.0,54.07,0.97,24.00
31.681,1,119.00,8.982,8.198,384,383978,178.0,54.08,0.97,24.00
31.690,1,119.00,8.982,8.179,381,378746,178.0,54.10,0.97,24.00
31.698,1,119.00,8.982,8.203,380,375386,178.0,54.11,0.97,24.00
31.707,1,119.00,8.982,8.099,380,375386,178.0,54.13,0.98,24.00
31.716,1,119.00,8.982,8.118,380,375386,178.0,54.14,0.98,24.00
31.725,1,119.00,8.982,8.167,380,375386,178.0,54.16,0.98,24.00
31.734,1,119.00,8.982,8.141,381,375638,178.0,54.17,0.98,24.00
31.743,1,119.00,8.982,8.199,382,375750,178.0,54.19,0.98,24.00
31.752,1,119.00,8.982,8.274,382,375750,178.0,54.20,0.98,24.00
31.761,1,119.00,8.982,8.343,381,372222,178.0,54.22,0.98,24.00
31.770,1,119.00,8.982,8.334,381,372222,178.0,54.23,0.98,24.00
31.779,1,119.00,8.982,8.391,382,372390,178.0,54.25,0.98,24.00
31.788,1,119.00,8.982,8.439,380,372206,178.0,54.26,0.98,24.00
31.798,1,119.00,8.982,8.510,379,371814,178.0,54.28,0.98,24.00
31.807,1,119.00,8.982,8.558,379,371814,178.0,54.29,0.98,24.00
31.816,1,119.00,8.982,8.607,379,371814,178.0,54.31,0.98,24.00
31.825,1,119.00,8.982,8.645,378,368398,178.0,54.33,0.98,24.00
31.834,1,119.00,8.982,8.689,377,364870,178.0,54.34,0.98,24.00
31.843,1,119.00,8.982,8.716,378,364918,178.0,54.36,0.98,24.00
31.852,1,119.00,8.982,8.775,378,364918,178.0,54.37,0.98,24.00
31.861,1,119.00,8.982,8.792,376,364270,178.0,54.39,0.98,24.00
31.870,1,119.00,8.982,8.824,374,363910,178.0,54.40,0.98,24.00
31.879,1,119.00,8.982,8.933,374,363910,178.0,54.42,0.98,24.00
31.888,1,119.00,8.982,8.929,374,363910,178.0,54.43,0.98,24.00
31.898,1,119.00,8.982,8.976,374,363910,178.0,54.45,0.98,24.00
31.907,1,119.00,8.982,8.965,375,363958,178.0,54.46,0.99,24.00
31.916,1,119.00,8.982,8.964,375,363958,178.0,54.48,0.99,24.00
31.925,1,119.00,8.982,8.905,376,364014,178.0,54.50,0.99,24.00
31.934,1,119.00,8.982,8.935,375,360374,178.0,54.51,0.99,24.00
31.943,1,119.00,8.982,8.944,374,355726,178.0,54.53,0.99,24.00
31.952,1,119.00,8.982,8.970,373,351414,178.0,54.54,0.99,24.00
31.961,1,119.00,8.982,8.902,372,351302,178.0,54.56,0.99,24.00
31.971,1,119.00,8.982,9.475,372,351302,178.0,54.57,0.99,24.00
31.981,1,119.00,8.982,9.874,372,351302,178.0,54.59,0.99,24.00
31.992,1,112.00,10.778,9.888,372,351302,178.0,54.61,0.99,24.00
32.003,1,112.00,10.778,9.862,372,350182,178.0,54.63,0.99,24.00
32.014,1,112.00,10.778,9.816,372,350182,178.0,54.65,0.99,24.00
32.024,1,112.00,10.778,9.886,372,350182,178.0,54.66,0.99,24.00
32.035,1,112.00,10.778,9.868,371,349846,178.0,54.68,0.99,24.00
32.046,1,112.00,10.778,9.807,371,349846,178.0,54.70,0.99,24.00
32.057,1,112.00,10.778,9.781,371,349846,178.0,54.72,0.99,24.00
32.067,1,112.00,10.778,9.798,371,349846,178.0,54.74,0.99,24.00
32.078,1,112.00,10.778,9.812,375,349950,178.0,54.76,0.99,24.00
32.089,1,112.00,10.778,9.808,375,349950,178.0,54.77,0.99,24.00
32.100,1,112.00,10.778,9.841,373,349846,178.0,54.79,0.99,24.00
32.111,1,112.00,10.778,9.755,373,349846,178.0,54.81,0.99,24.00
32.122,1,112.00,10.778,9.721,372,349798,178.0,54.83,0.99,24.00
32.133,1,112.00,10.778,9.714,373,349854,178.0,54.85,0.99,24.00
32.144,1,112.00,10.778,9.734,373,349854,178.0,54.87,0.99,24.00
32.156,1,112.00,10.778,9.675,373,349854,178.0,54.89,0.99,24.00
32.167,1,112.00,10.778,9.658,373,349854,178.0,54.91,0.99,24.00
32.178,1,112.00,10.778,9.659,373,349854,178.0,54.93,0.99,24.00
32.189,1,112.00,10.778,9.649,373,349854,178.0,54.94,0.99,24.00
32.200,1,112.00,10.778,9.601,373,349854,178.0,54.96,0.99,24.00
32.211,1,112.00,10.778,9.566,373,349854,178.0,54.98,0.99,24.00
32.222,1,112.00,10.778,9.463,372,349462,178.0,55.00,0.99,24.00
32.233,1,112.00,10.778,9.470,372,349462,178.0,55.02,0.99,24.00
32.244,1,112.00,10.778,9.485,372,349462,178.0,55.04,0.99,24.00
32.255,1,112.00,10.778,9.402,373,349606,178.0,55.06,0.99,24.00
32.266,1,112.00,10.778,9.403,374,349774,178.0,55.08,0.99,24.00
32.276,1,112.00,10.778,9.381,374,349774,178.0,55.09,0.99,24.00
32.287,1,112.00,10.778,9.349,377,350250,178.0,55.11,0.99,24.00
32.298,1,112.00,10.778,9.350,377,350250,178.0,55.13,0.99,24.00
32.308,1,112.00,10.778,9.396,376,350194,178.0,55.15,0.99,24.00
32.319,1,112.00,10.778,9.444,376,350194,178.0,55.17,0.99,24.00
32.329,1,112.00,10.778,9.510,376,350194,178.0,55.18,0.99,24.00
32.340,1,112.00,10.778,9.483,376,350194,178.0,55.20,0.99,24.00
32.351,1,112.00,10.778,9.538,375,350138,178.0,55.22,0.99,24.00
32.361,1,112.00,10.778,9.512,374,350082,178.0,55.24,0.99,24.00
32.372,1,112.00,10.778,9.519,374,350082,178.0,55.26,0.99,24.00
32.382,1,112.00,10.778,9.578,374,350082,178.0,55.27,0.99,24.00
32.393,1,112.00,10.778,9.599,374,350082,178.0,55.29,0.99,24.00
32.404,1,112.00,10.778,9.703,373,349858,178.0,55.31,0.99,24.00
32.414,1,112.00,10.778,9.691,373,349858,178.0,55.33,0.98,24.00
32.425,1,112.00,10.778,9.703,373,349858,178.0,55.35,0.98,24.00
32.435,1,112.00,10.778,9.684,375,349914,178.0,55.36,0.98,24.00
32.446,1,112.00,10.778,9.675,375,349914,178.0,55.38,0.98,24.00
32.457,1,112.00,10.778,9.722,373,349554,178.0,55.40,0.98,24.00
32.467,1,112.00,10.778,9.757,373,349554,178.0,55.42,0.98,24.00
32.478,1,112.00,10.778,9.672,373,349554,178.0,55.44,0.98,24.00
32.488,1,112.00,10.778,9.665,373,349554,178.0,55.45,0.98,24.00
32.499,1,112.00,10.778,9.686,373,348194,178.0,55.47,0.98,24.00
32.510,1,112.00,10.778,9.722,373,348194,178.0,55.49,0.98,24.00
32.520,1,112.00,10.778,9.705,373,348194,178.0,55.51,0.98,24.00
32.531,1,112.00,10.778,9.692,373,348194,178.0,55.53,0.98,24.00
32.542,1,112.00,10.778,9.728,373,348194,178.0,55.54,0.98,24.00
32.552,1,112.00,10.778,9.744,373,348194,178.0,55.56,0.98,24.00
32.563,1,112.00,10.778,9.719,373,348194,178.0,55.58,0.98,24.00
32.573,1,112.00,10.778,9.709,373,348194,178.0,55.60,0.97,24.00
32.584,1,112.00,10.778,9.709,373,348194,178.0,55.62,0.97,24.00
32.595,1,112.00,10.778,9.737,373,348194,178.0,55.63,0.97,24.00
32.605,1,112.00,10.778,9.754,373,348194,178.0,55.65,0.97,24.00
32.616,1,112.00,10.778,9.751,372,348050,178.0,55.67,0.97,24.00
32.626,1,112.00,10.778,9.784,372,348050,178.0,55.69,0.97,24.00
32.637,1,112.00,10.778,9.790,372,348050,178.0,55.71,0.97,24.00
32.648,1,112.00,10.778,9.845,372,348050,178.0,55.72,0.97,24.00
32.658,1,112.00,10.778,9.882,372,348050,178.0,55.74,0.97,24.00
32.669,1,112.00,10.778,9.927,372,348050,178.0,55.76,0.97,24.00
32.679,1,112.00,10.778,9.897,372,348050,178.0,55.78,0.97,24.00
32.690,1,112.00,10.778,9.928,372,348050,178.0,55.80,0.97,24.00
32.701,1,112.00,10.778,9.933,372,348050,178.0,55.82,0.97,24.00
32.712,1,112.00,10.778,10.002,372,348050,178.0,55.83,0.97,24.00
32.723,1,112.00,10.778,9.990,372,348054,178.0,55.85,0.97,24.00
32.734,1,112.00,10.778,10.109,372,348050,178.0,55.87,0.97,24.00
32.745,1,112.00,10.778,10.074,371,347814,178.0,55.89,0.97,24.00
32.756,1,112.00,10.778,10.068,370,347754,178.0,55.91,0.97,24.00
32.767,1,112.00,10.778,10.027,370,347754,178.0,55.93,0.97,24.00
32.778,1,112.00,10.778,11.000,370,347754,178.0,55.95,0.97,24.00
32.789,1,112.00,10.778,8.957,370,347754,178.0,55.97,0.97,24.00
32.799,1,112.00,10.778,8.974,370,347750,178.0,55.98,0.97,24.00
32.810,1,112.00,10.778,8.971,369,346250,178.0,56.00,0.97,24.00
32.820,1,112.00,10.778,9.102,369,346250,178.0,56.02,0.97,24.00
32.831,1,112.00,10.778,8.993,370,346418,178.0,56.04,0.97,24.00
32.842,1,112.00,10.778,8.942,369,346178,178.0,56.05,0.97,24.00
32.852,1,112.00,10.778,8.909,369,346178,178.0,56.07,0.97,24.00
32.863,1,112.00,10.778,8.871,369,346178,178.0,56.09,0.97,24.00
32.873,1,112.00,10.778,8.817,369,346178,178.0,56.11,0.97,24.00
32.884,1,112.00,10.778,8.754,369,346178,178.0,56.13,0.97,24.00
32.893,1,112.00,10.778,8.765,368,345954,178.0,56.14,0.97,24.00
32.903,1,112.00,10.778,8.795,368,345954,178.0,56.16,0.97,24.00
32.912,1,112.00,10.778,8.765,366,344342,178.0,56.17,0.97,24.00
32.922,1,112.00,10.778,8.708,366,344342,178.0,56.19,0.97,24.00
32.931,1,112.00,10.778,8.797,366,344342,178.0,56.21,0.97,24.00
32.940,1,112.00,10.778,8.753,367,344426,178.0,56.22,0.97,24.00
32.950,1,112.00,10.778,8.795,367,344426,178.0,56.24,0.97,24.00
32.959,1,112.00,10.778,8.770,369,344486,178.0,56.25,0.97,24.00
32.969,1,112.00,10.778,8.795,369,344486,178.0,56.27,0.97,24.00
32.978,1,112.00,10.778,8.752,369,344486,178.0,56.29,0.97,24.00
32.988,1,112.00,10.778,8.821,370,344702,178.0,56.30,0.97,24.00
32.997,1,112.00,10.778,8.730,370,344702,178.0,56.32,0.97,24.00
33.006,1,96.00,11.836,8.736,370,344702,178.0,56.33,0.97,24.00
33.016,1,96.00,11.836,8.744,370,344698,178.0,56.35,0.97,24.00
33.025,1,96.00,11.836,8.772,371,344866,178.0,56.37,0.97,24.00
33.035,1,96.00,11.836,8.748,368,344182,178.0,56.38,0.97,24.00
33.044,1,96.00,11.836,8.786,368,344182,178.0,56.40,0.97,24.00
33.053,1,96.00,11.836,8.751,368,344182,178.0,56.41,0.97,24.00
33.063,1,96.00,11.836,8.801,355,342234,178.0,56.43,0.97,24.00
33.072,1,96.00,11.836,8.482,355,342234,178.0,56.45,0.97,24.00
33.081,1,96.00,11.836,8.448,356,343746,178.0,56.46,0.97,24.00
33.090,1,96.00,11.836,8.513,356,343746,178.0,56.48,0.97,24.00
33.100,1,96.00,11.836,8.527,357,344082,178.0,56.49,0.97,24.00
33.109,1,96.00,11.836,8.470,357,344082,178.0,56.51,0.97,24.00
33.118,1,96.00,11.836,8.503,357,344082,178.0,56.52,0.97,24.00
33.127,1,96.00,11.836,8.577,357,344082,178.0,56.54,0.97,24.00
33.137,1,96.00,11.836,8.593,357,344082,178.0,56.56,0.98,24.00
33.146,1,96.00,11.836,8.582,357,344082,178.0,56.57,0.98,24.00
33.155,1,96.00,11.836,8.605,357,344082,178.0,56.59,0.98,24.00
33.164,1,96.00,11.836,8.676,357,344082,178.0,56.60,0.98,24.00
33.174,1,96.00,11.836,8.723,357,344082,178.0,56.62,0.98,24.00
33.183,1,96.00,11.836,8.799,357,344106,178.0,56.63,0.98,24.00
33.192,1,96.00,11.836,9.467,357,344106,178.0,56.65,0.98,24.00
33.201,1,96.00,11.836,9.922,357,344106,178.0,56.67,0.98,24.00
33.211,1,96.00,11.836,10.026,357,344106,178.0,56.68,0.98,24.00
33.220,1,96.00,11.836,10.059,356,343886,178.0,56.70,0.98,24.00
33.229,1,96.00,11.836,10.037,356,343886,178.0,56.71,0.98,24.00
33.239,1,96.00,11.836,10.059,356,343886,178.0,56.73,0.98,24.00
33.249,1,96.00,11.836,10.039,356,343886,178.0,56.75,0.98,24.00
33.259,1,96.00,11.836,10.065,357,344166,178.0,56.76,0.98,24.00
33.268,1,96.00,11.836,10.096,357,344166,178.0,56.78,0.98,24.00
33.278,1,96.00,11.836,10.202,357,344166,178.0,56.80,0.98,24.00
33.287,1,96.00,11.836,10.234,357,344166,178.0,56.81,0.98,24.00
33.299,1,96.00,11.836,10.320,360,345370,178.0,56.83,0.98,24.00
33.310,1,96.00,11.836,10.384,360,345370,178.0,56.85,0.98,24.00
33.321,1,96.00,11.836,10.464,360,345370,178.0,56.87,0.98,24.00
33.333,1,96.00,11.836,10.529,360,345370,178.0,56.89,0.98,24.00
33.344,1,96.00,11.836,10.582,360,345370,178.0,56.91,0.98,24.00
33.356,1,96.00,11.836,10.694,360,345422,178.0,56.93,0.98,24.00
33.368,1,96.00,11.836,10.721,360,345422,178.0,56.95,0.99,24.00
33.380,1,96.00,11.836,10.798,359,345170,178.0,56.97,0.99,24.00
33.391,1,96.00,11.836,10.885,359,345170,178.0,56.99,0.99,24.00
33.403,1,96.00,11.836,10.957,359,345170,178.0,57.01,0.99,24.00
33.415,1,96.00,11.836,10.893,365,347178,178.0,57.03,0.99,24.00
33.427,1,96.00,11.836,10.776,365,347238,178.0,57.05,0.99,24.00
33.439,1,96.00,11.836,10.754,365,347238,178.0,57.07,0.99,24.00
33.450,1,96.00,11.836,10.748,365,347238,178.0,57.09,0.99,24.00
33.462,1,96.00,11.836,10.768,365,347238,178.0,57.11,0.99,24.00
33.474,1,96.00,11.836,10.717,365,347238,178.0,57.13,0.99,24.00
33.485,1,96.00,11.836,10.679,365,348438,178.0,57.15,0.99,24.00
33.497,1,96.00,11.836,10.665,365,348438,178.0,57.17,0.99,24.00
33.509,1,96.00,11.836,10.728,364,348102,178.0,57.19,0.98,24.00
33.520,1,96.00,11.836,10.686,364,348102,178.0,57.21,0.98,24.00
33.532,1,96.00,11.836,10.706,363,347598,178.0,57.23,0.98,24.00
33.544,1,96.00,11.836,10.678,363,347598,178.0,57.25,0.98,24.00
33.555,1,96.00,11.836,10.664,363,347598,178.0,57.27,0.98,24.00
33.567,1,96.00,11.836,10.679,365,350278,178.0,57.29,0.98,24.00
33.579,1,96.00,11.836,10.713,364,349662,178.0,57.31,0.98,24.00
33.590,1,96.00,11.836,10.738,364,349662,178.0,57.33,0.98,24.00
33.602,1,96.00,11.836,10.693,364,349662,178.0,57.35,0.98,24.00
33.614,1,96.00,11.836,10.710,364,349662,178.0,57.37,0.98,24.00
33.625,1,96.00,11.836,10.708,364,349662,178.0,57.39,0.98,24.00
33.637,1,96.00,11.836,10.726,363,349550,178.0,57.41,0.98,24.00
33.649,1,96.00,11.836,10.718,362,349326,178.0,57.43,0.98,24.00
33.660,1,96.00,11.836,10.756,362,349326,178.0,57.45,0.98,24.00
33.672,1,96.00,11.836,10.760,363,351902,178.0,57.47,0.98,24.00
33.684,1,96.00,11.836,10.736,362,351782,178.0,57.49,0.98,24.00
33.696,1,96.00,11.836,10.772,362,351782,178.0,57.51,0.98,24.00
33.707,1,96.00,11.836,10.757,362,351782,178.0,57.53,0.98,24.00
33.719,1,96.00,11.836,10.756,362,351782,178.0,57.55,0.98,24.00
33.731,1,96.00,11.836,10.752,361,351602,178.0,57.57,0.97,24.00
33.743,1,96.00,11.836,10.787,361,351602,178.0,57.59,0.97,24.00
33.754,1,96.00,11.836,10.784,361,351602,178.0,57.61,0.97,24.00
33.766,1,96.00,11.836,10.843,363,353094,178.0,57.63,0.97,24.00
33.778,1,96.00,11.836,11.077,363,353094,178.0,57.65,0.97,24.00
33.790,1,96.00,11.836,11.053,363,353094,178.0,57.67,0.97,24.00
33.802,1,96.00,11.836,11.003,363,353094,178.0,57.69,0.97,24.00
33.814,1,96.00,11.836,11.044,362,353038,178.0,57.71,0.97,24.00
33.826,1,96.00,11.836,11.011,362,353038,178.0,57.73,0.97,24.00
33.838,1,96.00,11.836,10.944,362,353038,178.0,57.75,0.97,24.00
33.850,1,96.00,11.836,10.956,362,353038,178.0,57.77,0.97,24.00
33.862,1,96.00,11.836,10.935,362,353038,178.0,57.79,0.97,24.00
33.874,1,96.00,11.836,10.939,362,353038,178.0,57.81,0.97,24.00
33.886,1,96.00,11.836,10.895,363,353182,178.0,57.83,0.96,24.00
33.898,1,96.00,11.836,10.851,362,353070,178.0,57.85,0.96,24.00
33.910,1,96.00,11.836,10.888,362,353070,178.0,57.87,0.96,24.00
33.922,1,96.00,11.836,10.887,358,352414,178.0,57.89,0.96,24.00
33.934,1,96.00,11.836,10.798,358,354206,178.0,57.91,0.96,24.00
33.946,1,96.00,11.836,10.823,358,354206,178.0,57.93,0.96,24.00
33.957,1,96.00,11.836,10.780,358,354206,178.0,57.95,0.96,24.00
33.969,1,96.00,11.836,10.748,360,358126,178.0,57.97,0.96,24.00
33.981,1,96.00,11.836,10.289,360,358126,178.0,57.99,0.96,24.00
33.993,1,90.00,12.429,9.642,360,358126,178.0,58.01,0.96,24.00
34.005,1,90.00,12.429,9.605,361,360978,178.0,58.03,0.96,24.00
34.017,1,90.00,12.429,9.586,360,360642,178.0,58.05,0.96,24.00
34.029,1,90.00,12.429,9.786,358,360098,178.0,58.07,0.96,24.00
34.041,1,90.00,12.429,9.714,357,359930,178.0,58.09,0.96,24.00
34.052,1,90.00,12.429,9.577,357,364354,178.0,58.11,0.96,24.00
34.064,1,90.00,12.429,9.608,359,369114,178.0,58.13,0.96,24.00
34.076,1,90.00,12.429,9.769,359,369114,178.0,58.15,0.96,24.00
34.087,1,90.00,12.429,9.636,359,369114,178.0,58.17,0.96,24.00
34.099,1,90.00,12.429,9.609,361,380594,178.0,58.19,0.96,24.00
34.111,1,90.00,12.429,9.524,363,390562,178.0,58.21,0.96,24.00
34.121,1,90.00,12.429,9.525,368,398726,178.0,58.23,0.96,24.00
34.132,1,90.00,12.429,9.766,370,405054,178.0,58.25,0.96,24.00
34.142,1,90.00,12.429,9.674,370,405054,178.0,58.26,0.96,24.00
34.152,1,90.00,12.429,9.788,370,405054,178.0,58.28,0.96,24.00
34.163,1,90.00,12.429,9.635,370,405054,178.0,58.30,0.96,24.00
34.173,1,90.00,12.429,9.657,371,409310,178.0,58.32,0.96,24.00
34.183,1,90.00,12.429,9.601,372,410430,178.0,58.33,0.96,24.00
34.194,1,90.00,12.429,9.690,371,410262,178.0,58.35,0.96,24.00
34.204,1,90.00,12.429,9.477,370,409982,178.0,58.37,0.96,24.00
34.214,1,90.00,12.429,9.479,367,409826,178.0,58.39,0.96,24.00
34.224,1,90.00,12.429,9.522,367,409826,178.0,58.40,0.96,24.00
34.234,1,90.00,12.429,9.451,366,409770,178.0,58.42,0.96,24.00
34.244,1,90.00,12.429,9.499,366,409770,178.0,58.44,0.96,24.00
34.254,1,90.00,12.429,9.564,366,409770,178.0,58.46,0.96,24.00
34.264,1,90.00,12.429,9.584,365,409602,178.0,58.47,0.96,24.00
34.274,1,90.00,12.429,9.805,365,409602,178.0,58.49,0.96,24.00
34.284,1,90.00,12.429,9.809,365,409602,178.0,58.51,0.96,24.00
34.294,1,90.00,12.429,9.925,365,409602,178.0,58.52,0.96,24.00
34.304,1,90.00,12.429,10.107,365,409602,178.0,58.54,0.96,24.00
34.314,1,90.00,12.429,10.151,363,408822,178.0,58.56,0.96,24.00
34.324,1,90.00,12.429,10.367,363,408822,178.0,58.57,0.96,24.00
34.334,1,90.00,12.429,10.448,363,408822,178.0,58.59,0.96,24.00
34.344,1,90.00,12.429,10.584,363,408822,178.0,58.61,0.96,24.00
34.354,1,90.00,12.429,10.794,363,408822,178.0,58.63,0.97,24.00
34.366,1,90.00,12.429,11.066,363,408822,178.0,58.65,0.97,24.00
34.376,1,90.00,12.429,11.323,361,406190,178.0,58.66,0.97,24.00
34.387,1,90.00,12.429,12.153,360,405686,178.0,58.68,0.97,24.00
34.397,1,90.00,12.429,12.250,358,405370,178.0,58.70,0.97,24.00
34.410,1,90.00,12.429,12.426,358,405370,178.0,58.72,0.97,24.00
34.424,1,90.00,12.429,12.589,355,404634,178.0,58.74,0.97,24.00
34.437,1,90.00,12.429,12.772,355,404634,178.0,58.77,0.97,24.00
34.451,1,90.00,12.429,12.908,355,404634,178.0,58.79,0.97,24.00
34.465,1,90.00,12.429,13.081,355,404634,178.0,58.81,0.97,24.01
34.480,1,90.00,12.429,13.188,371,406506,178.0,58.83,0.97,24.03
34.492,1,90.00,12.429,11.623,372,408314,178.0,58.84,0.97,24.04
34.505,1,90.00,12.429,11.817,372,408314,178.0,58.86,0.97,24.06
34.518,1,90.00,12.429,12.027,372,408314,178.0,58.87,0.97,24.07
34.532,1,90.00,12.429,12.240,372,408314,178.0,58.89,0.97,24.09
34.545,1,90.00,12.429,12.435,373,408386,178.0,58.91,0.98,24.11
34.558,1,90.00,12.429,12.566,373,408386,178.0,58.92,0.98,24.12
34.572,1,90.00,12.429,12.730,372,408106,178.0,58.94,0.98,24.14
34.586,1,90.00,12.429,12.849,372,408106,178.0,58.96,0.98,24.16
34.600,1,90.00,12.429,13.038,372,408106,178.0,58.97,0.98,24.17
34.614,1,90.00,12.429,13.216,371,405810,178.0,58.99,0.98,24.19
34.629,1,90.00,12.429,13.388,371,405810,178.0,59.01,0.98,24.21
34.643,1,90.00,12.429,13.520,370,405750,178.0,59.02,0.98,24.22
34.658,1,90.00,12.429,13.435,370,405750,178.0,59.04,0.98,24.24
34.672,1,90.00,12.429,13.440,368,405694,178.0,59.06,0.98,24.26
34.687,1,90.00,12.429,13.438,369,405974,178.0,59.08,0.98,24.28
34.701,1,90.00,12.429,13.361,369,405974,178.0,59.09,0.98,24.29
34.716,1,90.00,12.429,13.347,370,406142,178.0,59.11,0.98,24.31
34.730,1,90.00,12.429,13.369,370,406142,178.0,59.13,0.98,24.33
34.744,1,90.00,12.429,13.366,370,406142,178.0,59.15,0.98,24.35
34.759,1,90.00,12.429,13.390,370,406142,178.0,59.16,0.98,24.36
34.773,1,90.00,12.429,13.371,369,403622,178.0,59.18,0.98,24.38
34.788,1,90.00,12.429,13.357,371,406666,178.0,59.20,0.98,24.40
34.802,1,90.00,12.429,13.319,371,406666,178.0,59.22,0.98,24.42
34.817,1,90.00,12.429,13.303,373,409480,178.0,59.23,0.98,24.43
34.832,1,90.00,12.429,13.335,375,413568,178.0,59.25,0.98,24.45
34.846,1,90.00,12.429,13.333,375,413568,178.0,59.27,0.98,24.47
34.861,1,90.00,12.429,13.395,374,412688,178.0,59.29,0.98,24.49
34.875,1,90.00,12.429,13.424,375,414928,178.0,59.30,0.98,24.50
34.890,1,90.00,12.429,13.355,375,414928,178.0,59.32,0.97,24.52
34.905,1,90.00,12.429,13.362,378,434124,178.0,59.34,0.97,24.54
34.919,1,90.00,12.429,13.350,380,434988,178.0,59.36,0.97,24.56
34.934,1,90.00,12.429,13.369,382,437600,178.0,59.37,0.97,24.57
34.948,1,90.00,12.429,13.359,385,438496,178.0,59.39,0.97,24.59
34.963,1,90.00,12.429,13.378,388,439628,178.0,59.41,0.97,24.60
34.977,1,90.00,12.429,13.442,379,427112,178.0,59.44,0.97,24.60
34.992,1,90.00,12.429,13.316,381,427556,178.0,59.46,0.97,24.60
35.007,1,81.00,14.767,13.326,383,437624,178.0,59.49,0.97,24.60
35.021,1,81.00,14.767,13.383,384,438464,178.0,59.51,0.97,24.60
35.036,1,81.00,14.767,13.343,385,438488,178.0,59.54,0.97,24.60
35.050,1,81.00,14.767,13.383,386,441064,178.0,59.56,0.97,24.60
35.065,1,81.00,14.767,13.432,386,441064,178.0,59.59,0.96,24.60
35.080,1,81.00,14.767,13.446,386,441064,178.0,59.61,0.96,24.60
35.094,1,81.00,14.767,13.380,385,438884,178.0,59.63,0.96,24.60
35.109,1,81.00,14.767,13.432,384,438548,178.0,59.66,0.96,24.60
35.123,1,81.00,14.767,13.448,386,439108,178.0,59.68,0.96,24.60
35.138,1,81.00,14.767,13.460,389,440428,178.0,59.71,0.96,24.60
35.152,1,81.00,14.767,13.473,391,441020,178.0,59.73,0.96,24.60
35.167,1,81.00,14.767,13.487,390,438500,178.0,59.76,0.96,24.60
35.182,1,81.00,14.767,13.252,391,438596,178.0,59.78,0.96,24.60
35.196,1,81.00,14.767,12.403,391,438596,178.0,59.81,0.96,24.60
35.211,1,81.00,14.767,12.331,391,438596,178.0,59.83,0.96,24.60
35.225,1,81.00,14.767,12.435,391,440044,178.0,59.86,0.96,24.60
35.240,1,81.00,14.767,12.443,393,440464,178.0,59.88,0.95,24.60
35.254,1,81.00,14.767,12.393,393,440464,178.0,59.91,0.95,24.60
35.268,1,81.00,14.767,12.367,393,440464,178.0,59.93,0.95,24.60
35.282,1,81.00,14.767,12.503,393,439232,178.0,59.95,0.95,24.60
35.297,1,81.00,14.767,12.610,393,439232,178.0,59.98,0.95,24.60
35.311,1,81.00,14.767,12.801,393,438836,178.0,60.00,0.95,24.60
35.325,1,81.00,14.767,12.831,390,440400,178.0,60.03,0.95,24.60
35.340,1,81.00,14.767,12.863,391,440452,178.0,60.05,0.95,24.60
35.354,1,81.00,14.767,12.971,391,440452,178.0,60.08,0.95,24.60
35.367,1,81.00,14.767,12.961,389,440068,178.0,60.10,0.95,24.60
35.381,1,81.00,14.767,13.086,389,440068,178.0,60.12,0.95,24.60
35.395,1,81.00,14.767,13.101,389,440068,178.0,60.15,0.95,24.60
35.409,1,81.00,14.767,13.137,389,440068,178.0,60.17,0.95,24.60
35.422,1,81.00,14.767,13.101,389,440068,178.0,60.19,0.95,24.60
35.436,1,81.00,14.767,13.107,389,440068,178.0,60.22,0.95,24.60
35.450,1,81.00,14.767,13.080,392,441028,178.0,60.24,0.95,24.60
35.464,1,81.00,14.767,13.064,391,440860,178.0,60.26,0.95,24.60
35.478,1,81.00,14.767,13.111,391,440860,178.0,60.29,0.95,24.60
35.491,1,81.00,14.767,13.106,391,440860,178.0,60.31,0.95,24.60
35.505,1,81.00,14.767,13.059,390,440524,178.0,60.33,0.95,24.60
35.519,1,81.00,14.767,13.079,390,440524,178.0,60.36,0.95,24.60
35.533,1,81.00,14.767,13.065,389,438228,178.0,60.38,0.95,24.60
35.547,1,81.00,14.767,13.092,390,438372,178.0,60.40,0.96,24.60
35.560,1,81.00,14.767,13.039,389,438332,178.0,60.43,0.96,24.60
35.574,1,81.00,14.767,13.011,388,437792,178.0,60.45,0.96,24.60
35.588,1,81.00,14.767,13.661,387,435612,178.0,60.47,0.96,24.60
35.602,1,81.00,14.767,14.129,387,435612,178.0,60.50,0.96,24.60
35.616,1,81.00,14.767,14.152,387,435612,178.0,60.52,0.96,24.60
35.630,1,81.00,14.767,14.143,387,435612,178.0,60.55,0.96,24.60
35.644,1,81.00,14.767,14.127,387,435612,178.0,60.57,0.96,24.60
35.657,1,81.00,14.767,14.102,386,435468,178.0,60.59,0.96,24.60
35.672,1,81.00,14.767,14.093,386,435468,178.0,60.62,0.96,24.60
35.686,1,81.00,14.767,14.071,386,437504,178.0,60.64,0.96,24.60
35.700,1,81.00,14.767,14.107,385,437336,178.0,60.67,0.96,24.60
35.716,1,81.00,14.767,14.095,385,437336,178.0,60.69,0.96,24.60
35.730,1,81.00,14.767,14.083,385,437336,178.0,60.72,0.96,24.60
35.744,1,81.00,14.767,14.105,385,437336,178.0,60.74,0.96,24.60
35.759,1,81.00,14.767,14.096,385,437336,178.0,60.76,0.97,24.60
35.773,1,81.00,14.767,14.096,385,437144,178.0,60.79,0.97,24.60
35.787,1,81.00,14.767,14.126,385,437144,178.0,60.81,0.97,24.60
35.801,1,81.00,14.767,14.102,385,437144,178.0,60.84,0.97,24.60
35.816,1,81.00,14.767,14.113,385,437144,178.0,60.86,0.97,24.60
35.831,1,81.00,14.767,14.171,384,437088,178.0,60.89,0.97,24.60
35.846,1,81.00,14.767,14.187,384,437088,178.0,60.91,0.97,24.60
35.861,1,81.00,14.767,14.203,384,437088,178.0,60.94,0.97,24.60
35.877,1,81.00,14.767,14.195,383,437032,178.0,60.96,0.97,24.60
35.892,1,81.00,14.767,14.167,383,437032,178.0,60.99,0.97,24.60
35.907,1,81.00,14.767,14.232,381,436912,178.0,61.02,0.97,24.60
35.922,1,81.00,14.767,14.192,380,436864,178.0,61.04,0.97,24.60
35.938,1,81.00,14.767,14.272,380,436864,178.0,61.07,0.97,24.60
35.953,1,81.00,14.767,14.227,381,438040,178.0,61.09,0.97,24.60
35.968,1,81.00,14.767,14.249,381,438040,178.0,61.12,0.97,24.60
35.984,1,81.00,14.767,14.248,381,438040,178.0,61.15,0.97,24.60
35.999,1,69.00,15.332,14.242,383,439552,178.0,61.17,0.97,24.60
36.015,1,69.00,15.332,14.354,383,439552,178.0,61.20,0.97,24.60
36.030,1,69.00,15.332,14.498,383,439552,178.0,61.22,0.97,24.58
36.046,1,69.00,15.332,14.374,369,422572,178.0,61.24,0.97,24.56
36.061,1,69.00,15.332,14.231,370,422628,178.0,61.26,0.97,24.54
36.077,1,69.00,15.332,14.394,370,422628,178.0,61.27,0.97,24.53
36.092,1,69.00,15.332,14.377,365,406820,178.0,61.29,0.97,24.51
36.107,1,69.00,15.332,14.259,365,406820,178.0,61.31,0.97,24.49
36.123,1,69.00,15.332,14.317,361,405716,178.0,61.33,0.97,24.47
36.138,1,69.00,15.332,14.352,361,404960,178.0,61.35,0.97,24.45
36.154,1,69.00,15.332,14.351,360,404804,178.0,61.37,0.97,24.43
36.169,1,69.00,15.332,14.270,360,404272,178.0,61.39,0.97,24.41
36.186,1,69.00,15.332,14.251,361,401304,178.0,61.41,0.97,24.39
36.202,1,69.00,15.332,14.278,360,397832,178.0,61.43,0.97,24.37
36.219,1,69.00,15.332,14.191,362,397008,178.0,61.45,0.97,24.35
36.236,1,69.00,15.332,14.139,362,397008,178.0,61.47,0.96,24.33
36.252,1,69.00,15.332,14.124,364,397140,178.0,61.49,0.96,24.31
36.269,1,69.00,15.332,14.121,365,397252,178.0,61.51,0.96,24.29
36.284,1,69.00,15.332,14.174,364,395072,178.0,61.52,0.96,24.28
36.300,1,69.00,15.332,14.175,364,395072,178.0,61.54,0.96,24.26
36.315,1,69.00,15.332,14.135,364,395072,178.0,61.56,0.96,24.24
36.330,1,69.00,15.332,14.066,364,395072,178.0,61.58,0.96,24.22
36.346,1,69.00,15.332,14.109,363,382696,178.0,61.60,0.96,24.20
36.361,1,69.00,15.332,14.077,362,370208,178.0,61.62,0.96,24.18
36.376,1,69.00,15.332,14.087,361,369032,178.0,61.63,0.96,24.17
36.391,1,69.00,15.332,14.062,361,369032,178.0,61.65,0.95,24.15
36.407,1,69.00,15.332,13.950,359,368708,178.0,61.67,0.95,24.13
36.422,1,69.00,15.332,13.955,358,356836,178.0,61.69,0.95,24.11
36.437,1,69.00,15.332,13.957,358,356836,178.0,61.71,0.95,24.09
36.452,1,69.00,15.332,13.962,359,356896,178.0,61.73,0.95,24.07
36.468,1,69.00,15.332,13.913,356,353140,178.0,61.74,0.95,24.06
36.483,1,69.00,15.332,13.935,355,340316,178.0,61.76,0.95,24.04
36.498,1,69.00,15.332,13.951,353,334156,178.0,61.78,0.95,24.02
36.514,1,69.00,15.332,13.906,352,331636,178.0,61.80,0.95,24.00
36.529,1,69.00,15.332,13.881,348,331300,178.0,61.83,0.95,24.00
36.544,1,69.00,15.332,13.898,345,330952,178.0,61.85,0.95,24.00
36.559,1,69.00,15.332,13.850,346,331120,178.0,61.88,0.95,24.00
36.575,1,69.00,15.332,13.851,347,331192,178.0,61.90,0.95,24.00
36.590,1,69.00,15.332,13.790,347,331192,178.0,61.93,0.95,24.00
36.605,1,69.00,15.332,13.782,342,330352,178.0,61.96,0.95,24.00
36.621,1,69.00,15.332,13.787,341,327552,178.0,61.98,0.95,24.00
36.636,1,69.00,15.332,13.799,341,327552,178.0,62.01,0.95,24.00
36.651,1,69.00,15.332,13.765,340,327216,178.0,62.03,0.95,24.00
36.666,1,69.00,15.332,13.725,340,327216,178.0,62.06,0.95,24.00
36.682,1,69.00,15.332,13.774,340,327216,178.0,62.08,0.95,24.00
36.697,1,69.00,15.332,13.748,340,327216,178.0,62.11,0.95,24.00
36.711,1,69.00,15.332,13.704,340,327216,178.0,62.14,0.95,24.00
36.726,1,69.00,15.332,13.716,337,310752,178.0,62.16,0.95,24.00
36.741,1,69.00,15.332,13.723,333,306720,178.0,62.19,0.95,24.00
36.755,1,69.00,15.332,13.689,333,306720,178.0,62.21,0.95,24.00
36.770,1,69.00,15.332,13.684,334,306828,178.0,62.23,0.95,24.00
36.784,1,69.00,15.332,13.655,334,306828,178.0,62.26,0.95,24.00
36.799,1,69.00,15.332,13.666,335,307068,178.0,62.28,0.95,24.00
36.813,1,69.00,15.332,13.661,335,307068,178.0,62.31,0.95,24.00
36.825,1,69.00,15.332,11.252,335,307068,178.0,62.33,0.95,24.00
36.838,1,69.00,15.332,11.335,334,295252,178.0,62.35,0.95,24.00
36.851,1,69.00,15.332,11.405,333,291780,178.0,62.37,0.95,24.00
36.863,1,69.00,15.332,11.370,333,291780,178.0,62.39,0.95,24.00
36.876,1,69.00,15.332,11.427,332,291672,178.0,62.41,0.95,24.00
36.888,1,69.00,15.332,11.411,329,288356,178.0,62.44,0.95,24.00
36.900,1,69.00,15.332,11.060,329,288356,178.0,62.46,0.95,24.00
36.912,1,69.00,15.332,11.072,329,288356,178.0,62.48,0.95,24.00
36.924,1,69.00,15.332,11.074,329,288356,178.0,62.50,0.95,24.00
36.936,1,69.00,15.332,11.077,328,286060,178.0,62.52,0.95,24.00
36.949,1,69.00,15.332,11.046,327,286180,178.0,62.54,0.95,24.00
36.961,1,69.00,15.332,11.039,327,286180,178.0,62.56,0.96,24.00
36.973,1,69.00,15.332,11.054,327,286180,178.0,62.58,0.96,24.00
36.985,1,69.00,15.332,11.049,327,286180,178.0,62.60,0.96,24.00
36.997,1,69.00,15.332,11.104,327,286180,178.0,62.62,0.96,24.00
37.009,1,69.00,15.537,11.014,329,286344,178.0,62.64,0.96,24.00
37.021,1,69.00,15.537,11.040,328,286008,178.0,62.66,0.96,24.00
37.033,1,69.00,15.537,11.053,328,286008,178.0,62.68,0.96,24.00
37.045,1,69.00,15.537,11.094,328,286008,178.0,62.70,0.96,24.00
37.057,1,69.00,15.537,11.099,328,286008,178.0,62.72,0.96,24.00
37.069,1,69.00,15.537,11.119,328,286008,178.0,62.74,0.96,24.00
37.082,1,69.00,15.537,11.091,329,286152,178.0,62.76,0.96,24.00
37.094,1,69.00,15.537,11.141,329,286152,178.0,62.79,0.96,24.00
37.106,1,69.00,15.537,11.106,329,286152,178.0,62.81,0.96,24.00
37.118,1,69.00,15.537,11.190,329,286152,178.0,62.83,0.96,24.00
37.130,1,69.00,15.537,11.296,329,286152,178.0,62.85,0.96,24.00
37.142,1,69.00,15.537,11.329,329,286152,178.0,62.87,0.96,24.00
37.154,1,69.00,15.537,11.411,329,286152,178.0,62.89,0.96,24.00
37.166,1,69.00,15.537,11.463,329,286152,178.0,62.91,0.96,24.00
37.179,1,69.00,15.537,11.557,329,286152,178.0,62.93,0.96,24.00
37.191,1,69.00,15.537,11.593,329,286152,178.0,62.95,0.97,24.00
37.203,1,69.00,15.537,11.637,329,286152,178.0,62.97,0.97,24.00
37.215,1,69.00,15.537,11.673,329,286216,178.0,62.99,0.97,24.00
37.227,1,69.00,15.537,11.736,330,286268,178.0,63.01,0.97,24.00
37.239,1,69.00,15.537,11.815,331,286348,178.0,63.03,0.97,24.00
37.251,1,69.00,15.537,11.990,330,286268,178.0,63.05,0.97,24.00
37.263,1,69.00,15.537,12.000,329,285608,178.0,63.07,0.97,24.00
37.276,1,69.00,15.537,12.036,329,285608,178.0,63.09,0.97,24.00
37.288,1,69.00,15.537,12.070,329,285608,178.0,63.12,0.97,24.00
37.301,1,69.00,15.537,12.022,329,285608,178.0,63.14,0.97,24.00
37.313,1,69.00,15.537,12.029,329,285608,178.0,63.16,0.97,24.00
37.326,1,69.00,15.537,12.003,328,285488,178.0,63.18,0.97,24.00
37.338,1,69.00,15.537,12.015,328,285488,178.0,63.20,0.96,24.00
37.351,1,69.00,15.537,12.104,328,285488,178.0,63.22,0.96,24.00
37.363,1,69.00,15.537,12.079,328,285488,178.0,63.24,0.96,24.00
37.376,1,69.00,15.537,11.973,328,285488,178.0,63.26,0.96,24.00
37.388,1,69.00,15.537,11.961,327,285564,178.0,63.29,0.96,24.00
37.401,1,69.00,15.537,11.990,327,285564,178.0,63.31,0.96,24.00
37.413,1,69.00,15.537,11.920,328,285732,178.0,63.33,0.96,24.00
37.426,1,69.00,15.537,11.910,328,285732,178.0,63.35,0.96,24.00
37.438,1,69.00,15.537,11.905,325,285504,178.0,63.37,0.96,24.00
37.451,1,69.00,15.537,11.873,325,285504,178.0,63.39,0.96,24.00
37.463,1,69.00,15.537,11.791,325,285504,178.0,63.41,0.96,24.00
37.476,1,69.00,15.537,11.778,326,285560,178.0,63.43,0.96,24.00
37.488,1,69.00,15.537,11.742,326,285560,178.0,63.46,0.96,24.00
37.501,1,69.00,15.537,11.797,326,285560,178.0,63.48,0.96,24.00
37.514,1,69.00,15.537,11.711,325,284900,178.0,63.50,0.96,24.00
37.527,1,69.00,15.537,11.687,325,284900,178.0,63.52,0.96,24.00
37.540,1,69.00,15.537,11.656,325,284900,178.0,63.54,0.96,24.00
37.552,1,69.00,15.537,11.633,325,284900,178.0,63.57,0.95,24.00
37.565,1,69.00,15.537,11.642,325,284900,178.0,63.59,0.95,24.00
37.578,1,69.00,15.537,11.559,325,284900,178.0,63.61,0.95,23.99
37.590,1,69.00,15.537,11.535,290,279264,178.0,63.62,0.95,23.98
37.603,1,69.00,15.537,11.638,290,279264,178.0,63.64,0.95,23.96
37.616,1,69.00,15.537,11.650,290,279264,178.0,63.65,0.95,23.95
37.628,1,69.00,15.537,11.695,290,279264,178.0,63.67,0.95,23.93
37.641,1,69.00,15.537,11.631,288,279180,178.0,63.68,0.95,23.92
37.654,1,69.00,15.537,11.567,284,265376,178.0,63.70,0.95,23.90
37.667,1,69.00,15.537,11.560,283,265136,178.0,63.71,0.95,23.89
37.680,1,69.00,15.537,11.496,281,264352,178.0,63.73,0.95,23.87
37.693,1,69.00,15.537,11.497,280,264112,178.0,63.74,0.95,23.86
37.706,1,69.00,15.537,11.428,280,264112,178.0,63.76,0.95,23.84
37.719,1,69.00,15.537,11.371,279,264056,178.0,63.78,0.94,23.82
37.732,1,69.00,15.537,11.350,279,264056,178.0,63.79,0.94,23.81
37.745,1,69.00,15.537,11.270,280,264164,178.0,63.81,0.94,23.79
37.758,1,69.00,15.537,11.235,279,262124,178.0,63.82,0.94,23.78
37.771,1,69.00,15.537,11.197,279,262124,178.0,63.84,0.94,23.76
37.783,1,69.00,15.537,11.159,280,262784,178.0,63.85,0.94,23.75
37.796,1,69.00,15.537,11.097,280,262784,178.0,63.87,0.94,23.73
37.809,1,69.00,15.537,11.073,280,262784,178.0,63.88,0.94,23.72
37.822,1,69.00,15.537,11.052,280,262784,178.0,63.90,0.94,23.70
37.835,1,69.00,15.537,10.997,281,262892,178.0,63.91,0.94,23.69
37.847,1,69.00,15.537,10.932,281,262892,178.0,63.93,0.94,23.67
37.860,1,69.00,15.537,10.938,281,262892,178.0,63.95,0.94,23.65
37.872,1,69.00,15.537,10.859,281,262892,178.0,63.96,0.94,23.64
37.885,1,69.00,15.537,10.887,281,262892,178.0,63.98,0.94,23.62
37.897,1,69.00,15.537,10.767,282,262948,178.0,63.99,0.94,23.61
37.910,1,69.00,15.537,10.738,283,263240,178.0,64.01,0.94,23.59
37.922,1,69.00,15.537,10.624,283,263240,178.0,64.02,0.94,23.58
37.935,1,69.00,15.537,10.588,282,262580,178.0,64.04,0.94,23.56
37.947,1,69.00,15.537,10.505,282,262580,178.0,64.05,0.94,23.55
37.960,1,69.00,15.537,10.465,282,274360,178.0,64.07,0.94,23.53
37.972,1,69.00,15.537,10.427,284,274780,178.0,64.08,0.94,23.52
37.984,1,69.00,15.537,10.427,284,275728,178.0,64.09,0.94,23.51
37.995,1,69.00,15.537,10.378,283,275488,178.0,64.11,0.94,23.49
38.007,1,80.00,13.187,10.297,282,275440,178.0,64.12,0.94,23.48
38.018,1,80.00,13.187,10.194,281,263624,178.0,64.13,0.94,23.47
38.029,1,80.00,13.187,10.114,281,263624,178.0,64.15,0.94,23.45
38.040,1,80.00,13.187,10.170,281,263624,178.0,64.16,0.94,23.44
38.051,1,80.00,13.187,10.070,281,263624,178.0,64.18,0.94,23.42
38.062,1,80.00,13.187,9.997,281,263624,178.0,64.19,0.94,23.41
38.073,1,80.00,13.187,10.032,280,261584,178.0,64.20,0.94,23.40
38.084,1,80.00,13.187,9.923,282,263672,178.0,64.22,0.94,23.40
38.095,1,80.00,13.187,9.979,282,263668,178.0,64.24,0.94,23.40
38.106,1,80.00,13.187,9.914,282,263668,178.0,64.26,0.94,23.40
38.117,1,80.00,13.187,9.885,281,263620,178.0,64.28,0.94,23.40
38.128,1,80.00,13.187,9.908,281,263620,178.0,64.30,0.94,23.40
38.139,1,80.00,13.187,10.006,281,263620,178.0,64.31,0.94,23.40
38.150,1,80.00,13.187,9.949,282,263680,178.0,64.33,0.94,23.40
38.161,1,80.00,13.187,9.980,282,263676,178.0,64.35,0.95,23.40
38.172,1,80.00,13.187,9.933,282,263676,178.0,64.37,0.95,23.40
38.183,1,80.00,13.187,9.812,282,263676,178.0,64.39,0.95,23.40
38.194,1,80.00,13.187,9.643,282,263676,178.0,64.41,0.95,23.40
38.203,1,80.00,13.187,8.622,282,263676,178.0,64.42,0.95,23.40
38.212,1,80.00,13.187,8.615,282,263676,178.0,64.44,0.95,23.40
38.221,1,80.00,13.187,8.515,282,263676,178.0,64.45,0.95,23.40
38.230,1,80.00,13.187,8.489,282,263676,178.0,64.47,0.95,23.40
38.240,1,80.00,13.187,8.469,281,261636,178.0,64.49,0.95,23.40
38.249,1,80.00,13.187,8.484,281,261636,178.0,64.50,0.95,23.40
38.258,1,80.00,13.187,8.437,280,261600,178.0,64.52,0.95,23.40
38.267,1,80.00,13.187,8.356,279,257618,178.0,64.53,0.95,23.40
38.276,1,80.00,13.187,8.358,279,257618,178.0,64.55,0.95,23.40
38.285,1,80.00,13.187,8.337,279,257618,178.0,64.56,0.95,23.40
38.294,1,80.00,13.187,8.283,279,257618,178.0,64.58,0.95,23.40
38.303,1,80.00,13.187,8.301,279,257618,178.0,64.59,0.95,23.40
38.312,1,80.00,13.187,8.219,279,257618,178.0,64.61,0.95,23.40
38.321,1,80.00,13.187,8.167,279,257618,178.0,64.62,0.95,23.40
38.329,1,80.00,13.187,8.199,279,257618,178.0,64.64,0.95,23.40
38.338,1,80.00,13.187,8.153,279,257618,178.0,64.65,0.95,23.40
38.347,1,80.00,13.187,8.452,279,257618,178.0,64.67,0.95,23.40
38.356,1,80.00,13.187,8.092,279,257618,178.0,64.68,0.96,23.40
38.364,1,80.00,13.187,8.093,278,257438,178.0,64.70,0.96,23.40
38.373,1,80.00,13.187,8.092,278,257438,178.0,64.71,0.96,23.40
38.381,1,80.00,13.187,8.118,279,257510,178.0,64.73,0.96,23.40
38.389,1,80.00,13.187,8.135,276,257282,178.0,64.74,0.96,23.40
38.398,1,80.00,13.187,8.117,276,257214,178.0,64.75,0.96,23.40
38.406,1,80.00,13.187,8.123,277,259788,178.0,64.77,0.96,23.40
38.414,1,80.00,13.187,8.150,277,259788,178.0,64.78,0.96,23.40
38.423,1,80.00,13.187,8.151,277,259788,178.0,64.80,0.96,23.40
38.431,1,80.00,13.187,8.146,277,259788,178.0,64.81,0.96,23.40
38.439,1,80.00,13.187,8.185,278,257370,178.0,64.82,0.96,23.40
38.448,1,80.00,13.187,7.789,278,257370,178.0,64.84,0.96,23.40
38.456,1,80.00,13.187,7.696,278,257370,178.0,64.85,0.96,23.40
38.464,1,80.00,13.187,7.729,278,257370,178.0,64.87,0.96,23.40
38.473,1,80.00,13.187,7.788,278,257370,178.0,64.88,0.96,23.40
38.481,1,80.00,13.187,7.735,277,257334,178.0,64.90,0.96,23.40
38.489,1,80.00,13.187,7.858,279,259980,178.0,64.91,0.96,23.40
38.498,1,80.00,13.187,7.808,279,259980,178.0,64.92,0.96,23.40
38.506,1,80.00,13.187,7.823,279,259980,178.0,64.94,0.96,23.40
38.514,1,80.00,13.187,7.800,279,259980,178.0,64.95,0.96,23.40
38.523,1,80.00,13.187,7.803,279,259980,178.0,64.97,0.96,23.40
38.531,1,80.00,13.187,7.874,279,259980,178.0,64.98,0.96,23.40
38.539,1,80.00,13.187,8.037,279,259980,178.0,64.99,0.96,23.40
38.548,1,80.00,13.187,7.884,279,259980,178.0,65.01,0.96,23.40
38.556,1,80.00,13.187,7.821,279,259980,178.0,65.02,0.96,23.40
38.564,1,80.00,13.187,7.847,279,259980,178.0,65.04,0.96,23.40
38.573,1,80.00,13.187,7.848,278,259478,178.0,65.05,0.96,23.40
38.581,1,80.00,13.187,8.595,278,259478,178.0,65.07,0.96,23.40
38.590,1,80.00,13.187,8.986,278,259478,178.0,65.08,0.96,23.40
38.599,1,80.00,13.187,9.012,278,259478,178.0,65.10,0.96,23.40
38.608,1,80.00,13.187,9.065,275,259250,178.0,65.11,0.96,23.40
38.617,1,80.00,13.187,8.981,274,259170,178.0,65.13,0.96,23.40
38.627,1,80.00,13.187,9.102,274,259170,178.0,65.14,0.96,23.40
38.636,1,80.00,13.187,9.163,274,255404,178.0,65.16,0.96,23.40
38.645,1,80.00,13.187,9.244,274,255404,178.0,65.17,0.96,23.40
38.654,1,80.00,13.187,9.202,274,255404,178.0,65.19,0.96,23.40
38.663,1,80.00,13.187,9.315,275,255512,178.0,65.20,0.96,23.40
38.673,1,80.00,13.187,9.310,275,255512,178.0,65.22,0.96,23.40
38.683,1,80.00,13.187,9.288,275,255512,178.0,65.24,0.96,23.40
38.694,1,80.00,13.187,9.404,275,255512,178.0,65.26,0.96,23.40
38.704,1,80.00,13.187,9.352,275,255512,178.0,65.27,0.96,23.40
38.714,1,80.00,13.187,9.333,275,255512,178.0,65.29,0.95,23.40
38.724,1,80.00,13.187,9.297,275,255512,178.0,65.31,0.95,23.40
38.735,1,80.00,13.187,9.398,275,255512,178.0,65.33,0.95,23.40
38.745,1,80.00,13.187,9.442,275,255512,178.0,65.34,0.95,23.40
38.755,1,80.00,13.187,9.371,277,255872,178.0,65.36,0.95,23.40
38.766,1,80.00,13.187,9.443,277,255872,178.0,65.38,0.95,23.40
38.776,1,80.00,13.187,9.389,277,255872,178.0,65.40,0.95,23.40
38.786,1,80.00,13.187,9.303,277,255872,178.0,65.41,0.95,23.40
38.796,1,80.00,13.187,9.325,280,256100,178.0,65.43,0.95,23.40
38.807,1,80.00,13.187,9.691,280,256100,178.0,65.45,0.95,23.40
38.818,1,80.00,13.187,9.716,280,256100,178.0,65.47,0.95,23.40
38.828,1,80.00,13.187,9.666,277,255872,178.0,65.49,0.95,23.40
38.839,1,80.00,13.187,9.607,277,255872,178.0,65.50,0.95,23.40
38.849,1,80.00,13.187,9.536,277,255872,178.0,65.52,0.95,23.40
38.860,1,80.00,13.187,9.497,277,255872,178.0,65.54,0.95,23.40
38.871,1,80.00,13.187,9.524,275,255428,178.0,65.56,0.95,23.40
38.881,1,80.00,13.187,9.478,276,255536,178.0,65.58,0.94,23.40
38.892,1,80.00,13.187,9.403,275,255356,178.0,65.59,0.94,23.40
38.902,1,80.00,13.187,9.371,275,255356,178.0,65.61,0.94,23.40
38.913,1,80.00,13.187,9.381,274,254854,178.0,65.63,0.94,23.40
38.924,1,80.00,13.187,9.338,274,254854,178.0,65.65,0.94,23.40
38.934,1,80.00,13.187,9.355,274,254854,178.0,65.67,0.94,23.40
38.945,1,80.00,13.187,9.262,274,254854,178.0,65.68,0.94,23.40
38.955,1,80.00,13.187,9.304,274,254854,178.0,65.70,0.94,23.40
38.966,1,80.00,13.187,9.238,274,254854,178.0,65.72,0.94,23.40
38.977,1,80.00,13.187,9.247,274,254854,178.0,65.74,0.94,23.40
38.987,1,80.00,13.187,9.143,274,254854,178.0,65.76,0.94,23.40
38.998,1,103.00,11.208,9.111,274,254854,178.0,65.77,0.94,23.40
39.008,1,103.00,11.208,9.067,275,255158,178.0,65.79,0.94,23.40
39.019,1,103.00,11.208,9.066,275,255158,178.0,65.81,0.94,23.40
39.030,1,103.00,11.208,8.998,275,255158,178.0,65.83,0.94,23.40
39.040,1,103.00,11.208,8.957,275,255158,178.0,65.85,0.94,23.40
39.051,1,103.00,11.208,8.931,275,255158,178.0,65.86,0.94,23.40
39.061,1,103.00,11.208,8.911,274,255098,178.0,65.88,0.93,23.40
39.072,1,103.00,11.208,8.834,274,255098,178.0,65.90,0.93,23.40
39.082,1,103.00,11.208,8.758,274,255098,178.0,65.92,0.93,23.40
39.093,1,103.00,11.208,8.782,274,255282,178.0,65.94,0.93,23.40
39.103,1,103.00,11.208,8.780,273,254890,178.0,65.95,0.93,23.40
39.113,1,103.00,11.208,8.683,273,254890,178.0,65.97,0.93,23.40
39.124,1,103.00,11.208,8.683,273,254890,178.0,65.99,0.93,23.40
39.134,1,103.00,11.208,8.672,271,254410,178.0,66.00,0.93,23.40
39.145,1,103.00,11.208,8.663,277,254128,178.0,66.02,0.93,23.42
39.155,1,103.00,11.208,9.811,277,254128,178.0,66.03,0.93,23.43
39.166,1,103.00,11.208,9.803,280,254848,178.0,66.04,0.93,23.44
39.176,1,103.00,11.208,9.877,280,254848,178.0,66.05,0.93,23.45
39.186,1,103.00,11.208,9.799,280,254848,178.0,66.07,0.93,23.47
39.197,1,103.00,11.208,9.864,280,254848,178.0,66.08,0.93,23.48
39.207,1,103.00,11.208,9.746,280,254848,178.0,66.09,0.93,23.49
39.218,1,103.00,11.208,9.656,282,255172,178.0,66.10,0.93,23.50
39.228,1,103.00,11.208,9.649,282,255172,178.0,66.12,0.93,23.52
39.238,1,103.00,11.208,9.601,282,255172,178.0,66.13,0.93,23.53
39.249,1,103.00,11.208,9.615,282,255172,178.0,66.14,0.93,23.54
39.259,1,103.00,11.208,9.535,282,255172,178.0,66.15,0.93,23.55
39.270,1,103.00,11.208,9.427,282,255172,178.0,66.17,0.93,23.57
39.280,1,103.00,11.208,9.349,282,255172,178.0,66.18,0.93,23.58
39.291,1,103.00,11.208,9.332,282,255172,178.0,66.19,0.93,23.59
39.301,1,103.00,11.208,9.208,281,257104,178.0,66.20,0.93,23.60
39.311,1,103.00,11.208,9.138,284,276200,178.0,66.22,0.93,23.62
39.322,1,103.00,11.208,9.106,284,276200,178.0,66.23,0.93,23.63
39.332,1,103.00,11.208,9.052,284,276200,178.0,66.24,0.93,23.64
39.343,1,103.00,11.208,8.932,284,276200,178.0,66.25,0.93,23.65
39.353,1,103.00,11.208,8.937,285,276380,178.0,66.27,0.93,23.67
39.363,1,103.00,11.208,8.991,285,276380,178.0,66.28,0.94,23.68
39.374,1,103.00,11.208,8.954,286,276488,178.0,66.29,0.94,23.69
39.384,1,103.00,11.208,8.934,286,276488,178.0,66.30,0.94,23.70
39.394,1,103.00,11.208,8.940,285,276440,178.0,66.32,0.94,23.72
39.404,1,103.00,11.208,8.867,285,276440,178.0,66.33,0.94,23.73
39.413,1,103.00,11.208,8.883,287,276736,178.0,66.34,0.94,23.74
39.423,1,103.00,11.208,8.832,287,276736,178.0,66.35,0.94,23.75
39.433,1,103.00,11.208,8.828,288,277352,178.0,66.36,0.94,23.76
39.443,1,103.00,11.208,8.865,289,277592,178.0,66.37,0.94,23.77
39.452,1,103.00,11.208,8.849,289,277592,178.0,66.39,0.94,23.79
39.462,1,103.00,11.208,8.774,291,284816,178.0,66.40,0.94,23.80
39.472,1,103.00,11.208,8.848,294,291564,178.0,66.41,0.94,23.81
39.482,1,103.00,11.208,8.834,295,291600,178.0,66.42,0.94,23.82
39.491,1,103.00,11.208,8.845,295,291600,178.0,66.43,0.94,23.83
39.501,1,103.00,11.208,8.819,295,291600,178.0,66.44,0.94,23.84
39.511,1,103.00,11.208,8.767,296,291648,178.0,66.46,0.94,23.86
39.520,1,103.00,11.208,8.791,296,291648,178.0,66.47,0.94,23.87
39.530,1,103.00,11.208,8.785,297,290580,178.0,66.48,0.94,23.88
39.540,1,103.00,11.208,8.740,297,290580,178.0,66.49,0.94,23.89
39.549,1,103.00,11.208,8.751,297,290580,178.0,66.50,0.94,23.90
39.559,1,103.00,11.208,8.740,298,290804,178.0,66.51,0.95,23.91
39.569,1,103.00,11.208,8.741,298,290804,178.0,66.53,0.95,23.93
39.578,1,103.00,11.208,8.676,298,290804,178.0,66.54,0.95,23.94
39.588,1,103.00,11.208,8.704,298,290804,178.0,66.55,0.95,23.95
39.597,1,103.00,11.208,8.628,299,290860,178.0,66.56,0.95,23.96
39.607,1,103.00,11.208,8.612,301,293284,178.0,66.57,0.95,23.97
39.616,1,103.00,11.208,8.524,303,294488,178.0,66.58,0.95,23.98
39.626,1,103.00,11.208,8.522,305,294448,178.0,66.59,0.95,23.99
39.635,1,103.00,11.208,8.522,307,294984,178.0,66.61,0.95,24.00
39.645,1,103.00,11.208,8.541,295,290436,178.0,66.63,0.95,24.00
39.654,1,103.00,11.208,8.346,296,291416,178.0,66.64,0.95,24.00
39.663,1,103.00,11.208,8.288,296,291416,178.0,66.66,0.95,24.00
39.672,1,103.00,11.208,8.243,297,291472,178.0,66.67,0.95,24.00
39.681,1,103.00,11.208,8.204,297,291472,178.0,66.69,0.95,24.00
39.691,1,103.00,11.208,8.227,297,291472,178.0,66.70,0.95,24.00
39.700,1,103.00,11.208,8.178,296,291424,178.0,66.72,0.95,24.00
39.709,1,103.00,11.208,8.138,297,293232,178.0,66.73,0.95,24.00
39.718,1,103.00,11.208,8.117,300,293460,178.0,66.75,0.95,24.00
39.727,1,103.00,11.208,8.082,301,294076,178.0,66.76,0.95,24.00
39.736,1,103.00,11.208,8.031,301,294076,178.0,66.78,0.95,24.00
39.745,1,103.00,11.208,7.992,302,295196,178.0,66.79,0.95,24.00
39.753,1,103.00,11.208,7.936,303,295420,178.0,66.81,0.95,24.00
39.762,1,103.00,11.208,7.956,304,295900,178.0,66.83,0.95,24.00
39.771,1,103.00,11.208,7.883,304,295900,178.0,66.84,0.95,24.00
39.780,1,103.00,11.208,7.929,305,295956,178.0,66.85,0.95,24.00
39.789,1,103.00,11.208,7.892,306,308276,178.0,66.87,0.95,24.00
39.797,1,103.00,11.208,7.837,306,308276,178.0,66.88,0.95,24.00
39.805,1,103.00,11.208,7.730,306,308276,178.0,66.90,0.95,24.00
39.814,1,103.00,11.208,7.680,306,308276,178.0,66.91,0.95,24.00
39.822,1,103.00,11.208,7.710,306,308276,178.0,66.93,0.95,24.00
39.830,1,103.00,11.208,7.573,307,320316,178.0,66.94,0.95,24.00
39.839,1,103.00,11.208,7.591,307,320316,178.0,66.95,0.95,24.00
39.847,1,103.00,11.208,7.544,309,333084,178.0,66.97,0.95,24.00
39.855,1,103.00,11.208,7.501,307,332940,178.0,66.98,0.95,24.00
39.864,1,103.00,11.208,7.512,307,346604,178.0,67.00,0.95,24.00
39.872,1,103.00,11.208,7.475,308,360324,178.0,67.01,0.95,24.00
39.880,1,103.00,11.208,7.484,308,360324,178.0,67.03,0.95,24.00
39.889,1,103.00,11.208,7.482,310,360940,178.0,67.04,0.95,24.00
39.897,1,103.00,11.208,7.398,310,360940,178.0,67.05,0.95,24.00
39.905,1,103.00,11.208,7.347,311,372532,178.0,67.07,0.95,24.00
39.914,1,103.00,11.208,7.374,314,373772,178.0,67.08,0.95,24.00
39.922,1,103.00,11.208,7.284,314,373772,178.0,67.10,0.95,24.00
39.930,1,103.00,11.208,7.302,315,373880,178.0,67.11,0.95,24.00
39.939,1,103.00,11.208,7.265,317,376644,178.0,67.12,0.95,24.00
39.947,1,103.00,11.208,7.243,319,377264,178.0,67.14,0.95,24.00
39.955,1,103.00,11.208,7.204,320,380334,178.0,67.15,0.95,24.00
39.964,1,103.00,11.208,7.134,321,380594,178.0,67.17,0.95,24.00
39.972,1,103.00,11.208,7.131,322,380630,178.0,67.18,0.95,24.00
39.980,1,103.00,11.208,7.136,323,382926,178.0,67.20,0.95,24.00
39.989,1,103.00,11.208,7.070,323,382926,178.0,67.21,0.95,24.00
39.996,1,103.00,11.208,7.033,311,372692,178.0,67.22,0.95,24.00
40.004,1,106.00,10.779,6.686,312,372972,178.0,67.24,0.95,24.00
40.012,1,106.00,10.779,6.616,313,373476,178.0,67.25,0.95,24.00
40.019,1,106.00,10.779,6.550,314,376140,178.0,67.26,0.95,24.00
40.027,1,106.00,10.779,6.559,314,376140,178.0,67.27,0.95,24.00
40.034,1,106.00,10.779,6.465,315,378714,178.0,67.29,0.95,24.00
40.041,1,106.00,10.779,6.486,316,379050,178.0,67.30,0.95,24.00
40.049,1,106.00,10.779,6.385,318,380218,178.0,67.31,0.95,24.00
40.056,1,106.00,10.779,6.380,318,380218,178.0,67.32,0.94,24.00
40.063,1,106.00,10.779,6.351,319,380458,178.0,67.34,0.94,24.00
40.071,1,106.00,10.779,6.379,320,380518,178.0,67.35,0.94,24.00
40.078,1,106.00,10.779,6.322,321,383206,178.0,67.36,0.94,24.00
40.085,1,106.00,10.779,6.329,321,384510,178.0,67.37,0.94,24.00
40.092,1,106.00,10.779,6.313,321,384510,178.0,67.39,0.94,24.00
40.099,1,106.00,10.779,6.256,323,384602,178.0,67.40,0.94,24.00
40.107,1,106.00,10.779,6.279,323,384602,178.0,67.41,0.94,24.00
40.114,1,106.00,10.779,6.255,323,384602,178.0,67.42,0.94,24.00
40.121,1,106.00,10.779,6.280,323,384602,178.0,67.43,0.94,24.00
40.128,1,106.00,10.779,6.247,325,387018,178.0,67.45,0.94,24.00
40.135,1,106.00,10.779,6.228,325,387018,178.0,67.46,0.94,24.00
40.142,1,106.00,10.779,6.222,325,387018,178.0,67.47,0.94,24.00
40.149,1,106.00,10.779,6.160,325,387018,178.0,67.48,0.94,24.00
40.156,1,106.00,10.779,6.197,324,386970,178.0,67.49,0.94,24.00
40.163,1,106.00,10.779,6.174,324,386970,178.0,67.51,0.94,24.00
40.170,1,106.00,10.779,6.190,326,387634,178.0,67.52,0.94,24.00
40.178,1,106.00,10.779,6.179,326,387434,178.0,67.53,0.94,24.00
40.185,1,106.00,10.779,6.208,326,387434,178.0,67.54,0.94,24.00
40.192,1,106.00,10.779,6.185,326,387434,178.0,67.56,0.94,24.00
40.199,1,106.00,10.779,6.134,327,387770,178.0,67.57,0.94,24.00
40.206,1,106.00,10.779,6.165,329,388574,178.0,67.58,0.94,24.00
40.213,1,106.00,10.779,6.149,329,388574,178.0,67.59,0.93,24.00
40.220,1,106.00,10.779,6.120,329,388574,178.0,67.60,0.93,24.00
40.226,1,106.00,10.779,6.118,330,388630,178.0,67.61,0.93,24.00
40.233,1,106.00,10.779,6.100,330,388546,178.0,67.63,0.93,24.00
40.240,1,106.00,10.779,6.151,330,388546,178.0,67.64,0.93,24.00
40.247,1,106.00,10.779,6.068,330,389106,178.0,67.65,0.93,24.00
40.254,1,106.00,10.779,6.125,333,389706,178.0,67.66,0.93,24.00
40.261,1,106.00,10.779,6.132,333,389706,178.0,67.67,0.93,24.00
40.268,1,106.00,10.779,6.095,333,389706,178.0,67.68,0.93,24.00
40.275,1,106.00,10.779,6.056,333,389706,178.0,67.70,0.93,24.00
40.282,1,106.00,10.779,6.066,334,390026,178.0,67.71,0.93,24.00
40.289,1,106.00,10.779,6.103,335,390754,178.0,67.72,0.93,24.00
40.296,1,106.00,10.779,6.077,335,390754,178.0,67.73,0.93,24.00
40.303,1,106.00,10.779,6.051,337,391262,178.0,67.74,0.93,24.00
40.310,1,106.00,10.779,6.114,337,391262,178.0,67.76,0.93,24.00
40.317,1,106.00,10.779,6.118,337,391262,178.0,67.77,0.93,24.00
40.324,1,106.00,10.779,6.073,337,391262,178.0,67.78,0.93,24.00
40.331,1,106.00,10.779,6.073,337,391262,178.0,67.79,0.93,24.00
40.338,1,106.00,10.779,6.093,339,396762,178.0,67.80,0.93,24.00
40.345,1,106.00,10.779,6.077,328,388742,178.0,67.81,0.93,24.00
40.351,1,106.00,10.779,6.098,329,388798,178.0,67.83,0.93,24.00
40.358,1,106.00,10.779,6.099,330,388846,178.0,67.84,0.93,24.00
40.365,1,106.00,10.779,6.044,329,388666,178.0,67.85,0.93,24.00
40.372,1,106.00,10.779,6.111,329,387574,178.0,67.86,0.93,24.00
40.379,1,106.00,10.779,6.078,328,387454,178.0,67.87,0.93,24.00
40.386,1,106.00,10.779,6.562,328,387454,178.0,67.89,0.93,24.00
40.393,1,106.00,10.779,5.032,328,387454,178.0,67.90,0.93,24.00
40.399,1,106.00,10.779,5.054,328,387454,178.0,67.91,0.93,24.00
40.405,1,106.00,10.779,5.035,327,387118,178.0,67.92,0.93,24.00
40.411,1,106.00,10.779,5.031,327,386028,178.0,67.93,0.93,24.00
40.416,1,106.00,10.779,5.025,328,386348,178.0,67.94,0.93,24.00
40.422,1,106.00,10.779,5.042,329,387076,178.0,67.95,0.93,24.00
40.428,1,106.00,10.779,5.008,329,387076,178.0,67.96,0.93,24.00
40.433,1,106.00,10.779,5.000,329,387076,178.0,67.97,0.93,24.00
40.439,1,106.00,10.779,5.030,333,387752,178.0,67.98,0.93,24.00
40.445,1,106.00,10.779,4.996,333,387752,178.0,67.98,0.93,24.00
40.450,1,106.00,10.779,4.977,334,388052,178.0,67.99,0.93,24.00
40.456,1,106.00,10.779,4.975,334,388052,178.0,68.00,0.93,24.00
40.461,1,106.00,10.779,4.976,334,388052,178.0,68.01,0.93,24.00
40.467,1,106.00,10.779,4.986,334,387788,178.0,68.02,0.93,24.00
40.473,1,106.00,10.779,4.982,337,388748,178.0,68.03,0.93,24.00
40.478,1,106.00,10.779,4.979,337,388748,178.0,68.04,0.93,24.00
40.484,1,106.00,10.779,5.008,338,393732,178.0,68.05,0.93,24.00
40.489,1,106.00,10.779,4.984,338,393732,178.0,68.06,0.93,24.00
40.495,1,106.00,10.779,4.948,340,400228,178.0,68.07,0.93,24.00
40.500,1,106.00,10.779,4.938,340,400228,178.0,68.08,0.93,24.00
40.506,1,106.00,10.779,4.959,340,400228,178.0,68.09,0.93,24.00
40.511,1,106.00,10.779,4.945,340,400228,178.0,68.10,0.93,24.00
40.517,1,106.00,10.779,4.929,340,400228,178.0,68.11,0.93,24.00
40.523,1,106.00,10.779,4.945,340,400228,178.0,68.12,0.93,24.00
40.528,1,106.00,10.779,4.958,341,400452,178.0,68.13,0.93,24.00
40.534,1,106.00,10.779,4.952,341,400452,178.0,68.14,0.93,24.00
40.539,1,106.00,10.779,4.939,341,400452,178.0,68.15,0.93,24.00
40.545,1,106.00,10.779,4.947,341,400452,178.0,68.16,0.93,24.00
40.550,1,106.00,10.779,4.938,341,400452,178.0,68.16,0.93,24.00
40.556,1,106.00,10.779,4.956,341,400452,178.0,68.17,0.93,24.00
40.561,1,106.00,10.779,4.911,341,400452,178.0,68.18,0.93,24.00
40.567,1,106.00,10.779,4.881,342,400500,178.0,68.19,0.93,24.00
40.573,1,106.00,10.779,4.888,342,400500,178.0,68.20,0.93,24.00
40.578,1,106.00,10.779,4.882,342,400500,178.0,68.21,0.93,24.00
40.584,1,106.00,10.779,4.885,342,400500,178.0,68.22,0.93,24.00
40.589,1,106.00,10.779,4.864,342,400500,178.0,68.23,0.93,24.00
40.595,1,106.00,10.779,4.861,342,400500,178.0,68.24,0.93,24.00
40.600,1,106.00,10.779,4.819,345,402180,178.0,68.25,0.93,24.00
40.606,1,106.00,10.779,4.817,345,402180,178.0,68.26,0.93,24.00
40.611,1,106.00,10.779,4.774,345,402180,178.0,68.27,0.93,24.00
40.617,1,106.00,10.779,4.758,345,402180,178.0,68.28,0.93,24.00
40.623,1,106.00,10.779,4.791,345,402180,178.0,68.29,0.93,24.00
40.628,1,106.00,10.779,4.726,343,399596,178.0,68.30,0.93,24.00
40.634,1,106.00,10.779,4.744,343,399596,178.0,68.31,0.93,24.00
40.639,1,106.00,10.779,4.733,345,401604,178.0,68.32,0.93,24.00
40.644,1,106.00,10.779,4.705,345,401604,178.0,68.32,0.93,24.00
40.650,1,106.00,10.779,4.695,344,401492,178.0,68.33,0.93,24.00
40.655,1,106.00,10.779,4.618,343,401156,178.0,68.34,0.93,24.00
40.660,1,106.00,10.779,4.584,343,401156,178.0,68.35,0.93,24.00
40.665,1,106.00,10.779,4.564,343,401156,178.0,68.36,0.93,24.00
40.670,1,106.00,10.779,4.543,343,401156,178.0,68.37,0.93,24.00
40.675,1,106.00,10.779,4.553,343,401156,178.0,68.38,0.93,24.00
40.680,1,106.00,10.779,4.563,343,401156,178.0,68.39,0.93,24.00
40.685,1,106.00,10.779,4.507,343,401156,178.0,68.39,0.93,24.00
40.690,1,106.00,10.779,4.549,344,401772,178.0,68.40,0.93,24.00
40.695,1,106.00,10.779,4.542,379,436080,178.0,68.41,0.93,23.99
40.700,1,106.00,10.779,4.279,379,436080,178.0,68.41,0.93,23.99
40.705,1,106.00,10.779,4.248,378,436032,178.0,68.42,0.93,23.98
40.710,1,106.00,10.779,4.270,379,436068,178.0,68.43,0.93,23.97
40.715,1,106.00,10.779,4.231,379,436068,178.0,68.43,0.93,23.97
40.720,1,106.00,10.779,4.217,379,436068,178.0,68.44,0.93,23.96
40.725,1,106.00,10.779,4.206,379,436068,178.0,68.44,0.93,23.96
40.730,1,106.00,10.779,4.172,379,436068,178.0,68.45,0.93,23.95
40.735,1,106.00,10.779,4.154,378,435732,178.0,68.46,0.93,23.94
40.740,1,106.00,10.779,4.128,378,435732,178.0,68.46,0.93,23.94
40.745,1,106.00,10.779,4.118,381,436188,178.0,68.47,0.93,23.93
40.750,1,106.00,10.779,4.097,380,436076,178.0,68.47,0.93,23.93
40.754,1,106.00,10.779,4.074,380,436076,178.0,68.48,0.93,23.92
40.759,1,106.00,10.779,4.070,380,436076,178.0,68.48,0.93,23.92
40.764,1,106.00,10.779,4.050,380,436076,178.0,68.49,0.93,23.91
40.769,1,106.00,10.779,4.026,380,436076,178.0,68.50,0.93,23.90
40.773,1,106.00,10.779,4.033,380,436076,178.0,68.50,0.94,23.90
40.778,1,106.00,10.779,4.032,380,436076,178.0,68.51,0.94,23.89
40.783,1,106.00,10.779,4.196,380,436076,178.0,68.51,0.94,23.89
40.788,1,106.00,10.779,5.028,380,436076,178.0,68.52,0.94,23.88
40.793,1,106.00,10.779,4.964,380,436076,178.0,68.53,0.94,23.87
40.799,1,106.00,10.779,4.994,380,436076,178.0,68.53,0.94,23.87
40.804,1,106.00,10.779,5.024,380,436076,178.0,68.54,0.94,23.86
40.809,1,106.00,10.779,5.008,380,436076,178.0,68.54,0.94,23.86
40.814,1,106.00,10.779,4.968,378,435900,178.0,68.55,0.94,23.85
40.819,1,106.00,10.779,4.920,378,435900,178.0,68.56,0.94,23.84
40.824,1,106.00,10.779,4.909,378,435900,178.0,68.56,0.94,23.84
40.829,1,106.00,10.779,4.869,377,433324,178.0,68.57,0.94,23.83
40.834,1,106.00,10.779,4.851,375,432540,178.0,68.57,0.94,23.83
40.839,1,106.00,10.779,4.860,375,432540,178.0,68.58,0.94,23.82
40.844,1,106.00,10.779,4.800,375,432540,178.0,68.59,0.94,23.81
40.850,1,106.00,10.779,4.776,375,432540,178.0,68.59,0.94,23.81
40.855,1,106.00,10.779,4.542,375,432540,178.0,68.60,0.94,23.80
40.861,1,106.00,10.779,4.502,375,432540,178.0,68.61,0.94,23.79
40.866,1,106.00,10.779,4.558,375,432540,178.0,68.61,0.94,23.79
40.872,1,106.00,10.779,4.555,376,432596,178.0,68.62,0.94,23.78
40.877,1,106.00,10.779,4.541,377,432652,178.0,68.63,0.94,23.77
40.882,1,106.00,10.779,4.491,377,432652,178.0,68.63,0.94,23.77
40.888,1,106.00,10.779,4.491,377,432652,178.0,68.64,0.94,23.76
40.893,1,106.00,10.779,4.450,377,432652,178.0,68.65,0.94,23.75
40.898,1,106.00,10.779,4.499,376,432372,178.0,68.65,0.94,23.75
40.904,1,106.00,10.779,4.477,376,432260,178.0,68.66,0.94,23.74
40.909,1,106.00,10.779,4.676,376,432260,178.0,68.66,0.94,23.74
40.915,1,106.00,10.779,5.170,376,432260,178.0,68.67,0.94,23.73
40.920,1,106.00,10.779,5.771,376,432260,178.0,68.68,0.94,23.72
40.926,1,106.00,10.779,6.304,376,432260,178.0,68.68,0.94,23.72
40.931,1,106.00,10.779,6.910,375,432204,178.0,68.69,0.94,23.71
40.937,1,106.00,10.779,6.872,374,432060,178.0,68.70,0.94,23.70
40.945,1,106.00,10.779,6.876,374,432060,178.0,68.71,0.94,23.69
40.953,1,106.00,10.779,6.889,374,432060,178.0,68.72,0.94,23.68
40.960,1,106.00,10.779,6.831,374,432304,178.0,68.73,0.94,23.67
40.968,1,106.00,10.779,6.742,373,431576,178.0,68.74,0.94,23.66
40.976,1,106.00,10.779,6.652,373,431576,178.0,68.74,0.94,23.66
40.983,1,106.00,10.779,6.637,372,431240,178.0,68.75,0.94,23.65
40.990,1,164.00,8.409,6.590,372,431240,178.0,68.76,0.95,23.64
40.998,1,164.00,8.409,6.167,372,431240,178.0,68.77,0.95,23.63
41.005,1,164.00,8.409,5.315,372,431240,178.0,68.78,0.95,23.62
41.013,1,164.00,8.409,5.259,372,431240,178.0,68.79,0.95,23.61
41.020,1,164.00,8.409,5.277,374,431660,178.0,68.80,0.95,23.60
41.027,1,164.00,8.409,5.289,374,431660,178.0,68.81,0.95,23.59
41.035,1,164.00,8.409,5.278,374,431660,178.0,68.82,0.95,23.58
41.042,1,164.00,8.409,5.336,372,431268,178.0,68.82,0.95,23.58
41.049,1,164.00,8.409,5.381,371,430764,178.0,68.83,0.95,23.57
41.056,1,164.00,8.409,5.380,372,430884,178.0,68.84,0.95,23.56
41.063,1,164.00,8.409,5.399,372,430884,178.0,68.85,0.95,23.55
41.071,1,164.00,8.409,5.424,373,430492,178.0,68.86,0.95,23.54
41.078,1,164.00,8.409,5.435,374,430792,178.0,68.87,0.95,23.53
41.085,1,164.00,8.409,5.447,373,430612,178.0,68.88,0.95,23.52
41.092,1,164.00,8.409,5.468,374,430672,178.0,68.88,0.95,23.52
41.099,1,164.00,8.409,5.437,372,429552,178.0,68.89,0.95,23.51
41.106,1,164.00,8.409,5.488,372,429552,178.0,68.90,0.95,23.50
41.113,1,164.00,8.409,5.471,372,429552,178.0,68.91,0.95,23.49
41.120,1,164.00,8.409,5.528,372,429552,178.0,68.92,0.95,23.48
41.127,1,164.00,8.409,5.542,371,429160,178.0,68.93,0.95,23.47
41.133,1,164.00,8.409,5.513,370,429040,178.0,68.93,0.95,23.47
41.140,1,164.00,8.409,5.583,370,429040,178.0,68.94,0.95,23.46
41.146,1,164.00,8.409,5.611,367,428200,178.0,68.95,0.95,23.45
41.153,1,164.00,8.409,5.638,367,428200,178.0,68.96,0.95,23.44
41.159,1,164.00,8.409,5.651,367,428200,178.0,68.97,0.95,23.43
41.166,1,164.00,8.409,5.656,365,428144,178.0,68.97,0.95,23.43
41.172,1,164.00,8.409,5.702,365,428144,178.0,68.98,0.95,23.42
41.179,1,164.00,8.409,6.047,365,428144,178.0,68.99,0.95,23.41
41.185,1,164.00,8.409,6.858,365,428144,178.0,69.00,0.95,23.40
41.192,1,164.00,8.409,7.385,365,428144,178.0,69.01,0.94,23.40
41.198,1,164.00,8.409,7.810,352,425936,178.0,69.02,0.94,23.40
41.205,1,164.00,8.409,7.798,352,426560,178.0,69.03,0.94,23.40
41.211,1,164.00,8.409,7.652,352,426560,178.0,69.04,0.94,23.40
41.218,1,164.00,8.409,7.597,352,426560,178.0,69.05,0.94,23.40
41.225,1,164.00,8.409,7.519,353,426644,178.0,69.06,0.94,23.40
41.231,1,164.00,8.409,7.367,353,426644,178.0,69.07,0.94,23.40
41.238,1,164.00,8.409,7.179,353,426644,178.0,69.09,0.94,23.40
41.245,1,164.00,8.409,7.029,353,426644,178.0,69.10,0.94,23.40
41.253,1,164.00,8.409,6.920,353,426644,178.0,69.11,0.94,23.40
41.261,1,164.00,8.409,6.792,353,426420,178.0,69.12,0.94,23.40
41.268,1,164.00,8.409,6.602,352,423900,178.0,69.14,0.94,23.40
41.275,1,164.00,8.409,6.297,356,424656,178.0,69.15,0.94,23.40
41.282,1,164.00,8.409,6.208,357,424728,178.0,69.16,0.94,23.40
41.289,1,164.00,8.409,6.008,357,424728,178.0,69.17,0.94,23.40
41.296,1,164.00,8.409,5.907,356,424224,178.0,69.18,0.94,23.40
41.303,1,164.00,8.409,5.797,356,424224,178.0,69.20,0.94,23.40
41.310,1,164.00,8.409,5.738,357,424200,178.0,69.21,0.94,23.40
41.317,1,164.00,8.409,5.646,357,424200,178.0,69.22,0.94,23.40
41.324,1,164.00,8.409,5.504,357,424200,178.0,69.23,0.94,23.40
41.332,1,164.00,8.409,5.435,361,424304,178.0,69.24,0.94,23.40
41.339,1,164.00,8.409,5.371,361,424304,178.0,69.26,0.94,23.40
41.346,1,164.00,8.409,5.278,361,424304,178.0,69.27,0.94,23.40
41.353,1,164.00,8.409,5.103,361,424304,178.0,69.28,0.94,23.40
41.360,1,164.00,8.409,5.118,361,424304,178.0,69.29,0.94,23.40
41.367,1,164.00,8.409,7.264,361,424304,178.0,69.30,0.94,23.40
41.374,1,164.00,8.409,9.575,361,424304,178.0,69.32,0.94,23.40
41.383,1,164.00,8.409,9.955,362,424556,178.0,69.33,0.94,23.40
41.393,1,164.00,8.409,9.811,361,422996,178.0,69.35,0.93,23.40
41.404,1,164.00,8.409,9.880,364,423716,178.0,69.37,0.93,23.40
41.415,1,164.00,8.409,9.799,363,420860,178.0,69.39,0.93,23.40
41.425,1,164.00,8.409,9.834,363,420860,178.0,69.40,0.93,23.40
41.436,1,164.00,8.409,9.774,364,420916,178.0,69.42,0.93,23.40
41.447,1,164.00,8.409,9.845,364,420916,178.0,69.44,0.93,23.40
41.458,1,164.00,8.409,9.781,365,420968,178.0,69.46,0.93,23.40
41.468,1,164.00,8.409,9.719,365,418504,178.0,69.48,0.93,23.40
41.479,1,164.00,8.409,9.725,366,418620,178.0,69.49,0.93,23.40
41.490,1,164.00,8.409,9.787,364,417672,178.0,69.51,0.93,23.40
41.500,1,164.00,8.409,9.709,365,417796,178.0,69.53,0.93,23.40
41.511,1,164.00,8.409,9.772,364,417652,178.0,69.55,0.93,23.40
41.522,1,164.00,8.409,9.703,365,417892,178.0,69.57,0.93,23.40
41.532,1,164.00,8.409,9.714,366,418108,178.0,69.59,0.93,23.40
41.543,1,164.00,8.409,9.805,368,418164,178.0,69.60,0.93,23.40
41.554,1,164.00,8.409,9.806,359,417796,178.0,69.62,0.92,23.40
41.564,1,164.00,8.409,9.508,358,416956,178.0,69.64,0.92,23.40
41.575,1,164.00,8.409,9.541,358,416956,178.0,69.66,0.92,23.40
41.585,1,164.00,8.409,9.484,358,416956,178.0,69.68,0.92,23.40
41.596,1,164.00,8.409,9.477,358,416956,178.0,69.69,0.92,23.40
41.607,1,164.00,8.409,9.567,357,416864,178.0,69.71,0.92,23.40
41.617,1,164.00,8.409,9.539,362,417184,178.0,69.73,0.92,23.40
41.628,1,164.00,8.409,9.489,362,417184,178.0,69.75,0.92,23.40
41.638,1,164.00,8.409,9.611,361,414328,178.0,69.77,0.92,23.40
41.649,1,164.00,8.409,9.559,361,414472,178.0,69.78,0.92,23.40
41.660,1,164.00,8.409,9.579,361,414604,178.0,69.80,0.92,23.40
41.670,1,164.00,8.409,9.717,361,414604,178.0,69.82,0.92,23.40
41.681,1,164.00,8.409,9.674,360,414212,178.0,69.84,0.92,23.40
41.691,1,164.00,8.409,10.988,363,414932,178.0,69.86,0.92,23.40
41.703,1,164.00,8.409,11.176,363,414936,178.0,69.88,0.92,23.40
41.717,1,164.00,8.409,12.319,363,414936,178.0,69.90,0.92,23.40
41.729,1,164.00,8.409,11.281,362,414828,178.0,69.92,0.92,23.40
41.742,1,164.00,8.409,10.749,363,414948,178.0,69.94,0.92,23.40
41.755,1,164.00,8.409,11.829,362,414892,178.0,69.96,0.92,23.40
41.767,1,164.00,8.409,11.590,361,412696,178.0,69.98,0.92,23.40
41.780,1,164.00,8.409,10.769,361,412696,178.0,70.01,0.92,23.40
41.792,1,164.00,8.409,10.138,361,412696,178.0,70.03,0.92,23.40
41.805,1,164.00,8.409,11.884,362,412768,178.0,70.05,0.92,23.40
41.817,1,164.00,8.409,11.365,362,412768,178.0,70.07,0.92,23.40
41.830,1,164.00,8.409,10.771,364,412824,178.0,70.09,0.92,23.40
41.843,1,164.00,8.409,10.192,364,412496,178.0,70.11,0.92,23.40
41.855,1,164.00,8.409,10.215,362,410364,178.0,70.13,0.92,23.40
41.868,1,164.00,8.409,10.321,361,408804,178.0,70.16,0.92,23.40
41.880,1,164.00,8.409,10.324,362,409420,178.0,70.18,0.92,23.40
41.893,1,164.00,8.409,10.294,363,409444,178.0,70.20,0.92,23.40
41.905,1,164.00,8.409,10.306,363,409444,178.0,70.22,0.92,23.40
41.918,1,164.00,8.409,11.568,355,404280,178.0,70.24,0.92,23.40
41.930,1,164.00,8.409,10.786,355,404280,178.0,70.26,0.92,23.40
41.942,1,164.00,8.409,10.779,355,404280,178.0,70.28,0.92,23.40
41.955,1,164.00,8.409,10.767,354,402720,178.0,70.30,0.92,23.40
41.967,1,164.00,8.409,10.757,354,402720,178.0,70.32,0.92,23.40
41.979,1,164.00,8.409,10.705,355,402648,178.0,70.34,0.92,23.40
41.991,1,164.00,8.409,10.743,356,405312,178.0,70.37,0.93,23.40
42.003,1,110.00,13.474,10.667,355,400396,178.0,70.39,0.93,23.40
42.015,1,110.00,13.474,10.722,355,400092,178.0,70.41,0.93,23.40
42.027,1,110.00,13.474,10.956,353,394096,178.0,70.43,0.93,23.40
42.039,1,110.00,13.474,10.924,353,393480,178.0,70.45,0.93,23.40
42.052,1,110.00,13.474,10.894,353,393480,178.0,70.47,0.93,23.40
42.064,1,110.00,13.474,10.843,353,393480,178.0,70.49,0.93,23.40
42.076,1,110.00,13.474,10.888,352,393312,178.0,70.51,0.93,23.40
42.088,1,110.00,13.474,10.831,352,393312,178.0,70.53,0.93,23.40
42.100,1,110.00,13.474,10.806,355,393440,178.0,70.55,0.93,23.40
42.112,1,110.00,13.474,10.793,355,393440,178.0,70.57,0.93,23.40
42.124,1,110.00,13.474,10.835,356,393560,178.0,70.59,0.93,23.40
42.136,1,110.00,13.474,10.743,356,393560,178.0,70.61,0.93,23.40
42.149,1,110.00,13.474,10.742,356,394120,178.0,70.63,0.93,23.40
42.161,1,110.00,13.474,10.733,353,393448,178.0,70.65,0.93,23.40
42.173,1,110.00,13.474,10.665,349,391892,178.0,70.67,0.93,23.40
42.185,1,110.00,13.474,10.676,345,390324,178.0,70.69,0.94,23.40
42.197,1,110.00,13.474,10.667,345,390308,178.0,70.72,0.94,23.40
42.209,1,110.00,13.474,10.635,345,385840,178.0,70.74,0.94,23.40
42.221,1,110.00,13.474,10.618,344,385392,178.0,70.76,0.94,23.40
42.232,1,110.00,13.474,10.551,343,385336,178.0,70.77,0.94,23.40
42.244,1,110.00,13.474,10.579,343,385336,178.0,70.79,0.94,23.40
42.255,1,110.00,13.474,10.598,343,385336,178.0,70.81,0.94,23.39
42.267,1,110.00,13.474,10.557,340,379724,178.0,70.82,0.94,23.38
42.279,1,110.00,13.474,10.611,339,374852,178.0,70.84,0.94,23.36
42.290,1,110.00,13.474,10.585,339,374852,178.0,70.85,0.94,23.35
42.301,1,110.00,13.474,10.576,339,374852,178.0,70.87,0.94,23.33
42.313,1,110.00,13.474,10.585,339,374852,178.0,70.88,0.94,23.32
42.325,1,110.00,13.474,13.441,339,374852,178.0,70.89,0.94,23.31
42.337,1,110.00,13.474,10.600,334,374496,178.0,70.91,0.94,23.29
42.349,1,110.00,13.474,10.540,333,374440,178.0,70.92,0.94,23.28
42.361,1,110.00,13.474,10.558,332,369344,178.0,70.94,0.94,23.26
42.373,1,110.00,13.474,10.553,332,369344,178.0,70.95,0.94,23.25
42.385,1,110.00,13.474,10.463,332,369344,178.0,70.97,0.94,23.23
42.396,1,110.00,13.474,10.509,333,369404,178.0,70.98,0.94,23.22
42.408,1,110.00,13.474,10.526,333,369404,178.0,70.99,0.94,23.21
42.419,1,110.00,13.474,10.455,333,363468,178.0,71.01,0.94,23.19
42.432,1,110.00,13.474,12.439,332,357924,178.0,71.02,0.94,23.18
42.444,1,110.00,13.474,10.631,332,357924,178.0,71.04,0.94,23.16
42.455,1,110.00,13.474,10.313,330,357420,178.0,71.05,0.94,23.15
42.467,1,110.00,13.474,10.459,330,357420,178.0,71.06,0.94,23.14
42.478,1,110.00,13.474,10.469,330,357420,178.0,71.08,0.94,23.12
42.490,1,110.00,13.474,10.479,329,356804,178.0,71.09,0.94,23.11
42.501,1,110.00,13.474,12.635,329,356804,178.0,71.11,0.94,23.09
42.513,1,110.00,13.474,10.360,329,356804,178.0,71.12,0.94,23.08
42.525,1,110.00,13.474,11.556,328,356748,178.0,71.13,0.94,23.07
42.536,1,110.00,13.474,10.583,327,356048,178.0,71.15,0.94,23.05
42.549,1,110.00,13.474,10.407,327,356048,178.0,71.16,0.93,23.04
42.561,1,110.00,13.474,10.678,328,356104,178.0,71.18,0.93,23.02
42.572,1,110.00,13.474,10.599,328,356104,178.0,71.19,0.93,23.01
42.584,1,110.00,13.474,13.917,328,355768,178.0,71.21,0.93,22.99
42.596,1,110.00,13.474,12.753,328,349608,178.0,71.22,0.93,22.98
42.607,1,110.00,13.474,10.461,328,349608,178.0,71.23,0.93,22.97
42.619,1,110.00,13.474,10.517,327,349552,178.0,71.25,0.93,22.95
42.631,1,110.00,13.474,10.548,326,349328,178.0,71.26,0.93,22.94
42.642,1,110.00,13.474,10.566,325,349280,178.0,71.28,0.93,22.92
42.654,1,110.00,13.474,10.575,325,345144,178.0,71.29,0.93,22.91
42.666,1,110.00,13.474,10.561,325,345144,178.0,71.30,0.93,22.90
42.677,1,110.00,13.474,10.580,325,345144,178.0,71.32,0.93,22.88
42.689,1,110.00,13.474,10.586,325,345144,178.0,71.33,0.93,22.87
42.701,1,110.00,13.474,10.575,325,345144,178.0,71.35,0.93,22.85
42.712,1,110.00,13.474,10.611,325,345144,178.0,71.36,0.93,22.84
42.724,1,110.00,13.474,10.680,324,344976,178.0,71.37,0.92,22.83
42.736,1,110.00,13.474,10.589,322,344916,178.0,71.39,0.92,22.81
42.747,1,110.00,13.474,10.648,321,344188,178.0,71.40,0.92,22.80
42.759,1,110.00,13.474,10.645,318,342816,178.0,71.42,0.92,22.80
42.771,1,110.00,13.474,10.716,318,342816,178.0,71.44,0.92,22.80
42.782,1,110.00,13.474,10.762,318,342816,178.0,71.46,0.92,22.80
42.794,1,110.00,13.474,10.810,317,342636,178.0,71.48,0.92,22.80
42.806,1,110.00,13.474,10.855,317,342636,178.0,71.50,0.92,22.80
42.817,1,110.00,13.474,10.914,317,342636,178.0,71.52,0.92,22.80
42.829,1,110.00,13.474,10.973,318,342692,178.0,71.54,0.92,22.80
42.841,1,110.00,13.474,11.001,318,342692,178.0,71.56,0.92,22.80
42.852,1,110.00,13.474,11.118,318,342692,178.0,71.58,0.92,22.80
42.864,1,110.00,13.474,11.082,319,343028,178.0,71.60,0.92,22.80
42.876,1,110.00,13.474,11.074,320,343328,178.0,71.62,0.92,22.80
42.887,1,110.00,13.474,11.103,320,343328,178.0,71.64,0.92,22.80
42.899,1,110.00,13.474,11.085,320,343328,178.0,71.66,0.91,22.80
42.911,1,110.00,13.474,11.103,321,343336,178.0,71.68,0.91,22.80
42.922,1,110.00,13.474,11.139,322,344316,178.0,71.70,0.91,22.80
42.934,1,110.00,13.474,11.113,323,344532,178.0,71.72,0.91,22.80
42.946,1,110.00,13.474,11.131,322,344476,178.0,71.74,0.91,22.80
42.958,1,110.00,13.474,11.110,322,344476,178.0,71.76,0.91,22.80
42.970,1,110.00,13.474,11.118,323,344936,178.0,71.78,0.91,22.80
42.982,1,110.00,13.474,11.080,323,344936,178.0,71.80,0.91,22.80
42.994,1,110.00,13.474,11.118,322,344816,178.0,71.82,0.91,22.80
43.006,1,85.00,14.872,11.106,322,344816,178.0,71.84,0.91,22.80
43.018,1,85.00,14.872,11.087,322,344812,178.0,71.86,0.91,22.80
43.030,1,85.00,14.872,11.140,320,344452,178.0,71.88,0.91,22.80
43.042,1,85.00,14.872,11.096,321,344620,178.0,71.90,0.91,22.80
43.054,1,85.00,14.872,11.106,320,344440,178.0,71.92,0.91,22.80
43.066,1,85.00,14.872,11.114,321,345448,178.0,71.94,0.91,22.80
43.078,1,85.00,14.872,11.096,321,345448,178.0,71.96,0.91,22.80
43.090,1,85.00,14.872,11.149,321,345448,178.0,71.98,0.91,22.80
43.101,1,85.00,14.872,11.140,321,345448,178.0,72.00,0.91,22.80
43.113,1,85.00,14.872,11.126,324,346672,178.0,72.02,0.91,22.80
43.125,1,85.00,14.872,11.172,324,346672,178.0,72.05,0.91,22.80
43.137,1,85.00,14.872,11.175,325,346720,178.0,72.07,0.91,22.80
43.149,1,85.00,14.872,11.213,326,347448,178.0,72.09,0.91,22.80
43.161,1,85.00,14.872,11.213,326,347448,178.0,72.11,0.91,22.80
43.173,1,85.00,14.872,11.230,325,347280,178.0,72.13,0.92,22.80
43.185,1,85.00,14.872,11.324,325,347280,178.0,72.15,0.92,22.80
43.197,1,85.00,14.872,11.317,324,347224,178.0,72.17,0.92,22.80
43.209,1,85.00,14.872,11.316,324,347224,178.0,72.19,0.92,22.80
43.221,1,85.00,14.872,11.335,324,347224,178.0,72.21,0.92,22.80
43.232,1,85.00,14.872,11.388,324,347224,178.0,72.23,0.92,22.80
43.244,1,85.00,14.872,11.379,324,347224,178.0,72.25,0.92,22.80
43.256,1,85.00,14.872,11.463,324,347224,178.0,72.27,0.92,22.80
43.268,1,85.00,14.872,11.429,324,347224,178.0,72.29,0.92,22.80
43.280,1,85.00,14.872,11.416,324,347224,178.0,72.31,0.92,22.80
43.292,1,85.00,14.872,11.423,324,347224,178.0,72.33,0.92,22.80
43.304,1,85.00,14.872,11.486,324,347224,178.0,72.35,0.92,22.80
43.316,1,85.00,14.872,11.471,325,347272,178.0,72.37,0.92,22.80
43.328,1,85.00,14.872,11.500,324,346544,178.0,72.39,0.92,22.80
43.340,1,85.00,14.872,11.515,324,346544,178.0,72.41,0.92,22.80
43.353,1,85.00,14.872,11.494,325,346620,178.0,72.43,0.92,22.80
43.365,1,85.00,14.872,11.473,325,346620,178.0,72.45,0.92,22.80
43.377,1,85.00,14.872,11.437,325,346620,178.0,72.47,0.93,22.80
43.390,1,85.00,14.872,11.449,324,346200,178.0,72.49,0.93,22.80
43.402,1,85.00,14.872,11.458,323,345220,178.0,72.52,0.93,22.80
43.414,1,85.00,14.872,11.412,322,344554,178.0,72.54,0.93,22.80
43.427,1,85.00,14.872,11.431,321,344218,178.0,72.56,0.93,22.80
43.439,1,85.00,14.872,11.410,321,344218,178.0,72.58,0.93,22.80
43.452,1,85.00,14.872,11.393,320,344106,178.0,72.60,0.93,22.80
43.464,1,85.00,14.872,11.443,319,343406,178.0,72.62,0.93,22.80
43.476,1,85.00,14.872,11.365,319,343030,178.0,72.64,0.93,22.80
43.488,1,85.00,14.872,11.303,318,342970,178.0,72.66,0.93,22.80
43.501,1,85.00,14.872,11.323,318,342970,178.0,72.68,0.93,22.80
43.513,1,85.00,14.872,11.305,318,342970,178.0,72.70,0.93,22.80
43.526,1,85.00,14.872,11.299,318,342970,178.0,72.73,0.93,22.80
43.538,1,85.00,14.872,11.316,318,342970,178.0,72.75,0.93,22.80
43.551,1,85.00,14.872,11.270,319,343138,178.0,72.77,0.93,22.80
43.563,1,85.00,14.872,11.300,319,343138,178.0,72.79,0.93,22.80
43.576,1,85.00,14.872,11.325,319,343138,178.0,72.81,0.93,22.80
43.588,1,85.00,14.872,11.328,319,343138,178.0,72.83,0.93,22.80
43.601,1,85.00,14.872,11.365,318,342472,178.0,72.85,0.93,22.80
43.613,1,85.00,14.872,11.462,318,342472,178.0,72.87,0.93,22.80
43.626,1,85.00,14.872,11.537,318,342472,178.0,72.90,0.93,22.80
43.638,1,85.00,14.872,11.615,318,342472,178.0,72.92,0.93,22.80
43.651,1,85.00,14.872,11.653,317,342292,178.0,72.94,0.93,22.80
43.663,1,85.00,14.872,11.728,316,336580,178.0,72.96,0.93,22.80
43.676,1,85.00,14.872,11.809,316,336580,178.0,72.98,0.93,22.80
43.688,1,85.00,14.872,11.887,316,336580,178.0,73.00,0.93,22.80
43.701,1,85.00,14.872,12.017,316,336668,178.0,73.02,0.93,22.80
43.713,1,85.00,14.872,12.116,316,336668,178.0,73.04,0.93,22.80
43.726,1,85.00,14.872,12.168,314,336224,178.0,73.07,0.93,22.80
43.739,1,85.00,14.872,12.284,314,336224,178.0,73.09,0.93,22.80
43.752,1,85.00,14.872,12.333,313,329168,178.0,73.11,0.93,22.80
43.766,1,85.00,14.872,12.439,313,329168,178.0,73.13,0.93,22.80
43.779,1,85.00,14.872,12.438,314,329280,178.0,73.16,0.93,22.80
43.793,1,85.00,14.872,12.448,314,329280,178.0,73.18,0.93,22.80
43.806,1,85.00,14.872,12.490,314,329280,178.0,73.20,0.93,22.80
43.819,1,85.00,14.872,12.392,304,339936,178.0,73.22,0.93,22.80
43.832,1,85.00,14.872,11.839,304,339936,178.0,73.25,0.93,22.80
43.845,1,85.00,14.872,11.990,300,339576,178.0,73.27,0.93,22.80
43.858,1,85.00,14.872,12.055,299,339520,178.0,73.29,0.93,22.80
43.871,1,85.00,14.872,12.174,298,341512,178.0,73.31,0.93,22.80
43.884,1,85.00,14.872,12.263,298,341512,178.0,73.34,0.92,22.80
43.898,1,85.00,14.872,12.381,295,340004,178.0,73.36,0.92,22.80
43.911,1,85.00,14.872,12.474,295,341396,178.0,73.38,0.92,22.80
43.925,1,85.00,14.872,12.609,295,341396,178.0,73.40,0.92,22.80
43.938,1,85.00,14.872,12.703,292,341100,178.0,73.43,0.92,22.80
43.952,1,85.00,14.872,12.880,292,339836,178.0,73.45,0.92,22.80
43.966,1,85.00,14.872,12.962,293,340004,178.0,73.47,0.92,22.80
43.980,1,85.00,14.872,12.966,293,340004,178.0,73.50,0.92,22.80
43.994,1,79.00,14.150,12.946,292,339836,178.0,73.52,0.92,22.80
44.008,1,79.00,14.150,12.882,290,339688,178.0,73.55,0.92,22.80
44.022,1,79.00,14.150,12.981,289,339632,178.0,73.57,0.92,22.80
44.036,1,79.00,14.150,12.893,288,339372,178.0,73.59,0.91,22.80
44.050,1,79.00,14.150,12.899,286,338780,178.0,73.62,0.91,22.80
44.064,1,79.00,14.150,12.922,287,339292,178.0,73.64,0.91,22.80
44.078,1,79.00,14.150,12.934,288,340076,178.0,73.66,0.91,22.80
44.092,1,79.00,14.150,12.889,284,339212,178.0,73.69,0.91,22.80
44.105,1,79.00,14.150,12.936,286,339812,178.0,73.71,0.91,22.80
44.119,1,79.00,14.150,12.866,285,339632,178.0,73.73,0.91,22.80
44.133,1,79.00,14.150,12.876,284,337612,178.0,73.76,0.91,22.80
44.147,1,79.00,14.150,12.886,284,337612,178.0,73.78,0.91,22.80
44.161,1,79.00,14.150,12.883,285,337668,178.0,73.81,0.91,22.80
44.175,1,79.00,14.150,12.876,294,341704,178.0,73.83,0.91,22.80
44.189,1,79.00,14.150,12.718,291,341408,178.0,73.85,0.91,22.80
44.203,1,79.00,14.150,12.720,291,341408,178.0,73.88,0.91,22.80
44.217,1,79.00,14.150,12.679,291,339964,178.0,73.90,0.91,22.80
44.230,1,79.00,14.150,12.707,293,340812,178.0,73.92,0.91,22.80
44.244,1,79.00,14.150,12.738,294,341016,178.0,73.95,0.91,22.80
44.258,1,79.00,14.150,12.709,291,339924,178.0,73.97,0.91,22.80
44.272,1,79.00,14.150,12.713,292,340308,178.0,73.99,0.91,22.80
44.286,1,79.00,14.150,12.698,290,339948,178.0,74.02,0.91,22.80
44.300,1,79.00,14.150,12.722,290,339948,178.0,74.04,0.91,22.80
44.314,1,79.00,14.150,12.749,289,340004,178.0,74.07,0.91,22.80
44.328,1,79.00,14.150,12.747,288,339744,178.0,74.09,0.91,22.80
44.342,1,79.00,14.150,12.798,285,338672,178.0,74.11,0.91,22.80
44.355,1,79.00,14.150,12.747,286,338728,178.0,74.14,0.91,22.80
44.369,1,79.00,14.150,12.769,285,338672,178.0,74.16,0.91,22.80
44.383,1,79.00,14.150,12.732,283,338228,178.0,74.18,0.91,22.80
44.397,1,79.00,14.150,12.772,282,337976,178.0,74.21,0.91,22.80
44.411,1,79.00,14.150,12.789,279,337352,178.0,74.23,0.91,22.80
44.425,1,79.00,14.150,12.822,279,337352,178.0,74.25,0.91,22.80
44.439,1,79.00,14.150,12.773,278,335512,178.0,74.28,0.91,22.80
44.453,1,79.00,14.150,12.758,278,335512,178.0,74.30,0.91,22.80
44.467,1,79.00,14.150,12.804,278,335512,178.0,74.33,0.91,22.80
44.480,1,79.00,14.150,12.822,279,335480,178.0,74.35,0.91,22.80
44.494,1,79.00,14.150,12.835,273,333888,178.0,74.37,0.91,22.80
44.508,1,79.00,14.150,13.975,272,333608,178.0,74.40,0.91,22.80
44.522,1,79.00,14.150,13.521,272,333392,178.0,74.42,0.91,22.80
44.536,1,79.00,14.150,12.849,288,340592,178.0,74.44,0.91,22.80
44.576,1,79.00,14.150,39.353,286,340380,178.0,74.51,0.91,22.80
44.592,1,79.00,14.150,12.630,281,344200,178.0,74.54,0.91,22.80
44.609,1,79.00,14.150,15.126,281,344200,178.0,74.57,0.92,22.80
44.626,1,79.00,14.150,13.891,283,352040,178.0,74.60,0.92,22.80
44.642,1,79.00,14.150,14.532,282,351560,178.0,74.62,0.92,22.80
44.659,1,79.00,14.150,14.010,281,351300,178.0,74.65,0.92,22.80
44.676,1,79.00,14.150,14.894,280,357540,178.0,74.68,0.92,22.80
44.692,1,79.00,14.150,14.136,279,365828,178.0,74.71,0.92,22.80
44.710,1,79.00,14.150,16.069,281,379064,178.0,74.74,0.92,22.80
44.782,1,79.00,14.150,50.241,279,378620,178.0,74.86,0.92,22.80
44.844,1,79.00,14.150,48.183,282,381552,178.0,74.97,0.93,22.80
44.904,1,79.00,14.150,42.141,274,377772,178.0,75.07,0.92,22.80
44.932,1,79.00,14.150,14.002,299,390982,178.0,75.12,0.91,22.80
44.939,1,79.00,14.150,14.040,297,392970,178.0,75.13,0.91,22.80
44.954,1,79.00,14.150,14.007,297,392970,178.0,75.15,0.91,22.80
44.971,1,79.00,14.150,13.956,298,395322,178.0,75.18,0.90,22.80
44.988,1,79.00,14.150,13.927,297,396914,178.0,75.21,0.90,22.80
44.999,1,79.00,14.150,13.931,297,396914,178.0,75.23,0.90,22.80
45.012,1,58.00,67.362,13.912,297,396914,178.0,75.25,0.89,22.80
45.026,1,58.00,67.362,13.942,296,396746,178.0,75.27,0.89,22.80
45.039,1,58.00,67.362,13.969,296,396746,178.0,75.30,0.89,22.80
45.052,1,58.00,67.362,13.974,296,396746,178.0,75.32,0.88,22.80
45.066,1,58.00,67.362,13.957,296,396746,178.0,75.34,0.88,22.80
45.080,1,58.00,67.362,13.975,295,396494,178.0,75.37,0.88,22.80
45.095,1,58.00,67.362,13.946,297,397194,178.0,75.39,0.87,22.80
45.110,1,58.00,67.362,13.927,295,397082,178.0,75.42,0.87,22.80
45.125,1,58.00,67.362,13.965,294,396562,178.0,75.44,0.87,22.80
45.140,1,58.00,67.362,13.905,294,396562,178.0,75.47,0.86,22.80
45.155,1,58.00,67.362,13.904,292,396118,178.0,75.49,0.86,22.80
45.169,1,58.00,67.362,13.915,292,396118,178.0,75.52,0.86,22.80
45.184,1,58.00,67.362,13.926,291,396046,178.0,75.54,0.85,22.80
45.199,1,58.00,67.362,13.944,291,395896,178.0,75.57,0.85,22.80
45.214,1,58.00,67.362,13.943,289,395452,178.0,75.59,0.84,22.80
45.229,1,58.00,67.362,13.900,289,395452,178.0,75.61,0.84,22.79
45.244,1,58.00,67.362,13.870,222,306340,178.0,75.63,0.84,22.77
45.258,1,58.00,67.362,13.870,222,306184,178.0,75.65,0.83,22.75
45.273,1,58.00,67.362,13.903,223,308544,178.0,75.66,0.83,22.74
45.288,1,58.00,67.362,13.859,224,308760,178.0,75.68,0.83,22.72
45.303,1,58.00,67.362,13.836,225,311000,178.0,75.70,0.83,22.70
45.318,1,58.00,67.362,13.853,226,313820,178.0,75.72,0.82,22.68
45.332,1,58.00,67.362,13.804,226,322220,178.0,75.74,0.82,22.66
45.347,1,58.00,67.362,13.897,227,332176,178.0,75.75,0.82,22.65
45.362,1,58.00,67.362,13.807,226,331744,178.0,75.77,0.81,22.63
45.377,1,58.00,67.362,13.850,228,332092,178.0,75.79,0.81,22.61
45.392,1,58.00,67.362,13.789,229,332372,178.0,75.81,0.81,22.59
45.419,1,58.00,67.362,20.404,227,332196,178.0,75.84,0.80,22.56
45.459,1,58.00,67.362,31.989,227,332084,178.0,75.89,0.80,22.51
45.505,1,58.00,67.362,32.568,225,334924,178.0,75.94,0.79,22.46
45.556,1,58.00,67.362,36.613,238,358836,178.0,76.00,0.78,22.40
45.589,1,58.00,67.362,11.342,252,371980,178.0,76.04,0.78,22.36
45.599,1,58.00,67.362,10.517,257,382128,178.0,76.06,0.77,22.34
45.604,1,58.00,67.362,10.398,261,383268,178.0,76.06,0.77,22.34
45.620,1,58.00,67.362,10.450,262,384456,178.0,76.08,0.77,22.32
45.635,1,58.00,67.362,10.432,267,383826,178.0,76.10,0.77,22.30
45.646,1,58.00,67.362,10.442,270,385722,178.0,76.11,0.77,22.29
45.657,1,58.00,67.362,10.349,270,385950,178.0,76.12,0.77,22.28
45.669,1,58.00,67.362,10.318,269,387818,178.0,76.14,0.77,22.26
45.680,1,58.00,67.362,10.382,269,388630,178.0,76.15,0.76,22.25
45.691,1,58.00,67.362,10.324,269,388742,178.0,76.17,0.76,22.23
45.703,1,58.00,67.362,10.303,274,390010,178.0,76.18,0.76,22.22
45.714,1,58.00,67.362,10.234,272,389742,178.0,76.19,0.76,22.21
45.725,1,58.00,67.362,10.289,276,389846,178.0,76.21,0.76,22.20
45.736,1,58.00,67.362,10.229,289,383422,178.0,76.23,0.76,22.20
45.747,1,58.00,67.362,10.043,287,382378,178.0,76.25,0.75,22.20
45.758,1,58.00,67.362,9.997,285,381934,178.0,76.26,0.75,22.20
45.770,1,58.00,67.362,9.962,285,381934,178.0,76.28,0.75,22.20
45.781,1,58.00,67.362,9.920,285,381930,178.0,76.30,0.75,22.20
45.792,1,58.00,67.362,9.881,285,381930,178.0,76.32,0.75,22.20
45.803,1,58.00,67.362,9.820,285,381930,178.0,76.34,0.75,22.20
45.814,1,58.00,67.362,9.757,284,381874,178.0,76.36,0.74,22.20
45.824,1,58.00,67.362,9.682,284,381874,178.0,76.38,0.74,22.20
45.835,1,58.00,67.362,9.649,284,381874,178.0,76.39,0.74,22.20
45.846,1,58.00,67.362,9.589,283,381818,178.0,76.41,0.74,22.20
45.856,1,58.00,67.362,9.548,281,381506,178.0,76.43,0.74,22.20
45.867,1,58.00,67.362,9.505,281,381506,178.0,76.45,0.74,22.20
45.877,1,58.00,67.362,9.427,281,381506,178.0,76.47,0.74,22.20
45.888,1,58.00,67.362,9.447,281,381506,178.0,76.48,0.73,22.20
45.898,1,58.00,67.362,9.329,281,381506,178.0,76.50,0.73,22.20
45.908,1,58.00,67.362,9.355,279,386738,178.0,76.52,0.73,22.20
45.919,1,58.00,67.362,9.223,279,386738,178.0,76.54,0.73,22.20
45.929,1,58.00,67.362,9.176,279,386738,178.0,76.55,0.73,22.20
45.939,1,58.00,67.362,9.138,279,386738,178.0,76.57,0.73,22.20
45.949,1,58.00,67.362,9.058,279,386738,178.0,76.59,0.72,22.20
45.959,1,58.00,67.362,9.049,279,386738,178.0,76.60,0.72,22.20
45.976,1,58.00,67.362,31.778,277,386226,178.0,76.63,0.72,22.20
46.049,1,58.00,67.362,55.408,276,385950,178.0,76.76,0.71,22.20
46.116,1,68.00,69.162,55.323,273,390398,178.0,76.87,0.70,22.20
46.160,1,68.00,69.162,25.747,300,393374,178.0,76.94,0.69,22.20
46.171,1,68.00,69.162,9.158,300,394470,178.0,76.96,0.69,22.20
46.182,1,68.00,69.162,9.329,300,394466,178.0,76.98,0.68,22.20
46.199,1,68.00,69.162,9.338,300,394466,178.0,77.01,0.68,22.20
46.210,1,68.00,69.162,9.322,301,401578,178.0,77.03,0.68,22.20
46.221,1,68.00,69.162,9.368,301,401578,178.0,77.04,0.68,22.20
46.231,1,68.00,69.162,9.353,299,394886,178.0,77.06,0.67,22.20
46.242,1,68.00,69.162,9.394,299,394886,178.0,77.08,0.67,22.20
46.252,1,68.00,69.162,9.348,299,394886,178.0,77.10,0.67,22.20
46.263,1,68.00,69.162,9.393,299,394886,178.0,77.12,0.67,22.20
46.273,1,68.00,69.162,9.375,299,394886,178.0,77.13,0.66,22.20
46.284,1,68.00,69.162,9.454,299,394886,178.0,77.15,0.66,22.20
46.294,1,68.00,69.162,9.444,299,394886,178.0,77.17,0.66,22.20
46.305,1,68.00,69.162,9.411,300,395502,178.0,77.19,0.66,22.20
46.315,1,68.00,69.162,9.454,300,395502,178.0,77.20,0.65,22.20
46.325,1,68.00,69.162,9.506,302,406870,178.0,77.22,0.65,22.20
46.336,1,68.00,69.162,9.595,302,401118,178.0,77.24,0.65,22.20
46.346,1,68.00,69.162,9.610,302,401118,178.0,77.26,0.65,22.20
46.357,1,68.00,69.162,9.623,302,401118,178.0,77.27,0.64,22.20
46.367,1,68.00,69.162,9.708,301,401022,178.0,77.29,0.64,22.20
46.378,1,68.00,69.162,9.708,300,400966,178.0,77.31,0.64,22.20
46.388,1,68.00,69.162,9.788,300,400966,178.0,77.33,0.64,22.20
46.398,1,68.00,69.162,9.787,300,400966,178.0,77.34,0.63,22.20
46.409,1,68.00,69.162,9.751,300,400966,178.0,77.36,0.63,22.20
46.419,1,68.00,69.162,9.773,300,400966,178.0,77.38,0.63,22.20
46.430,1,68.00,69.162,9.811,299,400726,178.0,77.40,0.63,22.20
46.440,1,68.00,69.162,9.785,297,393374,178.0,77.41,0.62,22.20
46.450,1,68.00,69.162,9.811,305,384990,178.0,77.43,0.62,22.20
46.461,1,68.00,69.162,9.754,304,384822,178.0,77.45,0.62,22.20
46.471,1,68.00,69.162,9.729,304,384822,178.0,77.47,0.62,22.20
46.482,1,68.00,69.162,9.740,303,384582,178.0,77.49,0.61,22.20
46.492,1,68.00,69.162,9.688,303,384582,178.0,77.50,0.61,22.20
46.503,1,68.00,69.162,9.732,303,384582,178.0,77.52,0.61,22.20
46.513,1,68.00,69.162,9.691,303,384582,178.0,77.54,0.60,22.20
46.523,1,68.00,69.162,9.720,304,384658,178.0,77.56,0.60,22.20
46.534,1,68.00,69.162,9.743,304,384658,178.0,77.57,0.60,22.20
46.544,1,68.00,69.162,9.721,304,384658,178.0,77.59,0.60,22.20
46.555,1,68.00,69.162,9.699,303,384378,178.0,77.61,0.59,22.20
46.566,1,68.00,69.162,9.753,303,384378,178.0,77.63,0.59,22.20
46.576,1,68.00,69.162,9.729,302,383538,178.0,77.64,0.59,22.20
46.587,1,68.00,69.162,9.682,302,383538,178.0,77.66,0.58,22.20
46.598,1,68.00,69.162,9.717,302,383538,178.0,77.68,0.58,22.20
46.608,1,68.00,69.162,9.684,302,383538,178.0,77.70,0.58,22.20
46.619,1,68.00,69.162,9.750,301,383370,178.0,77.72,0.58,22.20
46.629,1,68.00,69.162,9.705,301,383370,178.0,77.73,0.57,22.20
46.640,1,68.00,69.162,9.668,301,383370,178.0,77.75,0.57,22.20
46.651,1,68.00,69.162,9.661,301,383370,178.0,77.77,0.57,22.20
46.661,1,68.00,69.162,9.694,301,383370,178.0,77.79,0.57,22.20
46.672,1,68.00,69.162,9.674,300,383314,178.0,77.81,0.56,22.20
46.682,1,68.00,69.162,9.645,300,381346,178.0,77.82,0.56,22.20
46.693,1,68.00,69.162,9.623,299,381270,178.0,77.84,0.56,22.20
46.704,1,68.00,69.162,9.725,296,379950,178.0,77.86,0.55,22.20
46.714,1,68.00,69.162,9.650,295,379782,178.0,77.88,0.55,22.20
46.725,1,68.00,69.162,9.635,295,379782,178.0,77.90,0.55,22.20
46.735,1,68.00,69.162,9.606,295,379782,178.0,77.91,0.55,22.20
46.796,1,68.00,69.162,55.648,294,379686,178.0,78.01,0.53,22.19
46.845,1,68.00,69.162,40.650,330,402996,178.0,78.07,0.53,22.13
46.912,1,68.00,69.162,53.979,331,403052,178.0,78.15,0.52,22.05
46.960,1,68.00,69.162,27.654,327,402720,178.0,78.21,0.51,21.99
46.966,1,68.00,69.162,9.986,326,402480,178.0,78.21,0.51,21.99
46.982,1,68.00,69.162,9.843,326,402476,178.0,78.23,0.51,21.97
46.985,1,68.00,69.162,9.904,323,401156,178.0,78.24,0.51,21.96
46.999,1,68.00,69.162,9.853,323,401156,178.0,78.25,0.51,21.95
47.009,1,64.00,67.506,9.873,323,401156,178.0,78.27,0.51,21.93
47.020,1,64.00,67.506,9.790,324,401212,178.0,78.28,0.51,21.92
47.032,1,64.00,67.506,9.780,324,401212,178.0,78.29,0.50,21.91
47.043,1,64.00,67.506,9.774,324,401212,178.0,78.31,0.50,21.89
47.054,1,64.00,67.506,9.776,323,400828,178.0,78.32,0.50,21.88
47.066,1,64.00,67.506,9.776,323,400828,178.0,78.33,0.50,21.87
47.076,1,64.00,67.506,9.757,323,400828,178.0,78.35,0.50,21.85
47.087,1,64.00,67.506,9.739,323,400828,178.0,78.36,0.50,21.84
47.099,1,64.00,67.506,9.819,322,400588,178.0,78.37,0.50,21.83
47.110,1,64.00,67.506,9.794,322,400588,178.0,78.39,0.50,21.81
47.120,1,64.00,67.506,9.838,322,400588,178.0,78.40,0.50,21.80
47.131,1,64.00,67.506,9.820,323,400828,178.0,78.41,0.50,21.79
47.142,1,64.00,67.506,9.884,324,400996,178.0,78.42,0.49,21.78
47.152,1,64.00,67.506,9.833,324,400996,178.0,78.44,0.49,21.76
47.163,1,64.00,67.506,9.762,325,401236,178.0,78.45,0.49,21.75
47.173,1,64.00,67.506,9.804,325,401236,178.0,78.46,0.49,21.74
47.184,1,64.00,67.506,9.769,325,401236,178.0,78.48,0.49,21.72
47.195,1,64.00,67.506,9.768,325,401236,178.0,78.49,0.49,21.71
47.205,1,64.00,67.506,9.741,325,401236,178.0,78.50,0.49,21.70
47.216,1,64.00,67.506,9.780,325,401236,178.0,78.51,0.49,21.69
47.226,1,64.00,67.506,9.839,325,401236,178.0,78.53,0.49,21.67
47.237,1,64.00,67.506,9.871,325,401236,178.0,78.54,0.49,21.66
47.248,1,64.00,67.506,9.841,325,401236,178.0,78.55,0.49,21.65
47.258,1,64.00,67.506,9.979,325,401236,178.0,78.56,0.48,21.64
47.269,1,64.00,67.506,9.998,325,401236,178.0,78.58,0.48,21.62
47.280,1,64.00,67.506,10.060,325,401240,178.0,78.59,0.48,21.61
47.291,1,64.00,67.506,10.068,326,401576,178.0,78.61,0.48,21.60
47.303,1,64.00,67.506,10.073,324,401000,178.0,78.62,0.48,21.60
47.314,1,64.00,67.506,10.267,324,401000,178.0,78.64,0.48,21.60
47.325,1,64.00,67.506,10.236,323,399656,178.0,78.66,0.48,21.60
47.336,1,64.00,67.506,10.285,323,399656,178.0,78.68,0.47,21.60
47.347,1,64.00,67.506,10.302,323,399656,178.0,78.70,0.47,21.60
47.358,1,64.00,67.506,10.320,324,399992,178.0,78.72,0.47,21.60
47.369,1,64.00,67.506,10.348,324,399992,178.0,78.74,0.47,21.60
47.380,1,64.00,67.506,10.347,323,399824,178.0,78.76,0.47,21.60
47.391,1,64.00,67.506,10.269,323,399824,178.0,78.77,0.46,21.60
47.403,1,64.00,67.506,10.187,323,399824,178.0,78.79,0.46,21.60
47.414,1,64.00,67.506,10.178,323,399824,178.0,78.81,0.46,21.60
47.425,1,64.00,67.506,10.094,323,399824,178.0,78.83,0.46,21.60
47.436,1,64.00,67.506,9.952,328,401892,178.0,78.85,0.45,21.60
47.447,1,64.00,67.506,9.923,329,401960,178.0,78.87,0.45,21.60
47.458,1,64.00,67.506,9.807,329,402068,178.0,78.89,0.45,21.60
47.469,1,64.00,67.506,9.746,329,402068,178.0,78.91,0.45,21.60
47.480,1,64.00,67.506,9.586,327,401828,178.0,78.92,0.45,21.60
47.491,1,64.00,67.506,9.415,327,401828,178.0,78.94,0.44,21.60
47.502,1,64.00,67.506,9.269,327,400820,178.0,78.96,0.44,21.60
47.513,1,64.00,67.506,9.198,327,400820,178.0,78.98,0.44,21.60
47.524,1,64.00,67.506,8.997,327,400820,178.0,79.00,0.44,21.60
47.534,1,64.00,67.506,8.869,326,400676,178.0,79.02,0.43,21.60
47.545,1,64.00,67.506,8.644,325,399612,178.0,79.03,0.43,21.60
47.555,1,64.00,67.506,8.308,325,399612,178.0,79.05,0.43,21.60
47.569,1,64.00,67.506,24.475,326,399684,178.0,79.07,0.43,21.60
47.615,1,64.00,67.506,34.762,326,399688,178.0,79.15,0.42,21.60
47.676,1,64.00,67.506,29.206,324,397776,178.0,79.25,0.40,21.60
47.716,1,64.00,67.506,27.371,321,375484,178.0,79.32,0.39,21.60
47.732,1,64.00,67.506,14.129,320,369760,178.0,79.35,0.39,21.60
47.749,1,64.00,67.506,14.098,320,369760,178.0,79.38,0.38,21.60
47.766,1,64.00,67.506,14.120,321,357496,178.0,79.41,0.38,21.60
47.782,1,64.00,67.506,14.117,321,357496,178.0,79.43,0.37,21.60
47.799,1,64.00,67.506,14.054,321,355736,178.0,79.46,0.37,21.60
47.813,1,64.00,67.506,14.022,320,354008,178.0,79.49,0.36,21.60
47.827,1,64.00,67.506,14.068,320,354008,178.0,79.51,0.36,21.60
47.842,1,64.00,67.506,13.956,318,346560,178.0,79.53,0.36,21.60
47.857,1,64.00,67.506,14.064,319,346740,178.0,79.56,0.35,21.60
47.872,1,64.00,67.506,14.027,317,345732,178.0,79.59,0.35,21.60
47.887,1,64.00,67.506,14.078,318,345804,178.0,79.61,0.34,21.60
47.902,1,64.00,67.506,14.003,317,333428,178.0,79.64,0.34,21.60
47.917,1,64.00,67.506,11.658,317,333428,178.0,79.66,0.34,21.60
47.931,1,64.00,67.506,11.607,316,332888,178.0,79.69,0.33,21.60
47.944,1,64.00,67.506,11.632,316,333136,178.0,79.71,0.33,21.60
47.957,1,64.00,67.506,11.740,312,333032,178.0,79.73,0.33,21.60
47.970,1,64.00,67.506,11.742,313,332268,178.0,79.75,0.32,21.60
47.983,1,64.00,67.506,11.820,314,332260,178.0,79.77,0.32,21.60
47.996,1,64.00,67.506,11.900,317,333496,178.0,79.79,0.32,21.60
48.009,1,74.00,52.287,11.908,313,333392,178.0,79.82,0.31,21.60
48.022,1,74.00,52.287,11.959,312,332384,178.0,79.84,0.31,21.60
48.034,1,74.00,52.287,11.577,312,332384,178.0,79.86,0.31,21.60
48.047,1,74.00,52.287,11.630,311,332060,178.0,79.88,0.31,21.60
48.060,1,74.00,52.287,11.702,311,332060,178.0,79.90,0.30,21.60
48.073,1,74.00,52.287,11.709,311,332060,178.0,79.92,0.30,21.60
48.086,1,74.00,52.287,11.793,310,331668,178.0,79.95,0.30,21.60
48.099,1,74.00,52.287,11.825,310,331668,178.0,79.97,0.29,21.60
48.112,1,74.00,52.287,11.825,309,331500,178.0,79.99,0.29,21.60
48.125,1,74.00,52.287,11.852,309,331500,178.0,80.01,0.29,21.60
48.138,1,74.00,52.287,11.791,310,331948,178.0,80.03,0.29,21.60
48.151,1,74.00,52.287,11.746,309,318228,178.0,80.06,0.28,21.60
48.163,1,74.00,52.287,11.746,308,304508,178.0,80.08,0.28,21.60
48.176,1,74.00,52.287,11.685,309,304628,178.0,80.10,0.28,21.60
48.189,1,74.00,52.287,11.693,311,305564,178.0,80.12,0.28,21.60
48.202,1,74.00,52.287,11.684,308,304412,178.0,80.14,0.27,21.60
48.214,1,74.00,52.287,11.660,310,304772,178.0,80.16,0.27,21.60
48.227,1,74.00,52.287,11.594,308,302748,178.0,80.18,0.27,21.60
48.239,1,74.00,52.287,11.590,310,302868,178.0,80.21,0.27,21.60
48.252,1,74.00,52.287,11.567,311,303248,178.0,80.23,0.27,21.60
48.280,1,74.00,52.287,42.710,311,303248,178.0,80.27,0.26,21.60
48.366,1,74.00,52.287,65.606,310,302856,178.0,80.41,0.25,21.61
48.425,1,74.00,52.287,46.057,303,306988,178.0,80.48,0.24,21.68
48.453,1,74.00,52.287,11.354,302,305572,178.0,80.52,0.24,21.72
48.466,1,74.00,52.287,11.799,303,306972,178.0,80.53,0.24,21.73
48.482,1,74.00,52.287,11.704,303,306972,178.0,80.55,0.24,21.75
48.499,1,74.00,52.287,11.686,303,306972,178.0,80.57,0.24,21.77
48.512,1,74.00,52.287,11.613,303,306972,178.0,80.59,0.24,21.79
48.525,1,74.00,52.287,11.639,303,306972,178.0,80.60,0.23,21.80
48.537,1,74.00,52.287,11.606,302,306580,178.0,80.62,0.23,21.82
48.550,1,74.00,52.287,11.603,302,306580,178.0,80.63,0.23,21.83
48.562,1,74.00,52.287,11.613,307,307984,178.0,80.65,0.23,21.85
48.575,1,74.00,52.287,11.575,309,295932,178.0,80.66,0.23,21.86
48.588,1,74.00,52.287,11.516,309,295932,178.0,80.68,0.23,21.88
48.600,1,74.00,52.287,11.499,310,296172,178.0,80.69,0.23,21.89
48.613,1,74.00,52.287,11.455,310,296172,178.0,80.71,0.23,21.91
48.625,1,74.00,52.287,11.385,310,296172,178.0,80.72,0.22,21.92
48.638,1,74.00,52.287,11.403,310,296172,178.0,80.74,0.22,21.94
48.650,1,74.00,52.287,11.302,311,296220,178.0,80.75,0.22,21.95
48.662,1,74.00,52.287,11.305,314,297180,178.0,80.77,0.22,21.97
48.674,1,74.00,52.287,11.269,314,297180,178.0,80.78,0.22,21.98
48.687,1,74.00,52.287,11.259,313,296856,178.0,80.80,0.22,22.00
48.699,1,74.00,52.287,11.294,313,296856,178.0,80.81,0.21,22.01
48.711,1,74.00,52.287,11.181,314,296976,178.0,80.83,0.21,22.03
48.723,1,74.00,52.287,11.123,312,280650,178.0,80.84,0.21,22.04
48.735,1,74.00,52.287,11.109,312,280650,178.0,80.86,0.21,22.06
48.747,1,74.00,52.287,11.067,312,280650,178.0,80.87,0.21,22.07
48.759,1,74.00,52.287,11.045,312,280650,178.0,80.88,0.21,22.08
48.771,1,74.00,52.287,11.040,311,280482,178.0,80.90,0.20,22.10
48.784,1,74.00,52.287,10.988,312,280930,178.0,80.91,0.20,22.11
48.796,1,74.00,52.287,22.646,313,282498,178.0,80.93,0.20,22.13
48.879,1,74.00,52.287,63.780,316,282834,178.0,81.04,0.18,22.20
48.956,1,74.00,52.287,62.508,313,268610,178.0,81.17,0.17,22.20
49.016,1,74.00,52.287,42.114,314,269338,178.0,81.27,0.15,22.20
49.023,1,54.00,78.793,10.527,320,274438,178.0,81.28,0.15,22.20
49.035,1,54.00,78.793,10.641,320,274438,178.0,81.30,0.15,22.20
49.047,1,54.00,78.793,10.676,321,276006,178.0,81.32,0.14,22.20
49.058,1,54.00,78.793,10.717,322,289390,178.0,81.34,0.14,22.20
49.069,1,54.00,78.793,10.822,323,290482,178.0,81.36,0.14,22.20
49.080,1,54.00,78.793,10.790,324,303642,178.0,81.38,0.13,22.20
49.091,1,54.00,78.793,10.779,323,306034,178.0,81.40,0.13,22.20
49.102,1,54.00,78.793,10.792,323,306034,178.0,81.42,0.13,22.20
49.114,1,54.00,78.793,10.760,321,305770,178.0,81.44,0.12,22.20
49.125,1,54.00,78.793,10.745,321,305770,178.0,81.45,0.12,22.20
49.136,1,54.00,78.793,10.797,321,305770,178.0,81.47,0.12,22.20
49.147,1,54.00,78.793,10.855,321,305822,178.0,81.49,0.12,22.20
49.158,1,54.00,78.793,10.940,321,305822,178.0,81.51,0.11,22.20
49.169,1,54.00,78.793,11.053,318,305222,178.0,81.53,0.11,22.20
49.180,1,54.00,78.793,11.068,317,305574,178.0,81.55,0.11,22.20
49.192,1,54.00,78.793,11.136,317,305574,178.0,81.57,0.10,22.20
49.204,1,54.00,78.793,11.185,317,305574,178.0,81.59,0.10,22.20
49.217,1,54.00,78.793,11.211,316,305310,178.0,81.61,0.10,22.20
49.229,1,54.00,78.793,11.368,326,306910,178.0,81.63,0.09,22.20
49.241,1,54.00,78.793,11.511,326,306910,178.0,81.65,0.09,22.20
49.254,1,54.00,78.793,11.506,326,306910,178.0,81.67,0.09,22.20
49.266,1,54.00,78.793,11.467,324,306466,178.0,81.69,0.09,22.20
49.279,1,54.00,78.793,11.480,323,306394,178.0,81.71,0.08,22.20
49.291,1,54.00,78.793,11.486,322,302440,178.0,81.74,0.08,22.20
49.304,1,54.00,78.793,11.438,323,302584,178.0,81.76,0.08,22.20
49.316,1,54.00,78.793,11.447,321,302320,178.0,81.78,0.07,22.20
49.329,1,54.00,78.793,11.386,322,302680,178.0,81.80,0.07,22.20
49.341,1,54.00,78.793,11.392,323,302776,178.0,81.82,0.07,22.20
49.354,1,54.00,78.793,11.381,323,302776,178.0,81.84,0.07,22.20
49.366,1,54.00,78.793,11.350,320,302176,178.0,81.86,0.06,22.20
49.379,1,54.00,78.793,11.320,320,302176,178.0,81.88,0.06,22.20
49.391,1,54.00,78.793,11.285,317,301720,178.0,81.90,0.06,22.20
49.404,1,54.00,78.793,11.311,318,302044,178.0,81.93,0.05,22.20
49.416,1,54.00,78.793,11.262,317,301988,178.0,81.95,0.05,22.20
49.429,1,54.00,78.793,11.254,316,301808,178.0,81.97,0.05,22.20
49.441,1,54.00,78.793,11.207,313,301124,178.0,81.99,0.05,22.20
49.454,1,54.00,78.793,11.308,312,301052,178.0,82.01,0.05,22.20
49.466,1,54.00,78.793,11.197,309,300092,178.0,82.03,0.04,22.20
49.479,1,54.00,78.793,11.154,309,300092,178.0,82.05,0.04,22.20
49.491,1,54.00,78.793,11.139,309,300092,178.0,82.07,0.04,22.20
49.504,1,54.00,78.793,11.156,309,299968,178.0,82.09,0.04,22.20
49.516,1,54.00,78.793,11.114,312,319680,178.0,82.11,0.03,22.20
49.529,1,54.00,78.793,11.044,314,338608,178.0,82.14,0.03,22.20
49.541,1,54.00,78.793,11.124,316,357960,178.0,82.16,0.03,22.20
49.554,1,54.00,78.793,11.119,318,358800,178.0,82.18,0.03,22.20
49.566,1,54.00,78.793,11.034,319,359056,178.0,82.20,0.03,22.20
49.579,1,54.00,78.793,11.075,317,358768,178.0,82.22,0.02,22.20
49.591,1,54.00,78.793,11.064,324,360284,178.0,82.24,0.02,22.20
49.604,1,54.00,78.793,10.940,324,360284,178.0,82.26,0.02,22.20
49.616,1,54.00,78.793,10.945,325,361940,178.0,82.28,0.02,22.20
49.629,1,54.00,78.793,10.951,325,361940,178.0,82.30,0.02,22.20
49.682,1,54.00,78.793,57.678,324,361760,178.0,82.40,0.01,22.20
49.749,1,54.00,78.793,53.422,322,361744,178.0,82.51,-0.00,22.20
49.812,1,54.00,78.793,51.994,325,362500,178.0,82.61,-0.01,22.20
49.866,1,54.00,78.793,50.598,323,361996,178.0,82.70,-0.02,22.20
49.924,1,54.00,78.793,45.211,317,361720,178.0,82.80,-0.03,22.20
49.936,1,54.00,78.793,11.085,324,325894,178.0,82.82,-0.03,22.22
49.949,1,54.00,78.793,10.438,323,325670,178.0,82.83,-0.03,22.23
49.966,1,54.00,78.793,10.366,323,325670,178.0,82.85,-0.03,22.25
49.978,1,54.00,78.793,10.328,323,325670,178.0,82.87,-0.04,22.27
49.990,1,54.00,78.793,10.303,323,325670,178.0,82.88,-0.04,22.28
50.001,1,54.00,78.793,10.334,322,325502,178.0,82.89,-0.04,22.29
50.012,1,62.00,63.445,10.296,322,325502,178.0,82.91,-0.04,22.31
50.023,1,62.00,63.445,10.348,322,325502,178.0,82.92,-0.04,22.32
50.035,1,62.00,63.445,10.347,322,325502,178.0,82.93,-0.04,22.33
50.046,1,62.00,63.445,10.408,322,325502,178.0,82.95,-0.05,22.35
50.058,1,62.00,63.445,10.402,322,325502,178.0,82.96,-0.05,22.36
50.069,1,62.00,63.445,10.457,323,325670,178.0,82.98,-0.05,22.38
50.080,1,62.00,63.445,10.457,323,325670,178.0,82.99,-0.05,22.39
50.091,1,62.00,63.445,10.481,323,325670,178.0,83.00,-0.05,22.40
50.102,1,62.00,63.445,10.470,324,327518,178.0,83.02,-0.06,22.42
50.113,1,62.00,63.445,10.516,324,327518,178.0,83.03,-0.06,22.43
50.124,1,62.00,63.445,10.447,324,327518,178.0,83.04,-0.06,22.44
50.136,1,62.00,63.445,10.467,325,329118,178.0,83.06,-0.06,22.46
50.147,1,62.00,63.445,10.472,325,331414,178.0,83.07,-0.06,22.47
50.158,1,62.00,63.445,10.488,326,333814,178.0,83.08,-0.07,22.48
50.169,1,62.00,63.445,10.498,325,333534,178.0,83.10,-0.07,22.50
50.180,1,62.00,63.445,10.544,325,333534,178.0,83.11,-0.07,22.51
50.191,1,62.00,63.445,10.642,325,333534,178.0,83.12,-0.07,22.52
50.202,1,62.00,63.445,10.680,326,333814,178.0,83.14,-0.07,22.54
50.213,1,62.00,63.445,10.671,326,333814,178.0,83.15,-0.08,22.55
50.224,1,62.00,63.445,10.757,326,333814,178.0,83.16,-0.08,22.56
50.236,1,62.00,63.445,10.725,326,333814,178.0,83.18,-0.08,22.58
50.247,1,62.00,63.445,10.692,324,333370,178.0,83.19,-0.08,22.59
50.258,1,62.00,63.445,10.701,324,333370,178.0,83.20,-0.08,22.60
50.269,1,62.00,63.445,10.662,324,333370,178.0,83.22,-0.09,22.62
50.280,1,62.00,63.445,10.640,324,333370,178.0,83.23,-0.09,22.63
50.291,1,62.00,63.445,10.698,326,336730,178.0,83.24,-0.09,22.64
50.303,1,62.00,63.445,10.698,326,336730,178.0,83.26,-0.09,22.66
50.315,1,62.00,63.445,10.673,326,336730,178.0,83.27,-0.10,22.67
50.326,1,62.00,63.445,10.721,326,336730,178.0,83.28,-0.10,22.68
50.338,1,62.00,63.445,10.733,326,336730,178.0,83.30,-0.10,22.70
50.350,1,62.00,63.445,10.688,327,337030,178.0,83.31,-0.10,22.71
50.361,1,62.00,63.445,10.639,326,332896,178.0,83.33,-0.11,22.73
50.373,1,62.00,63.445,10.657,326,332896,178.0,83.34,-0.11,22.74
50.384,1,62.00,63.445,10.598,326,332896,178.0,83.35,-0.11,22.75
50.396,1,62.00,63.445,10.646,326,332896,178.0,83.37,-0.11,22.77
50.408,1,62.00,63.445,10.590,326,332896,178.0,83.38,-0.12,22.78
50.419,1,62.00,63.445,10.630,326,332896,178.0,83.40,-0.12,22.80
50.431,1,62.00,63.445,10.594,326,336862,178.0,83.41,-0.12,22.80
50.475,1,62.00,63.445,32.761,327,337030,178.0,83.49,-0.13,22.80
50.532,1,62.00,63.445,52.741,327,337030,178.0,83.58,-0.15,22.80
50.598,1,62.00,63.445,55.459,328,337354,178.0,83.69,-0.16,22.80
50.648,1,62.00,63.445,41.829,328,337354,178.0,83.78,-0.17,22.80
50.671,1,62.00,63.445,10.662,326,336814,178.0,83.82,-0.18,22.80
50.682,1,62.00,63.445,10.489,326,336814,178.0,83.84,-0.18,22.80
50.686,1,62.00,63.445,10.459,326,336814,178.0,83.84,-0.18,22.80
50.703,1,62.00,63.445,10.418,326,336814,178.0,83.87,-0.18,22.80
50.717,1,62.00,63.445,10.353,325,336694,178.0,83.90,-0.19,22.80
50.728,1,62.00,63.445,10.297,326,336918,178.0,83.91,-0.19,22.80
50.739,1,62.00,63.445,10.242,326,336918,178.0,83.93,-0.19,22.80
50.751,1,62.00,63.445,10.193,326,336918,178.0,83.95,-0.19,22.80
50.762,1,62.00,63.445,10.122,326,336918,178.0,83.97,-0.19,22.80
50.773,1,62.00,63.445,10.035,326,336918,178.0,83.99,-0.20,22.80
50.784,1,62.00,63.445,10.028,326,336918,178.0,84.01,-0.20,22.80
50.795,1,62.00,63.445,10.004,327,337038,178.0,84.03,-0.20,22.80
50.806,1,62.00,63.445,9.998,327,337038,178.0,84.05,-0.20,22.80
50.817,1,62.00,63.445,9.933,327,337038,178.0,84.06,-0.20,22.80
50.827,1,62.00,63.445,9.860,327,337034,178.0,84.08,-0.21,22.80
50.838,1,62.00,63.445,9.896,327,337034,178.0,84.10,-0.21,22.80
50.849,1,62.00,63.445,9.786,327,337034,178.0,84.12,-0.21,22.80
50.859,1,62.00,63.445,9.758,327,337034,178.0,84.14,-0.21,22.80
50.870,1,62.00,63.445,9.754,327,337034,178.0,84.15,-0.21,22.80
50.881,1,62.00,63.445,9.653,327,337034,178.0,84.17,-0.21,22.80
50.891,1,62.00,63.445,9.614,327,337034,178.0,84.19,-0.22,22.80
50.902,1,62.00,63.445,9.554,327,337034,178.0,84.21,-0.22,22.80
50.912,1,62.00,63.445,9.502,327,337034,178.0,84.23,-0.22,22.80
50.923,1,62.00,63.445,9.440,326,336914,178.0,84.24,-0.22,22.80
50.933,1,62.00,63.445,9.424,326,336914,178.0,84.26,-0.22,22.80
50.944,1,62.00,63.445,9.375,326,336914,178.0,84.28,-0.22,22.80
50.954,1,62.00,63.445,9.390,326,336914,178.0,84.30,-0.22,22.80
50.965,1,62.00,63.445,9.381,326,336914,178.0,84.31,-0.23,22.80
50.975,1,62.00,63.445,9.368,326,336914,178.0,84.33,-0.23,22.80
50.985,1,62.00,63.445,9.331,326,336914,178.0,84.35,-0.23,22.80
50.995,1,62.00,63.445,9.348,326,336914,178.0,84.37,-0.23,22.80
51.006,1,73.00,62.409,9.327,327,336922,178.0,84.38,-0.23,22.80
51.016,1,73.00,62.409,9.241,327,336922,178.0,84.40,-0.23,22.80
51.026,1,73.00,62.409,9.300,327,336922,178.0,84.42,-0.24,22.80
51.036,1,73.00,62.409,9.234,327,336922,178.0,84.43,-0.24,22.80
51.047,1,73.00,62.409,9.263,327,336922,178.0,84.45,-0.24,22.80
51.057,1,73.00,62.409,9.222,327,336922,178.0,84.47,-0.24,22.80
51.067,1,73.00,62.409,9.219,327,336922,178.0,84.49,-0.24,22.80
51.109,1,73.00,62.409,46.758,327,336922,178.0,84.56,-0.25,22.80
51.175,1,73.00,62.409,45.766,327,337022,178.0,84.67,-0.26,22.80
51.241,1,73.00,62.409,54.172,327,337022,178.0,84.78,-0.27,22.80
51.279,1,73.00,62.409,21.137,327,337022,178.0,84.84,-0.28,22.80
51.282,1,73.00,62.409,9.190,328,337334,178.0,84.85,-0.28,22.80
51.299,1,73.00,62.409,9.311,328,337330,178.0,84.88,-0.28,22.80
51.310,1,73.00,62.409,9.358,329,337654,178.0,84.90,-0.28,22.80
51.320,1,73.00,62.409,9.405,329,337654,178.0,84.91,-0.29,22.80
51.330,1,73.00,62.409,10.698,329,337654,178.0,84.93,-0.29,22.80
51.341,1,73.00,62.409,14.826,328,337602,178.0,84.95,-0.29,22.80
51.352,1,73.00,62.409,9.868,328,337602,178.0,84.97,-0.29,22.80
51.363,1,73.00,62.409,9.689,328,337598,178.0,84.99,-0.30,22.80
51.374,1,73.00,62.409,9.641,327,337526,178.0,85.00,-0.30,22.80
51.385,1,73.00,62.409,9.673,329,338118,178.0,85.02,-0.30,22.80
51.396,1,73.00,62.409,9.695,330,339294,178.0,85.04,-0.30,22.80
51.407,1,73.00,62.409,9.743,330,339294,178.0,85.06,-0.31,22.80
51.418,1,73.00,62.409,9.776,330,339294,178.0,85.08,-0.31,22.80
51.429,1,73.00,62.409,9.923,330,339294,178.0,85.10,-0.31,22.80
51.440,1,73.00,62.409,10.088,331,340694,178.0,85.11,-0.31,22.80
51.451,1,73.00,62.409,10.093,329,340530,178.0,85.13,-0.32,22.80
51.462,1,73.00,62.409,10.445,330,341622,178.0,85.15,-0.32,22.80
51.473,1,73.00,62.409,10.209,330,341622,178.0,85.17,-0.32,22.80
51.484,1,73.00,62.409,10.289,330,341622,178.0,85.19,-0.33,22.80
51.495,1,73.00,62.409,10.589,329,341362,178.0,85.21,-0.33,22.79
51.506,1,73.00,62.409,10.506,329,341394,178.0,85.22,-0.33,22.78
51.517,1,73.00,62.409,10.320,329,341394,178.0,85.23,-0.33,22.77
51.528,1,73.00,62.409,10.458,329,341394,178.0,85.25,-0.33,22.75
51.540,1,73.00,62.409,10.394,329,341394,178.0,85.26,-0.34,22.74
51.551,1,73.00,62.409,10.673,329,341394,178.0,85.27,-0.34,22.73
51.562,1,73.00,62.409,10.824,329,341394,178.0,85.29,-0.34,22.71
51.573,1,73.00,62.409,10.975,329,341394,178.0,85.30,-0.34,22.70
51.585,1,73.00,62.409,11.031,330,343634,178.0,85.31,-0.35,22.69
51.598,1,73.00,62.409,11.197,331,344114,178.0,85.33,-0.35,22.67
51.611,1,73.00,62.409,11.551,330,344054,178.0,85.34,-0.35,22.66
51.623,1,73.00,62.409,11.356,330,345562,178.0,85.36,-0.35,22.64
51.635,1,73.00,62.409,11.289,330,345562,178.0,85.37,-0.36,22.63
51.648,1,73.00,62.409,11.352,331,358946,178.0,85.39,-0.36,22.61
51.660,1,73.00,62.409,11.353,331,358946,178.0,85.40,-0.36,22.60
51.672,1,73.00,62.409,11.286,332,372106,178.0,85.42,-0.36,22.58
51.684,1,73.00,62.409,11.170,333,374626,178.0,85.43,-0.37,22.57
51.697,1,73.00,62.409,11.191,335,375562,178.0,85.45,-0.37,22.55
51.709,1,73.00,62.409,11.095,336,375922,178.0,85.46,-0.37,22.54
51.721,1,73.00,62.409,11.330,336,375922,178.0,85.48,-0.37,22.52
51.734,1,73.00,62.409,11.006,336,375922,178.0,85.49,-0.38,22.51
51.746,1,73.00,62.409,10.998,336,375922,178.0,85.51,-0.38,22.49
51.759,1,73.00,62.409,10.952,336,375922,178.0,85.52,-0.38,22.48
51.771,1,73.00,62.409,11.118,336,375922,178.0,85.54,-0.38,22.46
51.784,1,73.00,62.409,10.812,336,375922,178.0,85.55,-0.39,22.45
51.796,1,73.00,62.409,10.790,336,375922,178.0,85.57,-0.39,22.43
51.809,1,73.00,62.409,10.706,336,375922,178.0,85.58,-0.39,22.42
51.821,1,73.00,62.409,10.773,336,375922,178.0,85.60,-0.39,22.40
51.834,1,73.00,62.409,10.746,336,375922,178.0,85.61,-0.39,22.39
51.872,1,73.00,62.409,41.139,337,376078,178.0,85.66,-0.40,22.34
51.949,1,73.00,62.409,59.568,341,377578,178.0,85.75,-0.41,22.25
52.032,1,73.00,62.409,59.202,341,377578,178.0,85.87,-0.43,22.20
52.114,1,62.00,80.565,63.985,339,377314,178.0,86.01,-0.44,22.20
52.132,1,62.00,80.565,10.300,338,377130,178.0,86.04,-0.44,22.20
52.137,1,62.00,80.565,9.972,338,377130,178.0,86.05,-0.44,22.20
52.148,1,62.00,80.565,9.998,338,377126,178.0,86.07,-0.45,22.20
52.159,1,62.00,80.565,9.958,338,377130,178.0,86.08,-0.45,22.20
52.166,1,62.00,80.565,9.948,338,377126,178.0,86.09,-0.45,22.20
52.174,1,62.00,80.565,9.960,338,377126,178.0,86.11,-0.45,22.20
52.184,1,62.00,80.565,9.931,337,376566,178.0,86.13,-0.45,22.20
52.194,1,62.00,80.565,9.896,336,376446,178.0,86.14,-0.45,22.20
52.205,1,62.00,80.565,9.923,336,376446,178.0,86.16,-0.45,22.20
52.216,1,62.00,80.565,9.946,336,376446,178.0,86.18,-0.46,22.20
52.227,1,62.00,80.565,9.864,335,376206,178.0,86.20,-0.46,22.20
52.238,1,62.00,80.565,9.863,335,376206,178.0,86.22,-0.46,22.20
52.248,1,62.00,80.565,9.858,335,376206,178.0,86.23,-0.46,22.20
52.259,1,62.00,80.565,9.820,335,376206,178.0,86.25,-0.46,22.20
52.270,1,62.00,80.565,9.854,335,376206,178.0,86.27,-0.46,22.20
52.281,1,62.00,80.565,9.824,335,376206,178.0,86.29,-0.47,22.20
52.292,1,62.00,80.565,9.831,335,376206,178.0,86.31,-0.47,22.20
52.302,1,62.00,80.565,9.849,335,376206,178.0,86.33,-0.47,22.20
52.313,1,62.00,80.565,9.828,335,376206,178.0,86.34,-0.47,22.20
52.324,1,62.00,80.565,9.812,335,376206,178.0,86.36,-0.47,22.20
52.335,1,62.00,80.565,9.815,334,375822,178.0,86.38,-0.47,22.20
52.345,1,62.00,80.565,9.756,334,375822,178.0,86.40,-0.48,22.20
52.356,1,62.00,80.565,9.807,334,375822,178.0,86.42,-0.48,22.20
52.367,1,62.00,80.565,9.780,334,375822,178.0,86.44,-0.48,22.20
52.379,1,62.00,80.565,9.702,335,376046,178.0,86.45,-0.48,22.20
52.390,1,62.00,80.565,9.701,335,376046,178.0,86.47,-0.48,22.20
52.401,1,62.00,80.565,9.623,335,376046,178.0,86.49,-0.48,22.20
52.412,1,62.00,80.565,9.625,335,376046,178.0,86.51,-0.49,22.20
52.423,1,62.00,80.565,9.588,335,376046,178.0,86.53,-0.49,22.20
52.434,1,62.00,80.565,9.491,335,376046,178.0,86.55,-0.49,22.20
52.445,1,62.00,80.565,9.481,335,376046,178.0,86.57,-0.49,22.20
52.456,1,62.00,80.565,9.431,336,376118,178.0,86.59,-0.49,22.20
52.467,1,62.00,80.565,9.379,336,376118,178.0,86.60,-0.50,22.20
52.479,1,62.00,80.565,9.409,336,376118,178.0,86.62,-0.50,22.20
52.490,1,62.00,80.565,9.354,336,376118,178.0,86.64,-0.50,22.20
52.501,1,62.00,80.565,9.265,336,376118,178.0,86.66,-0.50,22.20
52.511,1,62.00,80.565,9.213,331,374902,178.0,86.68,-0.50,22.20
52.522,1,62.00,80.565,9.155,331,374902,178.0,86.70,-0.51,22.20
52.532,1,62.00,80.565,9.128,331,374902,178.0,86.71,-0.51,22.20
52.543,1,62.00,80.565,9.148,331,374902,178.0,86.73,-0.51,22.20
52.554,1,62.00,80.565,9.125,331,374902,178.0,86.75,-0.51,22.20
52.564,1,62.00,80.565,9.070,331,374902,178.0,86.77,-0.51,22.20
52.575,1,62.00,80.565,9.131,332,377590,178.0,86.79,-0.52,22.20
52.585,1,62.00,80.565,9.132,332,377590,178.0,86.80,-0.52,22.20
52.596,1,62.00,80.565,9.145,331,377254,178.0,86.82,-0.52,22.20
52.607,1,62.00,80.565,9.207,331,377254,178.0,86.84,-0.52,22.20
52.617,1,62.00,80.565,9.210,331,377254,178.0,86.86,-0.52,22.20
52.628,1,62.00,80.565,9.205,331,377254,178.0,86.87,-0.53,22.20
52.638,1,62.00,80.565,9.271,332,379270,178.0,86.89,-0.53,22.20
52.649,1,62.00,80.565,9.265,333,382126,178.0,86.91,-0.53,22.20
52.660,1,62.00,80.565,9.304,333,382126,178.0,86.93,-0.53,22.20
52.670,1,62.00,80.565,9.323,333,382126,178.0,86.95,-0.54,22.20
52.681,1,62.00,80.565,9.384,333,382126,178.0,86.96,-0.54,22.20
52.692,1,62.00,80.565,9.385,333,383062,178.0,86.98,-0.54,22.20
52.702,1,62.00,80.565,9.474,332,382822,178.0,87.00,-0.54,22.20
52.730,1,62.00,80.565,42.921,334,386798,178.0,87.05,-0.55,22.20
52.808,1,62.00,80.565,50.944,333,386586,178.0,87.18,-0.57,22.20
52.874,1,62.00,80.565,48.146,333,386490,178.0,87.29,-0.59,22.20
52.900,1,62.00,80.565,9.281,330,385602,178.0,87.33,-0.60,22.20
52.916,1,62.00,80.565,9.184,329,385538,178.0,87.36,-0.60,22.20
52.920,1,62.00,80.565,9.137,329,385574,178.0,87.37,-0.60,22.20
52.936,1,62.00,80.565,9.049,329,385574,178.0,87.40,-0.61,22.20
52.945,1,62.00,80.565,9.025,329,385522,178.0,87.41,-0.61,22.20
52.955,1,62.00,80.565,8.938,329,385522,178.0,87.43,-0.61,22.20
52.966,1,62.00,80.565,9.025,328,385378,178.0,87.45,-0.61,22.20
52.976,1,62.00,80.565,8.963,328,385378,178.0,87.46,-0.62,22.20
52.986,1,62.00,80.565,8.973,327,384018,178.0,87.48,-0.62,22.20
52.996,1,62.00,80.565,8.933,327,384018,178.0,87.50,-0.62,22.20
53.006,1,69.00,68.835,8.924,327,384018,178.0,87.51,-0.62,22.20
53.016,1,69.00,68.835,8.877,327,384018,178.0,87.53,-0.63,22.20
53.026,1,69.00,68.835,8.883,327,384018,178.0,87.55,-0.63,22.20
53.036,1,69.00,68.835,8.779,327,384018,178.0,87.56,-0.63,22.20
53.046,1,69.00,68.835,8.841,325,383526,178.0,87.58,-0.63,22.20
53.056,1,69.00,68.835,8.793,324,383406,178.0,87.60,-0.64,22.20
53.066,1,69.00,68.835,8.727,324,383406,178.0,87.61,-0.64,22.20
53.076,1,69.00,68.835,8.712,314,381194,178.0,87.63,-0.63,22.20
53.086,1,69.00,68.835,9.566,315,381418,178.0,87.65,-0.63,22.20
53.096,1,69.00,68.835,9.587,315,381418,178.0,87.66,-0.63,22.20
53.106,1,69.00,68.835,9.598,315,381418,178.0,87.68,-0.63,22.20
53.116,1,69.00,68.835,9.590,313,381034,178.0,87.70,-0.63,22.20
53.126,1,69.00,68.835,9.507,312,380554,178.0,87.71,-0.63,22.20
53.136,1,69.00,68.835,9.497,313,380950,178.0,87.73,-0.62,22.20
53.146,1,69.00,68.835,9.525,313,380950,178.0,87.75,-0.62,22.20
53.158,1,69.00,68.835,9.458,313,380950,178.0,87.77,-0.62,22.20
53.249,1,69.00,68.835,75.041,313,380950,178.0,87.92,-0.60,22.20
53.362,1,69.00,68.835,94.283,312,381410,178.0,88.11,-0.58,22.20
53.432,1,69.00,68.835,59.593,308,362298,178.0,88.23,-0.56,22.20
53.440,1,69.00,68.835,8.719,312,364570,178.0,88.25,-0.56,22.20
53.450,1,69.00,68.835,8.672,312,364566,178.0,88.26,-0.56,22.20
53.459,1,69.00,68.835,8.729,312,364566,178.0,88.28,-0.55,22.20
53.469,1,69.00,68.835,8.678,311,364118,178.0,88.29,-0.55,22.20
53.478,1,69.00,68.835,8.625,310,364062,178.0,88.31,-0.55,22.20
53.488,1,69.00,68.835,8.545,310,364062,178.0,88.33,-0.55,22.20
53.497,1,69.00,68.835,8.549,309,363502,178.0,88.34,-0.54,22.20
53.507,1,69.00,68.835,8.501,309,363502,178.0,88.36,-0.54,22.20
53.516,1,69.00,68.835,8.538,310,368206,178.0,88.37,-0.54,22.20
53.526,1,69.00,68.835,8.507,310,368206,178.0,88.39,-0.54,22.20
53.535,1,69.00,68.835,8.508,310,368206,178.0,88.41,-0.53,22.20
53.545,1,69.00,68.835,8.493,309,368134,178.0,88.42,-0.53,22.20
53.554,1,69.00,68.835,8.492,309,368134,178.0,88.44,-0.53,22.20
53.564,1,69.00,68.835,8.489,308,367406,178.0,88.45,-0.53,22.20
53.573,1,69.00,68.835,8.568,308,367406,178.0,88.47,-0.52,22.20
53.583,1,69.00,68.835,8.518,307,366902,178.0,88.49,-0.52,22.20
53.592,1,69.00,68.835,8.491,306,366566,178.0,88.50,-0.52,22.20
53.601,1,69.00,68.835,8.539,307,366790,178.0,88.52,-0.52,22.20
53.611,1,69.00,68.835,8.569,307,369982,178.0,88.53,-0.51,22.20
53.620,1,69.00,68.835,8.567,308,374966,178.0,88.55,-0.51,22.20
53.630,1,69.00,68.835,8.608,307,370462,178.0,88.57,-0.51,22.20
53.639,1,69.00,68.835,8.616,306,367774,178.0,88.58,-0.51,22.20
53.649,1,69.00,68.835,8.637,309,383454,178.0,88.60,-0.51,22.20
53.658,1,69.00,68.835,8.688,309,383454,178.0,88.61,-0.50,22.20
53.668,1,69.00,68.835,8.648,308,383062,178.0,88.63,-0.50,22.20
53.678,1,69.00,68.835,8.627,307,383006,178.0,88.65,-0.50,22.20
53.687,1,69.00,68.835,8.581,310,383726,178.0,88.66,-0.50,22.20
53.697,1,69.00,68.835,8.550,311,384626,178.0,88.68,-0.49,22.20
53.706,1,69.00,68.835,8.572,311,384626,178.0,88.69,-0.49,22.20
53.716,1,69.00,68.835,8.568,311,384626,178.0,88.71,-0.49,22.20
53.725,1,69.00,68.835,8.551,311,384626,178.0,88.73,-0.49,22.20
53.735,1,69.00,68.835,8.593,312,384746,178.0,88.74,-0.49,22.20
53.744,1,69.00,68.835,8.616,309,383370,178.0,88.76,-0.48,22.20
53.754,1,69.00,68.835,8.569,309,383422,178.0,88.78,-0.48,22.20
53.763,1,69.00,68.835,8.589,308,377486,178.0,88.79,-0.48,22.20
53.773,1,69.00,68.835,8.601,307,377430,178.0,88.81,-0.48,22.20
53.782,1,69.00,68.835,8.622,315,390058,178.0,88.82,-0.47,22.20
53.792,1,69.00,68.835,8.411,317,390898,178.0,88.84,-0.47,22.20
53.801,1,69.00,68.835,8.411,315,388458,178.0,88.86,-0.47,22.20
53.811,1,69.00,68.835,8.388,314,385770,178.0,88.87,-0.47,22.20
53.820,1,69.00,68.835,8.409,313,385378,178.0,88.89,-0.47,22.20
53.829,1,69.00,68.835,8.395,313,385378,178.0,88.90,-0.47,22.20
53.839,1,69.00,68.835,8.401,313,385378,178.0,88.92,-0.46,22.20
53.848,1,69.00,68.835,8.422,313,385442,178.0,88.93,-0.46,22.20
53.857,1,69.00,68.835,8.463,313,385442,178.0,88.95,-0.46,22.20
53.867,1,69.00,68.835,8.442,313,385442,178.0,88.97,-0.46,22.20
53.876,1,69.00,68.835,8.466,313,385442,178.0,88.98,-0.46,22.20
53.926,1,69.00,68.835,47.719,313,385442,178.0,89.07,-0.45,22.20
54.016,1,69.00,68.835,64.598,310,376482,178.0,89.22,-0.43,22.20
54.083,1,68.00,112.438,59.158,301,364262,178.0,89.33,-0.42,22.20
54.116,1,68.00,112.438,21.744,301,362338,178.0,89.39,-0.42,22.20
54.123,1,68.00,112.438,9.220,298,346890,178.0,89.40,-0.42,22.20
54.134,1,68.00,112.438,9.286,298,346886,178.0,89.42,-0.42,22.20
54.144,1,68.00,112.438,9.315,305,353942,178.0,89.43,-0.41,22.20
54.154,1,68.00,112.438,9.519,304,353622,178.0,89.45,-0.41,22.20
54.164,1,68.00,112.438,9.500,303,348022,178.0,89.47,-0.41,22.20
54.174,1,68.00,112.438,9.481,302,343038,178.0,89.49,-0.41,22.20
54.184,1,68.00,112.438,9.466,302,343038,178.0,89.50,-0.41,22.20
54.194,1,68.00,112.438,9.504,303,343074,178.0,89.52,-0.41,22.20
54.204,1,68.00,112.438,9.450,303,343074,178.0,89.54,-0.41,22.20
54.214,1,68.00,112.438,9.499,300,341686,178.0,89.55,-0.40,22.20
54.224,1,68.00,112.438,9.451,300,341686,178.0,89.57,-0.40,22.20
54.234,1,68.00,112.438,9.494,298,339910,178.0,89.59,-0.40,22.20
54.244,1,68.00,112.438,9.455,298,339910,178.0,89.60,-0.40,22.20
54.254,1,68.00,112.438,9.428,298,339910,178.0,89.62,-0.40,22.20
54.264,1,68.00,112.438,9.461,297,333078,178.0,89.64,-0.40,22.20
54.274,1,68.00,112.438,9.340,297,333078,178.0,89.65,-0.40,22.20
54.284,1,68.00,112.438,9.380,296,333030,178.0,89.67,-0.39,22.20
54.294,1,68.00,112.438,9.351,299,326918,178.0,89.69,-0.39,22.20
54.304,1,68.00,112.438,9.307,303,327022,178.0,89.70,-0.39,22.20
54.314,1,68.00,112.438,9.296,303,327022,178.0,89.72,-0.39,22.20
54.324,1,68.00,112.438,9.261,303,327022,178.0,89.74,-0.39,22.20
54.334,1,68.00,112.438,9.261,303,327022,178.0,89.76,-0.39,22.20
54.344,1,68.00,112.438,9.169,304,327122,178.0,89.77,-0.39,22.20
54.354,1,68.00,112.438,9.206,304,327122,178.0,89.79,-0.38,22.20
54.364,1,68.00,112.438,9.194,304,327122,178.0,89.81,-0.38,22.20
54.374,1,68.00,112.438,9.129,303,326870,178.0,89.82,-0.38,22.20
54.384,1,68.00,112.438,9.088,302,326678,178.0,89.84,-0.38,22.20
54.394,1,68.00,112.438,9.050,303,334966,178.0,89.86,-0.38,22.20
54.404,1,68.00,112.438,9.035,303,334966,178.0,89.87,-0.38,22.20
54.414,1,68.00,112.438,9.031,304,335038,178.0,89.89,-0.37,22.20
54.424,1,68.00,112.438,8.971,305,335110,178.0,89.91,-0.37,22.20
54.434,1,68.00,112.438,8.944,305,335110,178.0,89.92,-0.37,22.20
54.444,1,68.00,112.438,8.916,305,335110,178.0,89.94,-0.37,22.20
54.454,1,68.00,112.438,8.878,305,335110,178.0,89.96,-0.37,22.20
54.464,1,68.00,112.438,8.799,306,335194,178.0,89.98,-0.36,22.20
54.474,1,68.00,112.438,8.764,306,335194,178.0,89.99,-0.36,22.20
54.484,1,68.00,112.438,8.741,306,335194,178.0,90.01,-0.36,22.19
54.494,1,68.00,112.438,8.721,306,335482,178.0,90.02,-0.36,22.18
54.504,1,68.00,112.438,8.738,309,362362,178.0,90.03,-0.36,22.17
54.514,1,68.00,112.438,8.767,311,378714,178.0,90.04,-0.36,22.16
54.524,1,68.00,112.438,8.710,311,378714,178.0,90.05,-0.36,22.15
54.534,1,68.00,112.438,8.663,311,378714,178.0,90.07,-0.35,22.13
54.544,1,68.00,112.438,8.572,311,378714,178.0,90.08,-0.35,22.12
54.554,1,68.00,112.438,8.509,312,385434,178.0,90.09,-0.35,22.11
54.564,1,68.00,112.438,8.477,313,391538,178.0,90.10,-0.35,22.10
54.574,1,68.00,112.438,8.521,313,398270,178.0,90.11,-0.35,22.09
54.584,1,68.00,112.438,8.517,313,398270,178.0,90.13,-0.35,22.07
54.594,1,68.00,112.438,8.569,313,398270,178.0,90.14,-0.34,22.06
54.604,1,68.00,112.438,8.558,313,398270,178.0,90.15,-0.34,22.05
54.614,1,68.00,112.438,8.586,313,398270,178.0,90.16,-0.34,22.04
54.624,1,68.00,112.438,8.655,314,399926,178.0,90.17,-0.34,22.03
54.634,1,68.00,112.438,8.663,316,400682,178.0,90.19,-0.34,22.01
54.644,1,68.00,112.438,8.678,317,400730,178.0,90.20,-0.34,22.00
54.653,1,68.00,112.438,8.656,317,400730,178.0,90.21,-0.33,21.99
54.663,1,68.00,112.438,8.670,317,400730,178.0,90.22,-0.33,21.98
54.696,1,68.00,112.438,20.065,317,400730,178.0,90.26,-0.33,21.94
54.762,1,68.00,112.438,49.333,320,401694,178.0,90.34,-0.31,21.86
54.848,1,68.00,112.438,55.448,322,406714,178.0,90.44,-0.30,21.76
54.890,1,68.00,112.438,33.220,325,415366,178.0,90.49,-0.29,21.71
54.900,1,68.00,112.438,8.589,324,415330,178.0,90.50,-0.29,21.70
54.916,1,68.00,112.438,8.640,324,415326,178.0,90.52,-0.28,21.68
54.919,1,68.00,112.438,8.647,324,415326,178.0,90.53,-0.28,21.67
54.932,1,68.00,112.438,8.702,324,415326,178.0,90.54,-0.28,21.66
54.942,1,68.00,112.438,8.717,325,415722,178.0,90.56,-0.28,21.64
54.954,1,68.00,112.438,8.677,326,415842,178.0,90.57,-0.28,21.63
54.966,1,68.00,112.438,8.724,327,415898,178.0,90.58,-0.27,21.62
54.976,1,68.00,112.438,8.684,329,416274,178.0,90.60,-0.27,21.60
54.986,1,68.00,112.438,8.683,329,416274,178.0,90.61,-0.27,21.60
54.996,1,68.00,112.438,8.769,329,416274,178.0,90.63,-0.27,21.60
55.005,1,71.00,86.600,8.751,329,416274,178.0,90.64,-0.26,21.60
55.015,1,71.00,86.600,8.762,326,415362,178.0,90.66,-0.26,21.60
55.025,1,71.00,86.600,8.742,325,415306,178.0,90.68,-0.26,21.60
55.034,1,71.00,86.600,8.740,324,415046,178.0,90.69,-0.26,21.60
55.044,1,71.00,86.600,8.745,324,415046,178.0,90.71,-0.26,21.60
55.054,1,71.00,86.600,8.751,326,415154,178.0,90.73,-0.25,21.60
55.064,1,71.00,86.600,8.808,326,415154,178.0,90.74,-0.25,21.60
55.073,1,71.00,86.600,8.781,326,415154,178.0,90.76,-0.25,21.60
55.083,1,71.00,86.600,8.728,326,415154,178.0,90.77,-0.25,21.60
55.093,1,71.00,86.600,8.836,327,415482,178.0,90.79,-0.25,21.60
55.102,1,71.00,86.600,8.825,327,415482,178.0,90.81,-0.24,21.60
55.112,1,71.00,86.600,8.912,328,415518,178.0,90.82,-0.24,21.60
55.122,1,71.00,86.600,8.968,328,415518,178.0,90.84,-0.24,21.60
55.132,1,71.00,86.600,9.017,328,415518,178.0,90.86,-0.24,21.60
55.141,1,71.00,86.600,9.033,325,415086,178.0,90.87,-0.24,21.60
55.151,1,71.00,86.600,9.065,325,415086,178.0,90.89,-0.23,21.60
55.161,1,71.00,86.600,9.078,325,415086,178.0,90.91,-0.23,21.60
55.171,1,71.00,86.600,9.149,326,415326,178.0,90.92,-0.23,21.60
55.180,1,71.00,86.600,9.080,330,417798,178.0,90.94,-0.23,21.60
55.190,1,71.00,86.600,9.097,331,419142,178.0,90.96,-0.23,21.60
55.200,1,71.00,86.600,9.071,331,419142,178.0,90.97,-0.23,21.60
55.209,1,71.00,86.600,9.096,330,419086,178.0,90.99,-0.22,21.60
55.219,1,71.00,86.600,9.077,329,418606,178.0,91.00,-0.22,21.60
55.229,1,71.00,86.600,9.111,330,418750,178.0,91.02,-0.22,21.60
55.239,1,71.00,86.600,9.076,330,418750,178.0,91.04,-0.22,21.60
55.248,1,71.00,86.600,9.072,330,418750,178.0,91.05,-0.22,21.60
55.258,1,71.00,86.600,9.139,330,418750,178.0,91.07,-0.22,21.60
55.268,1,71.00,86.600,9.097,330,418750,178.0,91.09,-0.22,21.60
55.277,1,71.00,86.600,9.114,331,420822,178.0,91.10,-0.21,21.60
55.287,1,71.00,86.600,9.086,332,420930,178.0,91.12,-0.21,21.60
55.297,1,71.00,86.600,9.101,334,422790,178.0,91.14,-0.21,21.60
55.307,1,71.00,86.600,9.128,334,422790,178.0,91.15,-0.21,21.60
55.316,1,71.00,86.600,9.121,334,422790,178.0,91.17,-0.21,21.60
55.326,1,71.00,86.600,9.151,336,423114,178.0,91.19,-0.21,21.60
55.336,1,71.00,86.600,9.109,336,423114,178.0,91.20,-0.20,21.60
55.346,1,71.00,86.600,9.093,337,423214,178.0,91.22,-0.20,21.60
55.356,1,71.00,86.600,9.122,338,423998,178.0,91.24,-0.20,21.60
55.366,1,71.00,86.600,9.188,339,426350,178.0,91.25,-0.20,21.60
55.376,1,71.00,86.600,9.106,339,426350,178.0,91.27,-0.20,21.60
55.386,1,71.00,86.600,9.105,339,426350,178.0,91.29,-0.20,21.60
55.396,1,71.00,86.600,9.080,339,426342,178.0,91.30,-0.20,21.60
55.406,1,71.00,86.600,9.021,339,426342,178.0,91.32,-0.20,21.60
55.416,1,71.00,86.600,9.088,339,426342,178.0,91.34,-0.19,21.60
55.477,1,71.00,86.600,57.671,339,426342,178.0,91.44,-0.19,21.60
55.563,1,71.00,86.600,55.234,340,433310,178.0,91.58,-0.17,21.60
55.631,1,71.00,86.600,53.904,343,439326,178.0,91.70,-0.16,21.60
55.649,1,71.00,86.600,9.085,344,434818,178.0,91.73,-0.16,21.60
55.651,1,71.00,86.600,9.085,346,435262,178.0,91.73,-0.16,21.60
55.661,1,71.00,86.600,9.081,346,435262,178.0,91.75,-0.16,21.60
55.671,1,71.00,86.600,9.122,347,435346,178.0,91.77,-0.16,21.60
55.680,1,71.00,86.600,9.217,348,435418,178.0,91.78,-0.16,21.60
55.688,1,71.00,86.600,9.196,348,435246,178.0,91.80,-0.15,21.60
55.696,1,71.00,86.600,9.159,349,435354,178.0,91.81,-0.15,21.60
55.705,1,71.00,86.600,9.159,349,435354,178.0,91.82,-0.15,21.60
55.714,1,71.00,86.600,9.172,350,435410,178.0,91.84,-0.15,21.60
55.724,1,71.00,86.600,9.156,350,435410,178.0,91.86,-0.15,21.60
55.735,1,71.00,86.600,9.190,350,435410,178.0,91.87,-0.15,21.60
55.745,1,71.00,86.600,9.221,349,430426,178.0,91.89,-0.14,21.60
55.755,1,71.00,86.600,9.224,349,430426,178.0,91.91,-0.14,21.60
55.765,1,71.00,86.600,9.192,348,430258,178.0,91.93,-0.14,21.60
55.775,1,71.00,86.600,9.156,348,430258,178.0,91.94,-0.14,21.60
55.786,1,71.00,86.600,9.104,348,430258,178.0,91.96,-0.14,21.60
55.796,1,71.00,86.600,9.070,348,430338,178.0,91.98,-0.13,21.60
55.806,1,71.00,86.600,9.079,351,430802,178.0,92.00,-0.13,21.60
55.816,1,71.00,86.600,9.044,351,430802,178.0,92.01,-0.13,21.60
55.827,1,71.00,86.600,9.084,353,433482,178.0,92.03,-0.13,21.60
55.837,1,71.00,86.600,9.042,352,433410,178.0,92.05,-0.12,21.60
55.848,1,71.00,86.600,9.047,352,433410,178.0,92.07,-0.12,21.60
55.858,1,71.00,86.600,9.076,353,433466,178.0,92.08,-0.12,21.60
55.868,1,71.00,86.600,9.058,353,433466,178.0,92.10,-0.12,21.60
55.879,1,71.00,86.600,9.108,352,433322,178.0,92.12,-0.11,21.60
55.889,1,71.00,86.600,9.088,352,433322,178.0,92.14,-0.11,21.60
55.900,1,71.00,86.600,9.077,349,432362,178.0,92.15,-0.11,21.60
55.910,1,71.00,86.600,9.101,349,432082,178.0,92.17,-0.11,21.60
55.920,1,71.00,86.600,9.072,350,432138,178.0,92.19,-0.11,21.60
55.931,1,71.00,86.600,9.085,352,432194,178.0,92.21,-0.10,21.60
55.941,1,71.00,86.600,9.089,351,432026,178.0,92.22,-0.10,21.60
55.952,1,71.00,86.600,9.116,350,431834,178.0,92.24,-0.10,21.60
55.962,1,71.00,86.600,9.095,351,429714,178.0,92.26,-0.09,21.60
55.973,1,71.00,86.600,9.106,351,429714,178.0,92.28,-0.09,21.60
55.983,1,71.00,86.600,9.104,351,429714,178.0,92.29,-0.09,21.60
55.993,1,81.00,85.613,9.125,350,427026,178.0,92.31,-0.09,21.60
56.004,1,81.00,85.613,9.094,353,427646,178.0,92.33,-0.08,21.60
56.014,1,81.00,85.613,9.118,353,427646,178.0,92.35,-0.08,21.60
56.025,1,81.00,85.613,9.146,351,423670,178.0,92.36,-0.08,21.60
56.035,1,81.00,85.613,9.149,351,423670,178.0,92.38,-0.08,21.60
56.045,1,81.00,85.613,9.138,351,423670,178.0,92.40,-0.07,21.60
56.056,1,81.00,85.613,9.150,351,423670,178.0,92.42,-0.07,21.60
56.066,1,81.00,85.613,9.158,350,423166,178.0,92.43,-0.07,21.60
56.077,1,81.00,85.613,9.088,351,424174,178.0,92.45,-0.07,21.60
56.087,1,81.00,85.613,9.089,351,424174,178.0,92.47,-0.06,21.60
56.098,1,81.00,85.613,9.097,351,424174,178.0,92.49,-0.06,21.60
56.108,1,81.00,85.613,9.048,350,422158,178.0,92.51,-0.06,21.60
56.118,1,81.00,85.613,9.105,350,422158,178.0,92.52,-0.06,21.60
56.134,1,81.00,85.613,21.971,350,422158,178.0,92.55,-0.05,21.60
56.146,1,81.00,85.613,9.100,351,422218,178.0,92.57,-0.05,21.60
56.157,1,81.00,85.613,10.331,354,423202,178.0,92.59,-0.05,21.60
56.168,1,81.00,85.613,9.111,354,423206,178.0,92.61,-0.04,21.60
56.179,1,81.00,85.613,9.175,352,423214,178.0,92.63,-0.04,21.60
56.190,1,81.00,85.613,9.203,351,422914,178.0,92.64,-0.04,21.60
56.201,1,81.00,85.613,10.761,351,422914,178.0,92.66,-0.03,21.60
56.212,1,81.00,85.613,10.105,352,423218,178.0,92.68,-0.03,21.60
56.229,1,81.00,85.613,9.273,352,423218,178.0,92.71,-0.03,21.60
56.241,1,81.00,85.613,9.044,352,423214,178.0,92.73,-0.03,21.60
56.252,1,81.00,85.613,9.200,352,423214,178.0,92.75,-0.02,21.60
56.263,1,81.00,85.613,10.676,352,423214,178.0,92.77,-0.02,21.60
56.274,1,81.00,85.613,9.354,351,421314,178.0,92.79,-0.02,21.60
56.285,1,81.00,85.613,9.269,352,421898,178.0,92.80,-0.02,21.60
56.296,1,81.00,85.613,9.428,355,422074,178.0,92.82,-0.01,21.60
56.307,1,81.00,85.613,10.627,357,423498,178.0,92.84,-0.01,21.60
56.318,1,81.00,85.613,9.395,359,423562,178.0,92.86,-0.01,21.60
56.329,1,81.00,85.613,10.711,360,424230,178.0,92.88,-0.01,21.60
56.341,1,81.00,85.613,10.578,360,424234,178.0,92.90,-0.00,21.60
56.352,1,81.00,85.613,9.523,360,424234,178.0,92.92,-0.00,21.60
56.363,1,81.00,85.613,9.554,361,425030,178.0,92.94,0.00,21.60
56.374,1,81.00,85.613,9.601,361,425030,178.0,92.95,0.00,21.60
56.385,1,81.00,85.613,9.662,363,426038,178.0,92.97,0.01,21.60
56.396,1,81.00,85.613,9.681,364,426094,178.0,92.99,0.01,21.60
56.407,1,81.00,85.613,9.729,364,426094,178.0,93.01,0.01,21.60
56.418,1,81.00,85.613,9.795,363,424022,178.0,93.03,0.01,21.60
56.429,1,81.00,85.613,9.819,362,423518,178.0,93.05,0.01,21.60
56.441,1,81.00,85.613,9.948,362,423518,178.0,93.07,0.02,21.60
56.452,1,81.00,85.613,9.918,360,422926,178.0,93.09,0.02,21.60
56.463,1,81.00,85.613,9.995,360,422926,178.0,93.10,0.02,21.60
56.474,1,81.00,85.613,10.039,360,422926,178.0,93.12,0.02,21.60
56.485,1,81.00,85.613,10.159,359,422426,178.0,93.14,0.02,21.60
56.496,1,81.00,85.613,10.158,359,422426,178.0,93.16,0.03,21.60
56.507,1,81.00,85.613,10.285,359,422426,178.0,93.18,0.03,21.60
56.518,1,81.00,85.613,10.299,359,430454,178.0,93.20,0.03,21.60
56.529,1,81.00,85.613,10.296,360,430622,178.0,93.22,0.03,21.60
56.541,1,81.00,85.613,10.315,361,439022,178.0,93.24,0.03,21.60
56.552,1,81.00,85.613,10.403,362,439358,178.0,93.25,0.04,21.60
56.563,1,81.00,85.613,10.448,364,440086,178.0,93.27,0.04,21.60
56.574,1,81.00,85.613,10.506,364,440086,178.0,93.29,0.04,21.60
56.586,1,81.00,85.613,10.534,361,439858,178.0,93.31,0.04,21.60
56.597,1,81.00,85.613,10.526,360,440394,178.0,93.33,0.04,21.60
56.609,1,81.00,85.613,10.578,361,440450,178.0,93.35,0.04,21.60
56.621,1,81.00,85.613,10.594,361,440450,178.0,93.37,0.05,21.60
56.632,1,81.00,85.613,10.618,361,440450,178.0,93.39,0.05,21.60
56.644,1,81.00,85.613,10.626,361,440450,178.0,93.41,0.05,21.60
56.656,1,81.00,85.613,10.680,362,441290,178.0,93.43,0.05,21.60
56.667,1,81.00,85.613,10.698,362,441290,178.0,93.45,0.05,21.60
56.679,1,81.00,85.613,10.686,363,441402,178.0,93.47,0.05,21.60
56.691,1,81.00,85.613,10.759,365,441850,178.0,93.49,0.06,21.60
56.702,1,81.00,85.613,10.752,365,441850,178.0,93.51,0.06,21.60
56.714,1,81.00,85.613,10.733,369,442970,178.0,93.53,0.06,21.60
56.726,1,81.00,85.613,10.730,370,443194,178.0,93.55,0.06,21.60
56.737,1,81.00,85.613,10.775,370,443194,178.0,93.57,0.06,21.60
56.749,1,81.00,85.613,10.737,371,443530,178.0,93.59,0.06,21.60
56.761,1,81.00,85.613,10.856,372,443642,178.0,93.61,0.07,21.60
56.772,1,81.00,85.613,10.817,374,444330,178.0,93.63,0.07,21.60
56.784,1,81.00,85.613,10.856,375,444342,178.0,93.65,0.07,21.60
56.796,1,81.00,85.613,10.902,375,444342,178.0,93.67,0.07,21.60
56.807,1,81.00,85.613,10.946,375,444342,178.0,93.69,0.07,21.60
56.819,1,81.00,85.613,10.994,375,444342,178.0,93.71,0.07,21.60
56.831,1,81.00,85.613,11.029,375,444342,178.0,93.73,0.07,21.60
56.842,1,81.00,85.613,11.160,375,444342,178.0,93.75,0.08,21.60
56.854,1,81.00,85.613,11.160,375,444342,178.0,93.77,0.08,21.60
56.866,1,81.00,85.613,11.266,375,444342,178.0,93.79,0.08,21.60
56.877,1,81.00,85.613,11.402,375,444342,178.0,93.80,0.08,21.60
56.889,1,81.00,85.613,11.448,375,444342,178.0,93.83,0.08,21.60
56.902,1,81.00,85.613,11.542,375,444342,178.0,93.85,0.09,21.60
56.915,1,81.00,85.613,11.565,375,444522,178.0,93.87,0.09,21.60
56.928,1,81.00,85.613,11.732,378,445002,178.0,93.89,0.09,21.60
56.941,1,81.00,85.613,11.723,378,445002,178.0,93.91,0.09,21.60
56.954,1,81.00,85.613,11.749,379,445618,178.0,93.93,0.09,21.60
56.967,1,81.00,85.613,11.875,379,445618,178.0,93.96,0.10,21.60
56.980,1,81.00,85.613,11.853,379,445618,178.0,93.98,0.10,21.60
56.993,1,87.00,23.194,11.838,380,445726,178.0,94.00,0.10,21.60
57.006,1,87.00,23.194,11.939,380,445674,178.0,94.02,0.10,21.60
57.019,1,87.00,23.194,11.962,380,445674,178.0,94.04,0.11,21.60
57.032,1,87.00,23.194,11.990,380,445674,178.0,94.07,0.11,21.60
57.045,1,87.00,23.194,11.936,381,448020,178.0,94.09,0.11,21.60
57.058,1,87.00,23.194,11.996,381,448020,178.0,94.11,0.11,21.60
57.071,1,87.00,23.194,11.931,380,447752,178.0,94.13,0.12,21.60
57.084,1,87.00,23.194,11.888,379,447484,178.0,94.15,0.12,21.60
57.097,1,87.00,23.194,11.824,379,447484,178.0,94.18,0.12,21.60
57.110,1,87.00,23.194,11.793,379,447484,178.0,94.20,0.12,21.60
57.123,1,87.00,23.194,11.727,379,447484,178.0,94.22,0.13,21.60
57.136,1,87.00,23.194,11.822,379,448088,178.0,94.24,0.13,21.60
57.149,1,87.00,23.194,11.747,378,447812,178.0,94.26,0.13,21.60
57.162,1,87.00,23.194,11.755,377,438012,178.0,94.29,0.14,21.60
57.175,1,87.00,23.194,11.662,376,437832,178.0,94.31,0.14,21.60
57.188,1,87.00,23.194,11.586,374,437556,178.0,94.33,0.14,21.60
57.201,1,87.00,23.194,11.642,374,437556,178.0,94.35,0.15,21.60
57.214,1,87.00,23.194,11.539,373,435204,178.0,94.37,0.15,21.60
57.227,1,87.00,23.194,11.626,372,426076,178.0,94.39,0.15,21.60
57.240,1,87.00,23.194,11.577,372,426020,178.0,94.42,0.16,21.60
57.253,1,87.00,23.194,11.525,372,426020,178.0,94.44,0.16,21.60
57.266,1,87.00,23.194,11.486,372,426020,178.0,94.46,0.16,21.60
57.279,1,87.00,23.194,11.408,372,426020,178.0,94.48,0.16,21.60
57.292,1,87.00,23.194,11.340,372,426020,178.0,94.50,0.17,21.60
57.305,1,87.00,23.194,11.372,371,415156,178.0,94.53,0.17,21.60
57.318,1,87.00,23.194,11.320,371,415156,178.0,94.55,0.17,21.60
57.331,1,87.00,23.194,11.275,371,415156,178.0,94.57,0.18,21.60
57.344,1,87.00,23.194,11.141,369,403700,178.0,94.59,0.18,21.60
57.357,1,87.00,23.194,11.155,368,403476,178.0,94.61,0.18,21.60
57.369,1,87.00,23.194,11.214,368,403476,178.0,94.64,0.19,21.60
57.382,1,87.00,23.194,11.177,369,403512,178.0,94.66,0.19,21.60
57.395,1,87.00,23.194,11.169,368,401160,178.0,94.68,0.19,21.60
57.407,1,87.00,23.194,11.181,367,392032,178.0,94.70,0.20,21.60
57.420,1,87.00,23.194,11.084,366,382456,178.0,94.72,0.20,21.60
57.432,1,87.00,23.194,11.128,367,382840,178.0,94.74,0.20,21.60
57.445,1,87.00,23.194,11.052,366,378136,178.0,94.76,0.21,21.60
57.457,1,87.00,23.194,10.932,366,378136,178.0,94.78,0.21,21.60
57.470,1,87.00,23.194,10.987,366,375956,178.0,94.81,0.21,21.60
57.482,1,87.00,23.194,10.930,359,351108,178.0,94.83,0.22,21.60
57.495,1,87.00,23.194,10.976,358,348868,178.0,94.85,0.22,21.60
57.507,1,87.00,23.194,11.058,358,348868,178.0,94.87,0.22,21.60
57.520,1,87.00,23.194,10.977,358,348868,178.0,94.89,0.23,21.60
57.532,1,87.00,23.194,12.006,357,340356,178.0,94.91,0.23,21.60
57.545,1,87.00,23.194,11.749,357,340356,178.0,94.93,0.23,21.60
57.557,1,87.00,23.194,12.011,358,340412,178.0,94.95,0.23,21.60
57.570,1,87.00,23.194,11.109,358,340412,178.0,94.97,0.24,21.60
57.582,1,87.00,23.194,10.894,358,340412,178.0,95.00,0.24,21.60
57.595,1,87.00,23.194,10.912,358,340412,178.0,95.02,0.24,21.60
57.607,1,87.00,23.194,10.980,358,340412,178.0,95.04,0.24,21.60
57.620,1,87.00,23.194,10.932,358,340412,178.0,95.06,0.25,21.60
57.632,1,87.00,23.194,11.017,358,340412,178.0,95.08,0.25,21.60
57.645,1,87.00,23.194,11.141,358,340412,178.0,95.10,0.25,21.60
57.657,1,87.00,23.194,11.270,357,328876,178.0,95.12,0.25,21.60
57.670,1,87.00,23.194,11.544,356,325796,178.0,95.14,0.26,21.60
57.682,1,87.00,23.194,11.693,356,325796,178.0,95.16,0.26,21.60
57.695,1,87.00,23.194,9.421,357,326132,178.0,95.19,0.26,21.60
57.703,1,87.00,23.194,7.017,358,326164,178.0,95.20,0.26,21.60
57.711,1,87.00,23.194,6.571,358,326164,178.0,95.21,0.27,21.60
57.718,1,87.00,23.194,6.421,358,326164,178.0,95.22,0.27,21.60
57.726,1,87.00,23.194,6.252,358,326164,178.0,95.24,0.27,21.60
57.733,1,87.00,23.194,5.916,358,326164,178.0,95.25,0.27,21.60
57.740,1,87.00,23.194,5.920,358,326164,178.0,95.26,0.27,21.60
57.747,1,87.00,23.194,6.120,358,326164,178.0,95.27,0.27,21.60
57.755,1,87.00,23.194,6.949,358,326164,178.0,95.29,0.27,21.60
57.763,1,87.00,23.194,8.639,358,326164,178.0,95.30,0.27,21.60
57.771,1,87.00,23.194,8.579,358,326164,178.0,95.31,0.28,21.60
57.780,1,87.00,23.194,8.578,358,326164,178.0,95.33,0.28,21.60
57.788,1,87.00,23.194,8.543,357,325984,178.0,95.34,0.28,21.60
57.796,1,87.00,23.194,8.502,357,325984,178.0,95.36,0.28,21.60
57.804,1,87.00,23.194,8.519,357,325984,178.0,95.37,0.28,21.60
57.812,1,87.00,23.194,8.531,357,325984,178.0,95.38,0.28,21.60
57.821,1,87.00,23.194,8.483,357,325984,178.0,95.40,0.28,21.60
57.829,1,87.00,23.194,8.483,356,322904,178.0,95.41,0.28,21.60
57.837,1,87.00,23.194,8.506,356,322904,178.0,95.43,0.29,21.60
57.846,1,87.00,23.194,8.934,356,322904,178.0,95.44,0.29,21.60
57.854,1,87.00,23.194,8.867,356,322904,178.0,95.45,0.29,21.60
57.864,1,87.00,23.194,8.879,355,322064,178.0,95.47,0.29,21.60
57.874,1,87.00,23.194,8.911,355,322064,178.0,95.49,0.29,21.60
57.884,1,87.00,23.194,8.894,355,322064,178.0,95.50,0.29,21.60
57.894,1,87.00,23.194,8.925,356,322652,178.0,95.52,0.29,21.60
57.904,1,87.00,23.194,8.930,356,322652,178.0,95.54,0.30,21.60
57.914,1,87.00,23.194,8.916,356,322652,178.0,95.55,0.30,21.60
57.924,1,87.00,23.194,8.884,356,322652,178.0,95.57,0.30,21.60
57.934,1,87.00,23.194,8.897,356,322652,178.0,95.59,0.30,21.60
57.943,1,87.00,23.194,8.867,355,322472,178.0,95.60,0.30,21.60
57.953,1,87.00,23.194,8.901,354,321632,178.0,95.62,0.30,21.60
57.963,1,87.00,23.194,8.847,354,321632,178.0,95.64,0.30,21.60
57.973,1,87.00,23.194,8.856,354,321632,178.0,95.65,0.31,21.60
57.983,1,87.00,23.194,8.848,354,321632,178.0,95.67,0.31,21.60
57.993,1,89.00,13.110,8.854,354,321632,178.0,95.69,0.31,21.60
58.003,1,89.00,13.110,8.817,354,321632,178.0,95.71,0.31,21.60
58.013,1,89.00,13.110,8.800,354,321632,178.0,95.72,0.31,21.60
58.023,1,89.00,13.110,8.843,354,321632,178.0,95.74,0.31,21.60
58.033,1,89.00,13.110,8.783,355,321692,178.0,95.76,0.31,21.60
58.043,1,89.00,13.110,8.815,355,321692,178.0,95.77,0.31,21.60
58.053,1,89.00,13.110,8.804,355,321692,178.0,95.79,0.32,21.60
58.063,1,89.00,13.110,8.797,355,321692,178.0,95.81,0.32,21.60
58.073,1,89.00,13.110,8.786,355,321692,178.0,95.82,0.32,21.60
58.083,1,89.00,13.110,8.795,355,321692,178.0,95.84,0.32,21.60
58.093,1,89.00,13.110,8.750,355,321692,178.0,95.86,0.32,21.60
58.103,1,89.00,13.110,8.750,352,321236,178.0,95.87,0.32,21.60
58.113,1,89.00,13.110,8.742,352,321236,178.0,95.89,0.32,21.60
58.123,1,89.00,13.110,8.748,352,321236,178.0,95.91,0.33,21.60
58.133,1,89.00,13.110,8.694,352,321236,178.0,95.93,0.33,21.60
58.143,1,89.00,13.110,8.695,353,322004,178.0,95.94,0.33,21.60
58.153,1,89.00,13.110,8.712,353,322004,178.0,95.96,0.33,21.60
58.163,1,89.00,13.110,8.676,354,322056,178.0,95.98,0.33,21.60
58.173,1,89.00,13.110,8.679,353,321948,178.0,95.99,0.33,21.60
58.183,1,89.00,13.110,8.592,352,320108,178.0,96.01,0.34,21.60
58.193,1,89.00,13.110,8.582,352,320108,178.0,96.03,0.34,21.60
58.203,1,89.00,13.110,8.821,351,318268,178.0,96.04,0.34,21.60
58.213,1,89.00,13.110,8.792,351,318268,178.0,96.06,0.34,21.60
58.223,1,89.00,13.110,8.800,352,318274,178.0,96.08,0.34,21.60
58.233,1,89.00,13.110,8.778,352,318274,178.0,96.09,0.34,21.60
58.243,1,89.00,13.110,8.748,348,317578,178.0,96.11,0.35,21.60
58.253,1,89.00,13.110,8.740,345,316618,178.0,96.13,0.35,21.60
58.263,1,89.00,13.110,8.725,345,316618,178.0,96.14,0.35,21.60
58.273,1,89.00,13.110,8.731,345,316618,178.0,96.16,0.35,21.60
58.283,1,89.00,13.110,8.766,342,315658,178.0,96.18,0.35,21.60
58.293,1,89.00,13.110,8.664,341,315550,178.0,96.20,0.35,21.60
58.303,1,89.00,13.110,8.723,341,315550,178.0,96.21,0.36,21.60
58.313,1,89.00,13.110,8.684,341,315550,178.0,96.23,0.36,21.60
58.323,1,89.00,13.110,8.657,340,314542,178.0,96.25,0.36,21.60
58.333,1,89.00,13.110,8.621,340,314542,178.0,96.26,0.36,21.60
58.343,1,89.00,13.110,8.588,340,313834,178.0,96.28,0.36,21.60
58.353,1,89.00,13.110,8.619,340,313834,178.0,96.30,0.37,21.60
58.363,1,89.00,13.110,8.599,340,313834,178.0,96.31,0.37,21.60
58.373,1,89.00,13.110,8.586,340,313834,178.0,96.33,0.37,21.60
58.383,1,89.00,13.110,8.582,340,313834,178.0,96.35,0.37,21.60
58.393,1,89.00,13.110,8.583,340,313834,178.0,96.36,0.38,21.60
58.403,1,89.00,13.110,8.559,340,313834,178.0,96.38,0.38,21.60
58.412,1,89.00,13.110,8.507,340,313834,178.0,96.40,0.38,21.60
58.422,1,89.00,13.110,8.464,340,313834,178.0,96.41,0.38,21.60
58.432,1,89.00,13.110,8.496,340,313834,178.0,96.43,0.38,21.60
58.442,1,89.00,13.110,8.423,340,313834,178.0,96.45,0.39,21.60
58.451,1,89.00,13.110,8.381,340,313834,178.0,96.46,0.39,21.60
58.461,1,89.00,13.110,8.356,340,313834,178.0,96.48,0.39,21.60
58.471,1,89.00,13.110,8.331,338,313594,178.0,96.50,0.39,21.60
58.481,1,89.00,13.110,8.285,338,313594,178.0,96.51,0.40,21.60
58.490,1,89.00,13.110,8.253,338,313594,178.0,96.53,0.40,21.60
58.500,1,89.00,13.110,8.201,338,313594,178.0,96.54,0.40,21.60
58.510,1,89.00,13.110,8.209,338,313594,178.0,96.56,0.40,21.60
58.519,1,89.00,13.110,8.209,338,313594,178.0,96.58,0.41,21.60
58.529,1,89.00,13.110,8.145,338,313594,178.0,96.59,0.41,21.60
58.539,1,89.00,13.110,8.169,338,313594,178.0,96.61,0.41,21.60
58.549,1,89.00,13.110,8.145,337,313314,178.0,96.63,0.41,21.60
58.558,1,89.00,13.110,8.315,335,313194,178.0,96.64,0.42,21.60
58.568,1,89.00,13.110,8.346,335,313194,178.0,96.66,0.42,21.60
58.578,1,89.00,13.110,8.315,335,313194,178.0,96.68,0.42,21.60
58.587,1,89.00,13.110,8.280,335,313194,178.0,96.69,0.42,21.60
58.597,1,89.00,13.110,8.312,335,313194,178.0,96.71,0.42,21.60
58.607,1,89.00,13.110,8.227,335,313194,178.0,96.73,0.43,21.60
58.616,1,89.00,13.110,8.329,334,310374,178.0,96.74,0.43,21.60
58.626,1,89.00,13.110,8.324,334,310374,178.0,96.76,0.43,21.60
58.635,1,89.00,13.110,8.423,334,310374,178.0,96.77,0.43,21.60
58.645,1,89.00,13.110,8.455,334,310374,178.0,96.79,0.44,21.60
58.654,1,89.00,13.110,8.489,334,310374,178.0,96.80,0.44,21.60
58.664,1,89.00,13.110,8.558,334,310374,178.0,96.82,0.44,21.60
58.673,1,89.00,13.110,8.540,334,310374,178.0,96.84,0.44,21.60
58.683,1,89.00,13.110,8.638,333,307554,178.0,96.85,0.45,21.60
58.692,1,89.00,13.110,8.735,333,307554,178.0,96.87,0.45,21.60
58.702,1,89.00,13.110,8.769,334,307770,178.0,96.89,0.45,21.60
58.712,1,89.00,13.110,8.834,332,307650,178.0,96.90,0.45,21.60
58.722,1,89.00,13.110,8.861,332,307650,178.0,96.92,0.46,21.60
58.731,1,89.00,13.110,8.933,332,307650,178.0,96.94,0.46,21.60
58.741,1,89.00,13.110,8.980,332,307650,178.0,96.95,0.46,21.60
58.750,1,89.00,13.110,8.919,332,307650,178.0,96.97,0.46,21.60
58.760,1,89.00,13.110,8.913,332,307650,178.0,96.98,0.47,21.60
58.769,1,89.00,13.110,8.950,332,307650,178.0,97.00,0.47,21.60
58.779,1,89.00,13.110,8.948,332,307650,178.0,97.02,0.47,21.60
58.788,1,89.00,13.110,9.006,332,307650,178.0,97.03,0.47,21.60
58.798,1,89.00,13.110,8.968,332,307650,178.0,97.05,0.47,21.60
58.807,1,89.00,13.110,9.005,332,307654,178.0,97.06,0.48,21.60
58.817,1,89.00,13.110,8.935,332,307654,178.0,97.08,0.48,21.60
58.826,1,89.00,13.110,9.010,332,307654,178.0,97.10,0.48,21.60
58.836,1,89.00,13.110,8.950,332,307654,178.0,97.11,0.48,21.60
58.845,1,89.00,13.110,9.004,332,307706,178.0,97.13,0.49,21.60
58.855,1,89.00,13.110,8.976,333,307886,178.0,97.14,0.49,21.60
58.864,1,89.00,13.110,9.016,333,307886,178.0,97.16,0.49,21.60
58.874,1,89.00,13.110,9.103,333,307886,178.0,97.18,0.49,21.60
58.883,1,89.00,13.110,9.069,333,307886,178.0,97.19,0.49,21.60
58.893,1,89.00,13.110,9.037,333,307886,178.0,97.21,0.50,21.59
58.903,1,89.00,13.110,9.008,333,307886,178.0,97.22,0.50,21.58
58.912,1,89.00,13.110,8.302,333,307886,178.0,97.23,0.50,21.57
58.922,1,89.00,13.110,8.225,333,307886,178.0,97.24,0.50,21.56
58.931,1,89.00,13.110,8.236,333,307886,178.0,97.25,0.50,21.55
58.941,1,89.00,13.110,8.273,333,307886,178.0,97.26,0.50,21.54
58.950,1,89.00,13.110,8.259,333,307886,178.0,97.27,0.50,21.53
58.960,1,89.00,13.110,8.216,333,307886,178.0,97.29,0.51,21.51
58.969,1,89.00,13.110,8.210,333,307886,178.0,97.30,0.51,21.50
58.979,1,89.00,13.110,8.218,333,307886,178.0,97.31,0.51,21.49
58.988,1,89.00,13.110,8.147,333,307886,178.0,97.32,0.51,21.48
58.998,1,89.00,13.110,8.178,333,307886,178.0,97.33,0.51,21.47
59.007,1,104.00,10.274,8.151,333,307886,178.0,97.34,0.51,21.46
59.017,1,104.00,10.274,8.097,333,307890,178.0,97.35,0.51,21.45
59.026,1,104.00,10.274,8.103,333,307890,178.0,97.37,0.51,21.43
59.036,1,104.00,10.274,8.072,333,307890,178.0,97.38,0.51,21.42
59.046,1,104.00,10.274,8.118,333,307890,178.0,97.39,0.52,21.41
59.055,1,104.00,10.274,8.044,333,307890,178.0,97.40,0.52,21.40
59.065,1,104.00,10.274,8.053,333,307890,178.0,97.41,0.52,21.39
59.074,1,104.00,10.274,7.981,333,307890,178.0,97.42,0.52,21.38
59.084,1,104.00,10.274,7.973,333,307890,178.0,97.43,0.52,21.37
59.093,1,104.00,10.274,7.974,333,307890,178.0,97.45,0.52,21.35
59.102,1,104.00,10.274,7.976,333,307890,178.0,97.46,0.52,21.34
59.110,1,104.00,10.274,7.927,333,307890,178.0,97.47,0.52,21.33
59.119,1,104.00,10.274,7.827,333,307890,178.0,97.48,0.52,21.32
59.128,1,104.00,10.274,7.814,333,307890,178.0,97.49,0.52,21.31
59.137,1,104.00,10.274,7.745,333,307890,178.0,97.50,0.52,21.30
59.145,1,104.00,10.274,7.766,333,307890,178.0,97.51,0.53,21.29
59.154,1,104.00,10.274,7.817,333,307890,178.0,97.52,0.53,21.28
59.163,1,104.00,10.274,7.776,333,307890,178.0,97.53,0.53,21.27
59.172,1,104.00,10.274,7.833,333,307890,178.0,97.54,0.53,21.26
59.180,1,104.00,10.274,7.821,333,307890,178.0,97.55,0.53,21.25
59.188,1,104.00,10.274,7.859,333,307890,178.0,97.56,0.53,21.24
59.197,1,104.00,10.274,7.881,333,307890,178.0,97.57,0.53,21.23
59.205,1,104.00,10.274,7.965,333,307890,178.0,97.58,0.53,21.22
59.213,1,104.00,10.274,7.994,334,307998,178.0,97.59,0.53,21.21
59.222,1,104.00,10.274,8.045,334,307998,178.0,97.60,0.53,21.20
59.230,1,104.00,10.274,8.032,334,307998,178.0,97.61,0.53,21.19
59.238,1,104.00,10.274,8.124,334,307998,178.0,97.62,0.53,21.18
59.247,1,104.00,10.274,8.168,334,307998,178.0,97.63,0.53,21.17
59.255,1,104.00,10.274,8.240,334,307998,178.0,97.64,0.53,21.16
59.263,1,104.00,10.274,8.253,334,307998,178.0,97.65,0.54,21.15
59.272,1,104.00,10.274,8.262,334,307998,178.0,97.66,0.54,21.14
59.280,1,104.00,10.274,8.310,334,307998,178.0,97.67,0.54,21.13
59.289,1,104.00,10.274,8.403,333,307878,178.0,97.68,0.54,21.12
59.299,1,104.00,10.274,8.457,333,307878,178.0,97.69,0.54,21.11
59.308,1,104.00,10.274,8.468,333,307878,178.0,97.70,0.54,21.10
59.317,1,104.00,10.274,8.526,333,307878,178.0,97.71,0.54,21.09
59.326,1,104.00,10.274,8.616,333,307878,178.0,97.73,0.54,21.07
59.335,1,104.00,10.274,8.606,333,307878,178.0,97.74,0.54,21.06
59.345,1,104.00,10.274,8.700,333,307878,178.0,97.75,0.54,21.05
59.354,1,104.00,10.274,8.727,333,307878,178.0,97.76,0.54,21.04
59.363,1,104.00,10.274,8.738,333,307878,178.0,97.77,0.54,21.03
59.372,1,104.00,10.274,8.749,334,308214,178.0,97.78,0.54,21.02
59.381,1,104.00,10.274,8.685,334,308214,178.0,97.79,0.55,21.01
59.390,1,104.00,10.274,8.803,333,308094,178.0,97.80,0.55,21.00
59.399,1,104.00,10.274,8.759,331,308022,178.0,97.82,0.55,21.00
59.408,1,104.00,10.274,8.805,331,308022,178.0,97.83,0.55,21.00
59.417,1,104.00,10.274,8.794,330,307902,178.0,97.85,0.55,21.00
59.426,1,104.00,10.274,8.962,330,307902,178.0,97.86,0.55,21.00
59.436,1,104.00,10.274,8.890,330,307902,178.0,97.88,0.55,21.00
59.446,1,104.00,10.274,8.971,330,307902,178.0,97.90,0.55,21.00
59.456,1,104.00,10.274,9.014,330,307902,178.0,97.91,0.56,21.00
59.465,1,104.00,10.274,8.946,330,307902,178.0,97.93,0.56,21.00
59.475,1,104.00,10.274,8.954,330,307902,178.0,97.95,0.56,21.00
59.485,1,104.00,10.274,8.957,330,307902,178.0,97.96,0.56,21.00
59.495,1,104.00,10.274,8.990,330,307902,178.0,97.98,0.56,21.00
59.505,1,104.00,10.274,8.914,330,307902,178.0,98.00,0.56,21.00
59.515,1,104.00,10.274,9.020,330,307902,178.0,98.01,0.57,21.00
59.525,1,104.00,10.274,8.998,331,315798,178.0,98.03,0.57,21.00
59.535,1,104.00,10.274,8.985,332,324086,178.0,98.05,0.57,21.00
59.545,1,104.00,10.274,9.034,335,345702,178.0,98.06,0.57,21.00
59.555,1,104.00,10.274,9.025,337,360150,178.0,98.08,0.57,21.00
59.565,1,104.00,10.274,9.102,337,360150,178.0,98.10,0.58,21.00
59.575,1,104.00,10.274,9.047,338,361588,178.0,98.11,0.58,21.00
59.585,1,104.00,10.274,9.068,339,367468,178.0,98.13,0.58,21.00
59.595,1,104.00,10.274,9.025,339,367468,178.0,98.15,0.58,21.00
59.605,1,104.00,10.274,9.044,339,374900,178.0,98.17,0.58,21.00
59.615,1,104.00,10.274,9.051,339,374900,178.0,98.18,0.59,21.00
59.625,1,104.00,10.274,9.098,339,374900,178.0,98.20,0.59,21.00
59.635,1,104.00,10.274,9.109,340,376304,178.0,98.22,0.59,21.00
59.645,1,104.00,10.274,9.141,340,376304,178.0,98.23,0.59,21.00
59.655,1,104.00,10.274,9.129,340,376304,178.0,98.25,0.59,21.00
59.665,1,104.00,10.274,9.128,340,376304,178.0,98.27,0.60,21.00
59.675,1,104.00,10.274,9.140,340,376304,178.0,98.28,0.60,21.00
59.685,1,104.00,10.274,9.273,340,376304,178.0,98.30,0.60,21.00
59.696,1,104.00,10.274,9.194,340,376304,178.0,98.32,0.60,21.00
59.706,1,104.00,10.274,9.210,340,376304,178.0,98.34,0.60,21.00
59.716,1,104.00,10.274,9.182,340,376304,178.0,98.35,0.61,21.00
59.727,1,104.00,10.274,9.306,340,376304,178.0,98.37,0.61,21.00
59.737,1,104.00,10.274,9.242,340,376304,178.0,98.39,0.61,21.00
59.747,1,104.00,10.274,9.247,340,376304,178.0,98.41,0.61,21.00
59.758,1,104.00,10.274,9.240,338,381134,178.0,98.42,0.62,21.00
59.768,1,104.00,10.274,9.396,338,381134,178.0,98.44,0.62,21.00
59.779,1,104.00,10.274,9.451,338,381134,178.0,98.46,0.62,21.00
59.789,1,104.00,10.274,9.428,338,381134,178.0,98.48,0.62,21.00
59.800,1,104.00,10.274,9.433,339,382534,178.0,98.49,0.63,21.00
59.810,1,104.00,10.274,9.439,339,382534,178.0,98.51,0.63,21.00
59.820,1,104.00,10.274,9.345,339,382534,178.0,98.53,0.63,21.00
59.831,1,104.00,10.274,9.412,339,382534,178.0,98.55,0.64,21.00
59.841,1,104.00,10.274,9.355,339,382534,178.0,98.56,0.64,21.00
59.852,1,104.00,10.274,9.331,340,382590,178.0,98.58,0.64,21.00
59.862,1,104.00,10.274,9.340,339,382446,178.0,98.60,0.64,21.00
59.872,1,104.00,10.274,9.373,339,382446,178.0,98.62,0.65,21.00
59.883,1,104.00,10.274,9.324,339,382446,178.0,98.63,0.65,21.00
59.893,1,104.00,10.274,9.261,339,382446,178.0,98.65,0.65,21.00
59.904,1,104.00,10.274,9.158,339,382446,178.0,98.67,0.65,21.00
59.914,1,104.00,10.274,9.217,339,382446,178.0,98.69,0.66,21.00
59.925,1,104.00,10.274,9.203,341,385326,178.0,98.70,0.66,21.00
59.935,1,104.00,10.274,9.150,341,385326,178.0,98.72,0.66,21.00
59.945,1,104.00,10.274,9.122,341,385326,178.0,98.74,0.66,21.00
59.956,1,104.00,10.274,9.146,341,385326,178.0,98.76,0.67,21.00
59.966,1,104.00,10.274,9.088,341,385326,178.0,98.78,0.67,21.00
59.977,1,104.00,10.274,9.014,342,386894,178.0,98.79,0.67,21.00
59.987,1,104.00,10.274,8.997,342,386894,178.0,98.81,0.67,21.00
59.997,1,103.00,10.421,8.993,342,386750,178.0,98.83,0.68,21.00
60.008,1,103.00,10.421,8.918,342,386750,178.0,98.85,0.68,21.00
60.018,1,103.00,10.421,8.858,342,386750,178.0,98.86,0.68,21.00
60.029,1,103.00,10.421,8.818,343,386918,178.0,98.88,0.69,21.00
60.039,1,103.00,10.421,8.754,343,386918,178.0,98.90,0.69,21.00
60.049,1,103.00,10.421,8.832,344,387074,178.0,98.92,0.69,21.00
60.059,1,103.00,10.421,8.815,344,387074,178.0,98.93,0.69,21.00
60.069,1,103.00,10.421,8.797,344,387074,178.0,98.95,0.69,21.00
60.079,1,103.00,10.421,8.875,345,388250,178.0,98.97,0.70,21.00
60.089,1,103.00,10.421,8.832,345,388250,178.0,98.98,0.70,21.00
60.099,1,103.00,10.421,8.945,345,388250,178.0,99.00,0.70,21.00
60.109,1,103.00,10.421,8.979,345,388250,178.0,99.02,0.70,21.00
60.119,1,103.00,10.421,8.950,341,387828,178.0,99.03,0.71,21.00
60.129,1,103.00,10.421,8.903,342,387996,178.0,99.05,0.71,21.00
60.139,1,103.00,10.421,8.834,343,388256,178.0,99.07,0.71,21.00
60.149,1,103.00,10.421,8.948,345,388848,178.0,99.08,0.71,21.00
60.159,1,103.00,10.421,8.990,346,391088,178.0,99.10,0.72,21.00
60.169,1,103.00,10.421,9.004,346,391088,178.0,99.12,0.72,21.00
60.179,1,103.00,10.421,9.062,346,391088,178.0,99.13,0.72,21.00
60.189,1,103.00,10.421,9.025,346,391088,178.0,99.15,0.72,21.00
60.199,1,103.00,10.421,9.111,346,391088,178.0,99.17,0.72,21.00
60.209,1,103.00,10.421,9.114,346,391088,178.0,99.19,0.73,21.00
60.219,1,103.00,10.421,9.116,346,391088,178.0,99.20,0.73,21.00
60.229,1,103.00,10.421,9.042,346,391088,178.0,99.22,0.73,21.00
60.239,1,103.00,10.421,9.004,350,391192,178.0,99.24,0.73,21.00
60.249,1,103.00,10.421,9.086,350,391192,178.0,99.25,0.73,21.00
60.259,1,103.00,10.421,9.092,350,391192,178.0,99.27,0.73,21.00
60.269,1,103.00,10.421,9.071,350,391192,178.0,99.29,0.74,21.00
60.279,1,103.00,10.421,9.145,350,391192,178.0,99.30,0.74,21.00
60.289,1,103.00,10.421,9.119,350,391192,178.0,99.32,0.74,21.00
60.299,1,103.00,10.421,9.193,350,391192,178.0,99.34,0.74,21.00
60.309,1,103.00,10.421,9.237,350,391192,178.0,99.35,0.74,21.00
60.319,1,103.00,10.421,9.217,350,391192,178.0,99.37,0.75,21.00
60.329,1,103.00,10.421,9.305,350,391192,178.0,99.39,0.75,21.00
60.339,1,103.00,10.421,9.306,350,391192,178.0,99.40,0.75,21.00
60.349,1,103.00,10.421,9.445,350,391192,178.0,99.42,0.75,21.00
60.359,1,103.00,10.421,9.503,350,391192,178.0,99.44,0.75,21.00
60.370,1,103.00,10.421,9.516,351,391336,178.0,99.46,0.75,21.00
60.380,1,103.00,10.421,9.682,351,391336,178.0,99.47,0.75,21.00
60.390,1,103.00,10.421,9.674,351,391336,178.0,99.49,0.76,21.00
60.401,1,103.00,10.421,9.856,351,391336,178.0,99.51,0.76,21.00
60.411,1,103.00,10.421,9.888,351,391336,178.0,99.53,0.76,21.00
60.422,1,103.00,10.421,9.947,351,391336,178.0,99.54,0.76,21.00
60.432,1,103.00,10.421,10.099,352,391416,178.0,99.56,0.76,21.00
60.442,1,103.00,10.421,10.177,352,391420,178.0,99.58,0.76,21.00
60.453,1,103.00,10.421,10.219,352,391420,178.0,99.60,0.77,21.00
60.463,1,103.00,10.421,10.373,352,391420,178.0,99.61,0.77,20.99
60.474,1,103.00,10.421,10.478,334,386954,178.0,99.62,0.77,20.98
60.484,1,103.00,10.421,9.244,334,386954,178.0,99.64,0.77,20.96
60.495,1,103.00,10.421,9.370,339,389846,178.0,99.65,0.77,20.95
60.505,1,103.00,10.421,9.413,339,389846,178.0,99.66,0.77,20.94
60.515,1,103.00,10.421,9.573,338,389790,178.0,99.67,0.77,20.93
60.526,1,103.00,10.421,9.747,339,389910,178.0,99.69,0.77,20.91
60.536,1,103.00,10.421,9.794,339,390070,178.0,99.70,0.77,20.90
60.547,1,103.00,10.421,10.025,339,390118,178.0,99.71,0.77,20.89
60.557,1,103.00,10.421,10.065,339,390122,178.0,99.72,0.77,20.88
60.567,1,103.00,10.421,10.264,338,389786,178.0,99.74,0.77,20.86
60.578,1,103.00,10.421,10.431,338,389786,178.0,99.75,0.78,20.85
60.589,1,103.00,10.421,10.542,340,391478,178.0,99.76,0.78,20.84
60.601,1,103.00,10.421,10.759,340,392150,178.0,99.78,0.78,20.82
60.613,1,103.00,10.421,10.927,340,392150,178.0,99.79,0.78,20.81
60.625,1,103.00,10.421,11.008,339,391814,178.0,99.80,0.78,20.80
60.637,1,103.00,10.421,11.292,335,390782,178.0,99.82,0.78,20.78
60.650,1,103.00,10.421,11.480,336,392126,178.0,99.83,0.78,20.77
60.662,1,103.00,10.421,11.677,336,390410,178.0,99.85,0.78,20.75
60.675,1,103.00,10.421,11.860,335,390354,178.0,99.86,0.78,20.74
60.688,1,103.00,10.421,12.072,336,391530,178.0,99.88,0.79,20.72
60.702,1,103.00,10.421,12.257,334,391410,178.0,99.90,0.79,20.70
60.715,1,103.00,10.421,12.494,334,391410,178.0,99.91,0.79,20.69
60.729,1,103.00,10.421,12.639,333,391242,178.0,99.93,0.79,20.67
60.743,1,103.00,10.421,12.925,330,390762,178.0,99.94,0.79,20.66
60.757,1,103.00,10.421,13.061,330,390762,178.0,99.96,0.79,20.64
60.771,1,103.00,10.421,13.093,325,389730,178.0,99.98,0.79,20.62
60.785,1,103.00,10.421,13.125,321,388950,178.0,100.00,0.80,20.60
60.799,1,103.00,10.421,13.140,320,388806,178.0,100.01,0.80,20.59
60.813,1,103.00,10.421,13.092,313,388186,178.0,100.03,0.80,20.57
60.827,1,103.00,10.421,13.104,312,387926,178.0,100.05,0.80,20.55
60.841,1,103.00,10.421,13.077,312,387926,178.0,100.06,0.80,20.54
60.855,1,103.00,10.421,13.103,312,387926,178.0,100.08,0.80,20.52
60.869,1,103.00,10.421,13.071,305,386724,178.0,100.10,0.81,20.50
60.884,1,103.00,10.421,13.048,303,385860,178.0,100.11,0.81,20.49
60.898,1,103.00,10.421,12.952,298,384780,178.0,100.13,0.81,20.47
60.912,1,103.00,10.421,13.031,296,383796,178.0,100.15,0.81,20.45
60.926,1,103.00,10.421,12.999,294,383372,178.0,100.17,0.81,20.43
60.941,1,103.00,10.421,13.025,291,380732,178.0,100.18,0.82,20.42
60.955,1,103.00,10.421,13.091,283,376652,178.0,100.20,0.82,20.40
60.969,1,103.00,10.421,13.081,278,360052,178.0,100.22,0.82,20.40
60.984,1,103.00,10.421,13.059,305,386724,178.0,100.25,0.82,20.40
60.998,1,88.00,14.203,12.999,305,386724,178.0,100.27,0.82,20.40
61.012,1,88.00,14.203,13.127,305,386720,178.0,100.30,0.82,20.40
61.026,1,88.00,14.203,13.195,305,386720,178.0,100.32,0.82,20.40
61.041,1,88.00,14.203,13.191,305,386720,178.0,100.34,0.82,20.40
61.055,1,88.00,14.203,13.210,305,386720,178.0,100.37,0.82,20.40
61.069,1,88.00,14.203,13.179,303,386276,178.0,100.39,0.82,20.40
61.084,1,88.00,14.203,13.151,299,385160,178.0,100.42,0.82,20.40
61.098,1,88.00,14.203,13.187,299,385160,178.0,100.44,0.82,20.40
61.112,1,88.00,14.203,13.204,297,384728,178.0,100.47,0.83,20.40
61.126,1,88.00,14.203,13.256,297,384728,178.0,100.49,0.83,20.40
61.141,1,88.00,14.203,13.209,296,384608,178.0,100.51,0.83,20.40
61.155,1,88.00,14.203,13.259,296,384608,178.0,100.54,0.83,20.40
61.169,1,88.00,14.203,13.225,296,384416,178.0,100.56,0.83,20.40
61.184,1,88.00,14.203,13.173,295,383744,178.0,100.59,0.83,20.40
61.198,1,88.00,14.203,13.137,295,383744,178.0,100.61,0.83,20.40
61.212,1,88.00,14.203,13.186,295,383744,178.0,100.64,0.83,20.40
61.226,1,88.00,14.203,13.247,295,383744,178.0,100.66,0.83,20.40
61.241,1,88.00,14.203,13.338,295,383692,178.0,100.68,0.83,20.40
61.255,1,88.00,14.203,13.318,294,383548,178.0,100.71,0.83,20.40
61.269,1,88.00,14.203,13.242,294,383548,178.0,100.73,0.83,20.40
61.284,1,88.00,14.203,13.280,293,383268,178.0,100.76,0.83,20.40
61.298,1,88.00,14.203,13.278,291,381972,178.0,100.78,0.83,20.40
61.312,1,88.00,14.203,13.337,291,381972,178.0,100.81,0.84,20.40
61.326,1,88.00,14.203,13.361,313,388350,178.0,100.83,0.84,20.40
61.341,1,88.00,14.203,13.347,313,388350,178.0,100.85,0.84,20.40
61.355,1,88.00,14.203,13.303,313,388350,178.0,100.88,0.84,20.40
61.369,1,88.00,14.203,13.338,313,388350,178.0,100.90,0.84,20.40
61.384,1,88.00,14.203,13.358,314,388422,178.0,100.93,0.84,20.40
61.398,1,88.00,14.203,13.339,312,388266,178.0,100.95,0.84,20.40
61.412,1,88.00,14.203,13.380,312,388266,178.0,100.98,0.84,20.40
61.426,1,88.00,14.203,13.431,312,388318,178.0,101.00,0.84,20.40
61.441,1,88.00,14.203,13.378,311,388270,178.0,101.02,0.84,20.40
61.455,1,88.00,14.203,13.360,310,388264,178.0,101.05,0.84,20.40
61.469,1,88.00,14.203,13.460,311,388384,178.0,101.07,0.84,20.40
61.484,1,88.00,14.203,13.399,311,388384,178.0,101.10,0.84,20.40
61.498,1,88.00,14.203,13.382,311,388384,178.0,101.12,0.84,20.40
61.512,1,88.00,14.203,13.448,311,388384,178.0,101.15,0.84,20.40
61.526,1,88.00,14.203,13.420,311,388384,178.0,101.17,0.84,20.40
61.541,1,88.00,14.203,13.554,311,388384,178.0,101.19,0.84,20.40
61.555,1,88.00,14.203,13.589,308,387988,178.0,101.22,0.84,20.40
61.569,1,88.00,14.203,13.566,306,387052,178.0,101.24,0.84,20.40
61.584,1,88.00,14.203,13.504,308,387736,178.0,101.27,0.84,20.40
61.598,1,88.00,14.203,13.449,308,387736,178.0,101.29,0.84,20.40
61.612,1,88.00,14.203,13.463,307,387680,178.0,101.32,0.84,20.40
61.626,1,88.00,14.203,13.478,307,387680,178.0,101.34,0.84,20.40
61.641,1,88.00,14.203,13.462,306,387400,178.0,101.36,0.84,20.40
61.655,1,88.00,14.203,13.492,305,387232,178.0,101.39,0.83,20.40
61.669,1,88.00,14.203,13.488,304,386848,178.0,101.41,0.83,20.40
61.684,1,88.00,14.203,13.534,322,389962,178.0,101.44,0.83,20.40
61.698,1,88.00,14.203,13.370,322,389962,178.0,101.46,0.83,20.40
61.712,1,88.00,14.203,13.378,322,389962,178.0,101.49,0.83,20.40
61.726,1,88.00,14.203,13.475,320,389698,178.0,101.51,0.83,20.40
61.741,1,88.00,14.203,13.512,319,389482,178.0,101.53,0.83,20.40
61.755,1,88.00,14.203,13.526,319,389482,178.0,101.56,0.83,20.40
61.769,1,88.00,14.203,13.513,319,389482,178.0,101.58,0.83,20.40
61.784,1,88.00,14.203,13.485,319,389482,178.0,101.61,0.83,20.40
61.798,1,88.00,14.203,13.445,319,389482,178.0,101.63,0.83,20.40
61.812,1,88.00,14.203,13.434,319,389482,178.0,101.66,0.83,20.40
61.826,1,88.00,14.203,8.404,319,389482,178.0,101.68,0.82,20.40
61.840,1,88.00,14.203,8.487,319,389478,178.0,101.70,0.82,20.40
61.854,1,88.00,14.203,8.493,320,389622,178.0,101.73,0.82,20.40
61.864,1,88.00,14.203,8.492,320,389622,178.0,101.75,0.82,20.40
61.874,1,88.00,14.203,8.667,320,389622,178.0,101.76,0.82,20.40
61.884,1,88.00,14.203,8.580,320,389622,178.0,101.78,0.82,20.40
61.893,1,88.00,14.203,8.673,320,389622,178.0,101.79,0.82,20.40
61.903,1,88.00,14.203,8.685,320,389622,178.0,101.81,0.82,20.40
61.913,1,88.00,14.203,8.756,320,389622,178.0,101.83,0.82,20.40
61.922,1,88.00,14.203,8.750,320,389622,178.0,101.84,0.82,20.40
61.932,1,88.00,14.203,8.885,317,388902,178.0,101.86,0.82,20.40
61.942,1,88.00,14.203,8.826,317,388902,178.0,101.88,0.82,20.40
61.952,1,88.00,14.203,8.878,317,388902,178.0,101.89,0.82,20.40
61.962,1,88.00,14.203,8.968,317,388902,178.0,101.91,0.82,20.40
61.972,1,88.00,14.203,8.972,317,388902,178.0,101.93,0.82,20.40
61.982,1,88.00,14.203,9.072,316,388850,178.0,101.94,0.82,20.40
61.991,1,88.00,14.203,9.103,316,388850,178.0,101.96,0.81,20.40
62.001,1,88.00,14.203,9.116,316,388850,178.0,101.98,0.81,20.40
62.011,1,76.00,14.753,9.182,316,388850,178.0,101.99,0.81,20.40
62.020,1,76.00,14.753,9.233,313,388310,178.0,102.01,0.81,20.41
62.030,1,76.00,14.753,9.243,331,391194,178.0,102.02,0.81,20.42
62.040,1,76.00,14.753,9.120,332,391266,178.0,102.03,0.81,20.43
62.049,1,76.00,14.753,9.159,333,391314,178.0,102.04,0.81,20.44
62.059,1,76.00,14.753,9.153,336,392274,178.0,102.05,0.81,20.45
62.069,1,76.00,14.753,9.194,336,392274,178.0,102.07,0.81,20.47
62.078,1,76.00,14.753,9.235,336,392274,178.0,102.08,0.81,20.48
62.088,1,76.00,14.753,9.224,336,392274,178.0,102.09,0.81,20.49
62.098,1,76.00,14.753,9.241,336,392274,178.0,102.10,0.81,20.50
62.107,1,76.00,14.753,9.272,336,392274,178.0,102.11,0.81,20.51
62.117,1,76.00,14.753,9.254,336,392274,178.0,102.12,0.81,20.52
62.127,1,76.00,14.753,9.295,337,392330,178.0,102.14,0.81,20.54
62.137,1,76.00,14.753,9.265,336,392234,178.0,102.15,0.81,20.55
62.147,1,76.00,14.753,9.305,337,394094,178.0,102.16,0.81,20.56
62.157,1,76.00,14.753,9.231,337,394094,178.0,102.17,0.81,20.57
62.167,1,76.00,14.753,9.305,337,394094,178.0,102.18,0.81,20.58
62.177,1,76.00,14.753,9.296,336,393926,178.0,102.20,0.81,20.60
62.187,1,76.00,14.753,9.340,333,392966,178.0,102.21,0.81,20.61
62.197,1,76.00,14.753,9.300,334,393302,178.0,102.22,0.81,20.62
62.207,1,76.00,14.753,9.394,334,393302,178.0,102.23,0.81,20.63
62.217,1,76.00,14.753,9.405,334,393326,178.0,102.24,0.81,20.64
62.227,1,76.00,14.753,9.354,334,392918,178.0,102.26,0.81,20.66
62.237,1,76.00,14.753,9.332,334,392918,178.0,102.27,0.81,20.67
62.247,1,76.00,14.753,9.334,334,392918,178.0,102.28,0.81,20.68
62.257,1,76.00,14.753,9.358,335,393254,178.0,102.29,0.81,20.69
62.267,1,76.00,14.753,9.405,335,393254,178.0,102.30,0.81,20.70
62.277,1,76.00,14.753,9.342,336,393362,178.0,102.32,0.81,20.72
62.287,1,76.00,14.753,9.363,337,393418,178.0,102.33,0.81,20.73
62.297,1,76.00,14.753,9.381,336,386698,178.0,102.34,0.81,20.74
62.307,1,76.00,14.753,9.375,336,386698,178.0,102.35,0.82,20.75
62.317,1,76.00,14.753,9.398,336,386610,178.0,102.36,0.82,20.76
62.327,1,76.00,14.753,9.452,337,386622,178.0,102.38,0.82,20.78
62.337,1,76.00,14.753,9.493,334,384594,178.0,102.39,0.82,20.79
62.347,1,76.00,14.753,9.413,333,377762,178.0,102.40,0.82,20.80
62.357,1,76.00,14.753,9.395,333,377762,178.0,102.41,0.82,20.81
62.367,1,76.00,14.753,9.453,332,371658,178.0,102.42,0.82,20.82
62.377,1,76.00,14.753,9.392,332,371658,178.0,102.44,0.82,20.84
62.387,1,76.00,14.753,9.419,330,370650,178.0,102.45,0.82,20.85
62.397,1,76.00,14.753,9.355,330,370650,178.0,102.46,0.82,20.86
62.408,1,76.00,14.753,9.452,330,370650,178.0,102.47,0.82,20.87
62.418,1,76.00,14.753,9.411,330,370650,178.0,102.49,0.82,20.89
62.429,1,76.00,14.753,9.383,331,370794,178.0,102.50,0.82,20.90
62.439,1,76.00,14.753,9.373,332,370914,178.0,102.51,0.82,20.91
62.449,1,76.00,14.753,9.372,332,370914,178.0,102.52,0.82,20.92
62.460,1,76.00,14.753,9.281,332,370914,178.0,102.54,0.82,20.94
62.470,1,76.00,14.753,9.288,330,362110,178.0,102.55,0.82,20.95
62.481,1,76.00,14.753,9.267,331,362162,178.0,102.56,0.82,20.96
62.491,1,76.00,14.753,9.240,331,362162,178.0,102.57,0.82,20.97
62.501,1,76.00,14.753,9.244,331,353370,178.0,102.59,0.83,20.99
62.512,1,76.00,14.753,9.177,332,353470,178.0,102.60,0.83,21.00
62.522,1,76.00,14.753,9.244,332,353470,178.0,102.61,0.83,21.00
62.533,1,76.00,14.753,9.248,331,351662,178.0,102.63,0.83,21.00
62.543,1,76.00,14.753,9.213,332,351718,178.0,102.65,0.83,21.00
62.553,1,76.00,14.753,9.285,330,341806,178.0,102.67,0.83,21.00
62.564,1,76.00,14.753,9.312,332,341862,178.0,102.69,0.83,21.00
62.574,1,76.00,14.753,9.355,332,341862,178.0,102.70,0.83,21.00
62.585,1,76.00,14.753,9.395,332,341862,178.0,102.72,0.83,21.00
62.595,1,76.00,14.753,9.457,332,341862,178.0,102.74,0.83,21.00
62.606,1,76.00,14.753,9.548,332,334930,178.0,102.76,0.83,21.00
62.616,1,76.00,14.753,9.520,329,334374,178.0,102.77,0.83,21.00
62.626,1,76.00,14.753,9.672,328,326086,178.0,102.79,0.83,21.00
62.637,1,76.00,14.753,9.749,325,317622,178.0,102.81,0.83,21.00
62.647,1,76.00,14.753,9.834,325,315158,178.0,102.83,0.83,21.00
62.658,1,76.00,14.753,9.873,325,315158,178.0,102.85,0.83,21.00
62.668,1,76.00,14.753,9.877,325,315158,178.0,102.86,0.83,21.00
62.679,1,76.00,14.753,9.960,326,315326,178.0,102.88,0.83,21.00
62.690,1,76.00,14.753,10.013,324,313310,178.0,102.90,0.83,21.00
62.702,1,76.00,14.753,10.033,324,313226,178.0,102.92,0.83,21.00
62.713,1,76.00,14.753,10.090,323,305722,178.0,102.94,0.83,21.00
62.724,1,76.00,14.753,10.023,324,307066,178.0,102.96,0.83,21.00
62.735,1,76.00,14.753,10.027,325,307738,178.0,102.98,0.83,21.00
62.746,1,76.00,14.753,9.943,325,307738,178.0,103.00,0.83,21.00
62.757,1,76.00,14.753,9.984,325,307734,178.0,103.01,0.83,21.00
62.768,1,76.00,14.753,9.964,325,307734,178.0,103.03,0.83,21.00
62.779,1,76.00,14.753,9.877,326,313558,178.0,103.05,0.83,21.00
62.790,1,76.00,14.753,9.918,325,313446,178.0,103.07,0.83,21.00
62.801,1,76.00,14.753,9.888,329,319838,178.0,103.09,0.83,21.00
62.812,1,76.00,14.753,9.893,327,314910,178.0,103.11,0.83,21.00
62.824,1,76.00,14.753,9.864,327,314910,178.0,103.13,0.83,21.00
62.835,1,76.00,14.753,9.848,328,315526,178.0,103.15,0.83,21.00
62.846,1,76.00,14.753,9.788,329,315862,178.0,103.16,0.83,21.00
62.857,1,76.00,14.753,9.814,328,305238,178.0,103.18,0.83,21.00
62.868,1,76.00,14.753,9.756,328,305238,178.0,103.20,0.83,21.00
62.879,1,76.00,14.753,9.717,327,305070,178.0,103.22,0.83,21.00
62.890,1,76.00,14.753,9.689,327,305070,178.0,103.24,0.83,21.00
62.901,1,76.00,14.753,9.639,328,305462,178.0,103.26,0.83,21.00
62.912,1,76.00,14.753,9.556,330,305822,178.0,103.28,0.83,21.00
62.924,1,76.00,14.753,9.605,331,305870,178.0,103.30,0.83,21.00
62.935,1,76.00,14.753,9.605,331,305870,178.0,103.32,0.83,21.00
62.946,1,76.00,14.753,9.528,331,305870,178.0,103.33,0.83,21.00
62.957,1,76.00,14.753,9.541,332,306038,178.0,103.35,0.83,21.00
62.968,1,76.00,14.753,9.445,332,306038,178.0,103.37,0.83,21.00
62.979,1,76.00,14.753,9.440,332,306038,178.0,103.39,0.83,21.00
62.990,1,76.00,14.753,9.411,331,303630,178.0,103.41,0.82,21.00
63.001,1,95.00,11.101,9.499,331,303630,178.0,103.43,0.82,21.00
63.012,1,95.00,11.101,9.373,331,303630,178.0,103.45,0.82,21.00
63.023,1,95.00,11.101,9.338,331,303630,178.0,103.47,0.82,21.00
63.034,1,95.00,11.101,9.317,331,303630,178.0,103.48,0.82,21.00
63.044,1,95.00,11.101,9.305,331,303630,178.0,103.50,0.82,21.00
63.055,1,95.00,11.101,9.247,332,303660,178.0,103.52,0.82,21.00
63.065,1,95.00,11.101,9.324,333,303996,178.0,103.54,0.82,21.00
63.076,1,95.00,11.101,9.207,332,302988,178.0,103.56,0.82,21.00
63.087,1,95.00,11.101,9.245,333,303024,178.0,103.57,0.82,21.00
63.097,1,95.00,11.101,9.184,333,303024,178.0,103.59,0.82,21.00
63.108,1,95.00,11.101,9.110,336,303228,178.0,103.61,0.82,21.00
63.118,1,95.00,11.101,9.065,338,305240,178.0,103.63,0.82,21.00
63.129,1,95.00,11.101,9.064,338,305240,178.0,103.65,0.82,21.00
63.140,1,95.00,11.101,9.092,338,305240,178.0,103.66,0.82,21.00
63.150,1,95.00,11.101,9.133,338,305240,178.0,103.68,0.81,21.00
63.161,1,95.00,11.101,9.121,338,305240,178.0,103.70,0.81,21.00
63.171,1,95.00,11.101,9.221,338,305240,178.0,103.72,0.81,21.00
63.182,1,95.00,11.101,9.220,339,305528,178.0,103.74,0.81,21.00
63.193,1,95.00,11.101,9.259,338,303928,178.0,103.75,0.81,21.00
63.203,1,95.00,11.101,9.213,338,303928,178.0,103.77,0.81,21.00
63.214,1,95.00,11.101,9.196,337,302328,178.0,103.79,0.81,21.00
63.225,1,95.00,11.101,9.137,340,303808,178.0,103.81,0.81,21.00
63.235,1,95.00,11.101,9.146,340,303808,178.0,103.83,0.81,21.00
63.246,1,95.00,11.101,9.068,340,303808,178.0,103.84,0.81,21.00
63.256,1,95.00,11.101,9.066,338,303228,178.0,103.86,0.81,21.00
63.266,1,95.00,11.101,9.025,338,303228,178.0,103.88,0.81,21.00
63.276,1,95.00,11.101,8.966,337,302388,178.0,103.90,0.81,21.00
63.286,1,95.00,11.101,8.967,336,302088,178.0,103.91,0.81,21.00
63.297,1,95.00,11.101,8.965,336,302088,178.0,103.93,0.81,21.00
63.306,1,95.00,11.101,8.860,337,303432,178.0,103.95,0.81,21.00
63.316,1,95.00,11.101,8.918,337,303432,178.0,103.97,0.81,21.00
63.326,1,95.00,11.101,8.862,338,303512,178.0,103.98,0.81,21.00
63.336,1,95.00,11.101,8.839,338,303512,178.0,104.00,0.81,21.00
63.346,1,95.00,11.101,8.808,337,303440,178.0,104.02,0.81,21.00
63.356,1,95.00,11.101,8.773,337,303440,178.0,104.03,0.81,21.00
63.366,1,95.00,11.101,8.809,335,302300,178.0,104.05,0.81,21.00
63.375,1,95.00,11.101,8.786,336,302540,178.0,104.07,0.81,21.00
63.385,1,95.00,11.101,8.717,338,302836,178.0,104.08,0.81,21.00
63.395,1,95.00,11.101,8.749,338,302836,178.0,104.10,0.81,21.00
63.404,1,95.00,11.101,8.744,337,302536,178.0,104.11,0.80,21.00
63.414,1,95.00,11.101,8.706,339,303472,178.0,104.13,0.80,21.00
63.424,1,95.00,11.101,8.681,339,303472,178.0,104.15,0.80,21.00
63.434,1,95.00,11.101,8.600,338,303192,178.0,104.16,0.80,21.00
63.443,1,95.00,11.101,8.630,338,303192,178.0,104.18,0.80,21.00
63.453,1,95.00,11.101,8.563,338,303192,178.0,104.20,0.81,21.00
63.463,1,95.00,11.101,8.610,338,303192,178.0,104.21,0.81,21.00
63.472,1,95.00,11.101,8.489,340,303384,178.0,104.23,0.81,21.00
63.482,1,95.00,11.101,8.512,342,303532,178.0,104.25,0.81,21.00
63.492,1,95.00,11.101,8.449,342,303532,178.0,104.26,0.81,21.00
63.501,1,95.00,11.101,8.390,343,303588,178.0,104.28,0.81,21.00
63.511,1,95.00,11.101,8.402,343,303588,178.0,104.30,0.81,21.00
63.520,1,95.00,11.101,8.354,343,303588,178.0,104.31,0.81,21.00
63.530,1,95.00,11.101,8.272,343,303588,178.0,104.33,0.81,21.00
63.539,1,95.00,11.101,8.240,344,303980,178.0,104.34,0.81,21.00
63.548,1,95.00,11.101,8.302,344,303980,178.0,104.36,0.81,21.00
63.557,1,95.00,11.101,8.179,344,303980,178.0,104.37,0.81,21.00
63.566,1,95.00,11.101,8.139,344,303980,178.0,104.39,0.81,21.00
63.576,1,95.00,11.101,8.137,344,303980,178.0,104.41,0.81,21.00
63.585,1,95.00,11.101,8.049,344,303980,178.0,104.42,0.81,21.00
63.594,1,95.00,11.101,8.094,344,303980,178.0,104.44,0.81,21.00
63.603,1,95.00,11.101,7.985,344,303980,178.0,104.45,0.81,21.00
63.612,1,95.00,11.101,7.997,344,303980,178.0,104.47,0.81,21.00
63.621,1,95.00,11.101,7.943,344,303980,178.0,104.48,0.81,21.00
63.630,1,95.00,11.101,7.880,344,303980,178.0,104.50,0.81,21.00
63.639,1,95.00,11.101,7.816,345,304036,178.0,104.51,0.81,21.00
63.648,1,95.00,11.101,7.831,345,304036,178.0,104.53,0.81,21.00
63.656,1,95.00,11.101,7.794,346,304536,178.0,104.54,0.81,21.00
63.665,1,95.00,11.101,7.763,347,304704,178.0,104.56,0.81,21.00
63.673,1,95.00,11.101,7.751,347,304704,178.0,104.57,0.81,21.00
63.681,1,95.00,11.101,7.761,347,304704,178.0,104.59,0.81,21.00
63.690,1,95.00,11.101,7.791,346,302130,178.0,104.60,0.81,21.00
63.698,1,95.00,11.101,7.717,348,302730,178.0,104.61,0.81,21.00
63.706,1,95.00,11.101,7.768,348,302730,178.0,104.63,0.81,21.00
63.715,1,95.00,11.101,7.761,349,302786,178.0,104.64,0.81,21.00
63.723,1,95.00,11.101,7.801,349,302786,178.0,104.66,0.82,21.00
63.731,1,95.00,11.101,7.755,349,302786,178.0,104.67,0.82,21.00
63.740,1,95.00,11.101,7.833,349,302786,178.0,104.68,0.82,21.00
63.748,1,95.00,11.101,7.858,349,302786,178.0,104.70,0.82,21.00
63.756,1,95.00,11.101,7.856,348,302570,178.0,104.71,0.82,21.00
63.765,1,95.00,11.101,7.828,348,302570,178.0,104.73,0.82,21.00
63.773,1,95.00,11.101,7.911,348,302570,178.0,104.74,0.82,21.00
63.781,1,95.00,11.101,7.889,347,299996,178.0,104.76,0.82,21.00
63.790,1,95.00,11.101,7.933,347,299996,178.0,104.77,0.82,21.00
63.798,1,95.00,11.101,7.912,347,299996,178.0,104.78,0.82,21.00
63.807,1,95.00,11.101,7.902,347,299996,178.0,104.80,0.82,21.00
63.816,1,95.00,11.101,7.912,347,299996,178.0,104.81,0.82,21.00
63.825,1,95.00,11.101,7.973,347,299996,178.0,104.83,0.82,21.00
63.834,1,95.00,11.101,7.947,348,301196,178.0,104.84,0.82,21.00
63.843,1,95.00,11.101,7.993,348,301196,178.0,104.86,0.82,21.00
63.852,1,95.00,11.101,7.977,349,301364,178.0,104.88,0.82,21.00
63.861,1,95.00,11.101,8.003,349,301364,178.0,104.89,0.82,21.00
63.870,1,95.00,11.101,8.008,349,301364,178.0,104.91,0.82,21.00
63.879,1,95.00,11.101,8.004,349,301364,178.0,104.92,0.82,21.00
63.888,1,95.00,11.101,8.105,349,301364,178.0,104.94,0.82,21.00
63.897,1,95.00,11.101,8.077,349,301364,178.0,104.95,0.82,21.00
63.906,1,95.00,11.101,8.090,349,301364,178.0,104.97,0.82,21.00
63.915,1,95.00,11.101,8.112,349,301364,178.0,104.98,0.82,21.00
63.924,1,95.00,11.101,8.120,348,301148,178.0,105.00,0.82,21.00
63.933,1,95.00,11.101,8.134,348,301148,178.0,105.01,0.82,21.00
63.942,1,95.00,11.101,8.156,349,301316,178.0,105.03,0.82,21.00
63.952,1,95.00,11.101,8.201,349,301316,178.0,105.04,0.82,21.00
63.961,1,95.00,11.101,8.252,349,301316,178.0,105.06,0.82,21.00
63.970,1,95.00,11.101,8.249,349,301316,178.0,105.08,0.82,21.00
63.979,1,95.00,11.101,8.236,349,301316,178.0,105.09,0.83,21.00
63.988,1,95.00,11.101,8.298,349,301316,178.0,105.11,0.83,21.00
63.997,1,105.00,10.366,8.297,349,301316,178.0,105.12,0.83,21.00
64.006,1,105.00,10.366,8.332,349,301320,178.0,105.14,0.83,21.00
64.015,1,105.00,10.366,8.455,349,301320,178.0,105.15,0.83,21.00
64.024,1,105.00,10.366,8.432,349,301320,178.0,105.17,0.83,21.00
64.033,1,105.00,10.366,8.384,349,301320,178.0,105.18,0.83,21.00
64.042,1,105.00,10.366,8.404,349,301320,178.0,105.20,0.83,21.00
64.052,1,105.00,10.366,8.427,350,301880,178.0,105.21,0.83,21.00
64.061,1,105.00,10.366,8.445,350,301880,178.0,105.23,0.83,21.00
64.070,1,105.00,10.366,8.543,351,301892,178.0,105.25,0.83,21.00
64.079,1,105.00,10.366,8.535,352,301952,178.0,105.26,0.82,21.00
64.088,1,105.00,10.366,8.532,351,301692,178.0,105.28,0.82,21.00
64.097,1,105.00,10.366,8.580,355,301900,178.0,105.29,0.82,21.00
64.106,1,105.00,10.366,8.665,355,301900,178.0,105.31,0.82,21.00
64.115,1,105.00,10.366,8.611,355,301900,178.0,105.32,0.82,21.00
64.124,1,105.00,10.366,8.725,355,301900,178.0,105.34,0.82,21.00
64.133,1,105.00,10.366,8.653,355,301900,178.0,105.35,0.82,21.00
64.143,1,105.00,10.366,8.697,355,301900,178.0,105.37,0.82,21.00
64.152,1,105.00,10.366,8.679,357,302180,178.0,105.39,0.82,21.00
64.162,1,105.00,10.366,8.741,357,302180,178.0,105.40,0.82,21.00
64.172,1,105.00,10.366,8.711,357,302180,178.0,105.42,0.82,21.00
64.182,1,105.00,10.366,8.781,357,302180,178.0,105.44,0.82,21.00
64.192,1,105.00,10.366,8.731,357,302180,178.0,105.45,0.82,21.00
64.202,1,105.00,10.366,8.778,359,302404,178.0,105.47,0.82,21.00
64.212,1,105.00,10.366,8.781,360,303412,178.0,105.49,0.82,21.00
64.221,1,105.00,10.366,8.720,360,303412,178.0,105.50,0.82,21.00
64.231,1,105.00,10.366,8.697,360,303412,178.0,105.52,0.82,21.00
64.241,1,105.00,10.366,8.807,360,303412,178.0,105.54,0.82,21.00
64.251,1,105.00,10.366,8.698,360,303412,178.0,105.55,0.82,21.00
64.260,1,105.00,10.366,8.736,360,303412,178.0,105.57,0.82,21.00
64.270,1,105.00,10.366,8.723,360,303412,178.0,105.59,0.82,21.00
64.280,1,105.00,10.366,8.740,360,303412,178.0,105.60,0.82,21.00
64.289,1,105.00,10.366,8.701,360,303412,178.0,105.62,0.82,21.00
64.299,1,105.00,10.366,8.678,360,303412,178.0,105.64,0.82,21.00
64.309,1,105.00,10.366,8.774,360,303412,178.0,105.65,0.81,21.00
64.319,1,105.00,10.366,8.747,360,303412,178.0,105.67,0.81,21.00
64.328,1,105.00,10.366,8.715,360,303412,178.0,105.69,0.81,21.00
64.338,1,105.00,10.366,8.684,364,303620,178.0,105.70,0.81,21.00
64.348,1,105.00,10.366,8.763,364,303620,178.0,105.72,0.81,21.00
64.358,1,105.00,10.366,8.792,365,304236,178.0,105.74,0.81,21.00
64.368,1,105.00,10.366,8.809,365,304236,178.0,105.75,0.81,21.00
64.377,1,105.00,10.366,8.752,365,304236,178.0,105.77,0.81,21.00
64.387,1,105.00,10.366,8.801,366,304404,178.0,105.79,0.81,21.00
64.397,1,105.00,10.366,8.764,367,305356,178.0,105.80,0.81,21.00
64.407,1,105.00,10.366,8.711,366,305236,178.0,105.82,0.81,21.00
64.417,1,105.00,10.366,8.776,366,305236,178.0,105.84,0.81,21.00
64.427,1,105.00,10.366,8.693,366,305236,178.0,105.85,0.81,21.00
64.437,1,105.00,10.366,8.727,366,305236,178.0,105.87,0.81,21.00
64.447,1,105.00,10.366,8.759,366,305236,178.0,105.89,0.81,21.00
64.457,1,105.00,10.366,8.667,366,305236,178.0,105.90,0.81,21.00
64.467,1,105.00,10.366,8.669,366,305236,178.0,105.92,0.80,21.00
64.477,1,105.00,10.366,8.692,366,305236,178.0,105.94,0.80,21.00
64.487,1,105.00,10.366,8.665,366,305236,178.0,105.96,0.80,21.00
64.497,1,105.00,10.366,8.607,366,305236,178.0,105.97,0.80,21.00
64.507,1,105.00,10.366,8.604,366,305236,178.0,105.99,0.80,21.00
64.517,1,105.00,10.366,8.634,366,305236,178.0,106.01,0.80,21.00
64.527,1,105.00,10.366,8.687,367,305296,178.0,106.02,0.80,21.00
64.537,1,105.00,10.366,8.651,367,305296,178.0,106.04,0.80,21.00
64.547,1,105.00,10.366,8.629,367,305296,178.0,106.06,0.80,21.00
64.557,1,105.00,10.366,8.641,367,305296,178.0,106.07,0.80,21.00
64.567,1,105.00,10.366,8.604,368,308168,178.0,106.09,0.80,21.00
64.577,1,105.00,10.366,8.600,368,308168,178.0,106.11,0.80,21.00
64.587,1,105.00,10.366,8.568,370,309644,178.0,106.13,0.80,21.00
64.597,1,105.00,10.366,8.558,369,322584,178.0,106.14,0.80,21.00
64.607,1,105.00,10.366,8.540,372,353496,178.0,106.16,0.80,21.00
64.617,1,105.00,10.366,8.560,373,366320,178.0,106.18,0.80,21.00
64.627,1,105.00,10.366,8.532,375,384016,178.0,106.19,0.80,21.00
64.637,1,105.00,10.366,8.527,376,390008,178.0,106.21,0.80,21.00
64.647,1,105.00,10.366,8.544,378,402064,178.0,106.23,0.80,21.00
64.657,1,105.00,10.366,8.510,378,402064,178.0,106.24,0.80,21.00
64.666,1,105.00,10.366,8.441,378,402064,178.0,106.26,0.80,21.00
64.676,1,105.00,10.366,8.449,378,402064,178.0,106.28,0.80,21.00
64.686,1,105.00,10.366,8.440,378,402064,178.0,106.29,0.80,21.00
64.696,1,105.00,10.366,8.470,378,402064,178.0,106.31,0.80,21.00
64.705,1,105.00,10.366,8.438,378,402064,178.0,106.33,0.80,21.00
64.715,1,105.00,10.366,8.390,377,401988,178.0,106.34,0.80,21.00
64.725,1,105.00,10.366,8.391,377,402828,178.0,106.36,0.80,21.00
64.734,1,105.00,10.366,8.361,378,402864,178.0,106.38,0.80,21.00
64.744,1,105.00,10.366,8.295,378,402864,178.0,106.39,0.80,21.00
64.754,1,105.00,10.366,8.339,378,402864,178.0,106.41,0.80,21.00
64.764,1,105.00,10.366,8.339,379,403032,178.0,106.43,0.80,21.00
64.773,1,105.00,10.366,8.250,379,403032,178.0,106.44,0.80,21.00
64.783,1,105.00,10.366,8.248,379,403032,178.0,106.46,0.80,21.00
64.793,1,105.00,10.366,8.271,379,403032,178.0,106.47,0.80,21.00
64.802,1,105.00,10.366,8.185,379,403032,178.0,106.49,0.80,21.00
64.812,1,105.00,10.366,8.194,380,403144,178.0,106.51,0.80,21.00
64.822,1,105.00,10.366,8.183,382,403884,178.0,106.52,0.80,21.00
64.832,1,105.00,10.366,8.243,382,403884,178.0,106.54,0.80,21.00
64.841,1,105.00,10.366,8.143,382,403884,178.0,106.56,0.80,21.00
64.851,1,105.00,10.366,8.242,382,403884,178.0,106.57,0.80,21.00
64.861,1,105.00,10.366,8.232,383,405322,178.0,106.59,0.80,21.00
64.870,1,105.00,10.366,8.218,382,405202,178.0,106.61,0.80,21.00
64.879,1,105.00,10.366,8.235,382,405202,178.0,106.62,0.80,21.00
64.888,1,105.00,10.366,8.163,382,405202,178.0,106.64,0.80,21.00
64.897,1,105.00,10.366,8.202,382,405202,178.0,106.65,0.80,21.00
64.907,1,105.00,10.366,8.205,382,405202,178.0,106.67,0.80,21.00
64.916,1,105.00,10.366,8.125,382,405202,178.0,106.68,0.80,21.00
64.925,1,105.00,10.366,8.159,382,405202,178.0,106.70,0.80,21.00
64.934,1,105.00,10.366,8.052,382,405202,178.0,106.71,0.80,21.00
64.943,1,105.00,10.366,8.016,382,405202,178.0,106.73,0.80,21.00
64.952,1,105.00,10.366,8.007,382,405202,178.0,106.75,0.81,21.00
64.961,1,105.00,10.366,7.982,382,405202,178.0,106.76,0.81,21.00
64.970,1,105.00,10.366,7.930,382,405202,178.0,106.78,0.81,21.00
64.978,1,105.00,10.366,7.837,382,405202,178.0,106.79,0.81,21.00
64.987,1,105.00,10.366,7.767,382,405202,178.0,106.81,0.81,21.00
64.996,1,105.00,10.366,7.776,362,400998,178.0,106.82,0.81,21.00
65.004,1,105.00,9.919,7.340,362,400998,178.0,106.83,0.81,21.00
65.013,1,105.00,9.919,7.170,362,400998,178.0,106.85,0.81,21.00
65.021,1,105.00,9.919,6.952,362,400998,178.0,106.86,0.81,21.00
65.028,1,105.00,9.919,6.638,362,400998,178.0,106.88,0.81,21.00
65.036,1,105.00,9.919,6.462,362,400998,178.0,106.89,0.81,21.00
65.043,1,105.00,9.919,6.419,362,400998,178.0,106.90,0.81,21.00
65.051,1,105.00,9.919,6.438,362,400998,178.0,106.91,0.81,21.00
65.058,1,105.00,9.919,6.484,362,400998,178.0,106.93,0.81,21.00
65.066,1,105.00,9.919,6.397,362,400998,178.0,106.94,0.81,21.00
65.073,1,105.00,9.919,6.443,362,400998,178.0,106.95,0.81,21.00
65.080,1,105.00,9.919,6.411,362,400998,178.0,106.96,0.81,21.00
65.088,1,105.00,9.919,6.392,362,400998,178.0,106.98,0.81,21.00
65.095,1,105.00,9.919,6.375,362,400998,178.0,106.99,0.81,21.00
65.103,1,105.00,9.919,6.335,363,401166,178.0,107.00,0.81,21.00
65.110,1,105.00,9.919,8.293,363,401166,178.0,107.01,0.81,21.00
65.118,1,105.00,9.919,8.260,362,401118,178.0,107.03,0.81,21.00
65.125,1,105.00,9.919,8.231,362,401118,178.0,107.04,0.81,21.00
65.133,1,105.00,9.919,8.174,363,401154,178.0,107.05,0.81,21.00
65.140,1,105.00,9.919,8.153,363,401154,178.0,107.07,0.81,21.00
65.149,1,105.00,9.919,8.097,363,401154,178.0,107.08,0.82,21.00
65.157,1,105.00,9.919,8.116,362,400986,178.0,107.09,0.82,21.00
65.166,1,105.00,9.919,8.023,363,401366,178.0,107.11,0.82,21.00
65.174,1,105.00,9.919,7.993,364,402166,178.0,107.12,0.82,21.00
65.182,1,105.00,9.919,7.888,364,402166,178.0,107.14,0.82,21.00
65.191,1,105.00,9.919,7.921,364,402166,178.0,107.15,0.82,21.00
65.199,1,105.00,9.919,7.797,364,402166,178.0,107.17,0.82,21.00
65.207,1,105.00,9.919,7.740,366,403342,178.0,107.18,0.82,21.00
65.216,1,105.00,9.919,7.696,366,403342,178.0,107.19,0.82,21.00
65.224,1,105.00,9.919,7.642,366,403290,178.0,107.21,0.82,21.00
65.232,1,105.00,9.919,7.621,365,403110,178.0,107.22,0.82,21.00
65.241,1,105.00,9.919,7.559,366,403030,178.0,107.24,0.82,21.00
65.249,1,105.00,9.919,7.494,367,403310,178.0,107.25,0.82,21.00
65.257,1,105.00,9.919,7.421,367,403310,178.0,107.26,0.82,21.00
65.266,1,105.00,9.919,7.361,367,403310,178.0,107.28,0.82,21.00
65.274,1,105.00,9.919,7.257,370,403838,178.0,107.29,0.82,21.00
65.282,1,105.00,9.919,7.232,370,403838,178.0,107.31,0.82,21.00
65.291,1,105.00,9.919,7.120,370,403838,178.0,107.32,0.82,21.00
65.299,1,105.00,9.919,6.963,369,403782,178.0,107.34,0.82,21.00
65.307,1,105.00,9.919,6.952,369,403782,178.0,107.35,0.82,21.00
65.316,1,105.00,9.919,6.831,370,404142,178.0,107.36,0.82,21.00
65.324,1,105.00,9.919,6.787,369,403902,178.0,107.38,0.82,21.00
65.332,1,105.00,9.919,6.637,369,403902,178.0,107.39,0.82,21.00
65.341,1,105.00,9.919,6.593,368,403286,178.0,107.41,0.82,21.00
65.349,1,105.00,9.919,6.460,380,405722,178.0,107.42,0.82,21.00
65.357,1,105.00,9.919,6.505,379,405614,178.0,107.43,0.82,21.00
65.365,1,105.00,9.919,6.356,379,405614,178.0,107.45,0.82,21.00
65.373,1,105.00,9.919,6.263,377,405494,178.0,107.46,0.82,21.00
65.380,1,105.00,9.919,6.093,374,405326,178.0,107.47,0.82,21.00
65.388,1,105.00,9.919,5.957,374,405326,178.0,107.49,0.82,21.00
65.395,1,105.00,9.919,5.805,374,405326,178.0,107.50,0.82,21.00
65.403,1,105.00,9.919,5.680,374,405326,178.0,107.51,0.82,21.00
65.410,1,105.00,9.919,5.596,374,405326,178.0,107.52,0.82,21.00
65.418,1,105.00,9.919,5.428,374,405326,178.0,107.54,0.82,21.00
65.426,1,105.00,9.919,5.352,376,405770,178.0,107.55,0.82,21.00
65.433,1,105.00,9.919,5.196,376,405770,178.0,107.56,0.82,21.00
65.440,1,105.00,9.919,5.210,376,405770,178.0,107.57,0.82,21.00
65.446,1,105.00,9.919,5.070,376,405770,178.0,107.59,0.82,21.00
65.452,1,105.00,9.919,4.909,376,405770,178.0,107.60,0.81,21.00
65.458,1,105.00,9.919,4.828,376,405770,178.0,107.61,0.81,21.00
65.463,1,105.00,9.919,4.819,376,405770,178.0,107.61,0.81,21.00
65.470,1,105.00,9.919,5.784,376,405770,178.0,107.63,0.81,21.00
65.477,1,105.00,9.919,6.767,375,405434,178.0,107.64,0.81,21.00
65.483,1,105.00,9.919,7.249,375,405434,178.0,107.65,0.81,21.00
65.490,1,105.00,9.919,7.344,375,405434,178.0,107.66,0.81,21.00
65.496,1,105.00,9.919,7.289,375,405434,178.0,107.67,0.81,21.00
65.503,1,105.00,9.919,7.417,375,405434,178.0,107.68,0.81,21.00
65.509,1,105.00,9.919,7.438,375,405434,178.0,107.69,0.81,21.00
65.516,1,105.00,9.919,7.502,375,405434,178.0,107.70,0.81,21.00
65.523,1,105.00,9.919,7.613,375,405434,178.0,107.72,0.81,21.00
65.529,1,105.00,9.919,7.703,375,405434,178.0,107.73,0.81,21.00
65.537,1,105.00,9.919,7.860,375,405434,178.0,107.74,0.81,21.00
65.546,1,105.00,9.919,7.910,374,405386,178.0,107.75,0.81,21.00
65.555,1,105.00,9.919,7.971,374,405386,178.0,107.77,0.81,21.00
65.564,1,105.00,9.919,8.061,374,405386,178.0,107.79,0.81,21.00
65.572,1,105.00,9.919,8.007,374,405386,178.0,107.80,0.81,21.00
65.581,1,105.00,9.919,7.952,374,405386,178.0,107.82,0.81,21.00
65.590,1,105.00,9.919,7.973,373,405218,178.0,107.83,0.81,21.00
65.599,1,105.00,9.919,7.945,372,405050,178.0,107.85,0.81,21.00
65.608,1,105.00,9.919,7.904,372,405050,178.0,107.86,0.81,21.00
65.617,1,105.00,9.919,7.954,372,405050,178.0,107.88,0.81,21.00
65.626,1,105.00,9.919,7.835,372,405050,178.0,107.89,0.80,21.00
65.635,1,105.00,9.919,7.783,372,405050,178.0,107.91,0.80,21.00
65.644,1,105.00,9.919,7.685,370,406180,178.0,107.92,0.80,21.00
65.653,1,105.00,9.919,7.664,369,405788,178.0,107.94,0.80,21.00
65.662,1,105.00,9.919,7.602,369,405788,178.0,107.95,0.80,21.00
65.671,1,105.00,9.919,7.566,369,405788,178.0,107.97,0.80,21.00
65.680,1,105.00,9.919,7.490,369,405788,178.0,107.98,0.80,21.00
65.689,1,105.00,9.919,7.403,369,405788,178.0,108.00,0.80,21.00
65.698,1,105.00,9.919,7.301,369,405788,178.0,108.01,0.80,21.00
65.707,1,105.00,9.919,7.179,377,407284,178.0,108.03,0.80,21.00
65.717,1,105.00,9.919,7.341,375,407164,178.0,108.05,0.80,21.00
65.726,1,105.00,9.919,7.200,375,407164,178.0,108.06,0.80,21.00
65.734,1,105.00,9.919,6.998,374,407056,178.0,108.08,0.80,21.00
65.743,1,105.00,9.919,6.866,374,407056,178.0,108.09,0.80,21.00
65.751,1,105.00,9.919,6.710,374,407056,178.0,108.10,0.80,21.00
65.759,1,105.00,9.919,6.540,373,407000,178.0,108.12,0.80,21.00
65.768,1,105.00,9.919,6.335,373,407000,178.0,108.13,0.80,21.00
65.776,1,105.00,9.919,6.021,373,407000,178.0,108.15,0.80,21.00
65.784,1,105.00,9.919,5.844,373,407000,178.0,108.16,0.80,21.00
65.793,1,105.00,9.919,5.873,373,407000,178.0,108.17,0.80,21.00
65.800,1,105.00,9.919,5.861,373,407000,178.0,108.19,0.79,21.00
65.807,1,105.00,9.919,5.835,373,407000,178.0,108.20,0.79,21.00
65.814,1,105.00,9.919,5.851,372,406740,178.0,108.21,0.79,21.00
65.820,1,105.00,9.919,5.788,372,406740,178.0,108.22,0.79,21.00
65.827,1,105.00,9.919,5.832,372,406740,178.0,108.23,0.79,21.00
65.834,1,105.00,9.919,5.833,371,406404,178.0,108.24,0.79,21.00
65.841,1,105.00,9.919,5.812,371,406404,178.0,108.26,0.79,21.00
65.847,1,105.00,9.919,5.807,371,406404,178.0,108.27,0.79,21.00
65.854,1,105.00,9.919,5.754,371,406404,178.0,108.28,0.79,21.00
65.861,1,105.00,9.919,5.685,371,406404,178.0,108.29,0.79,21.00
65.867,1,105.00,9.919,5.652,371,406404,178.0,108.30,0.79,21.00
65.874,1,105.00,9.919,7.252,369,406188,178.0,108.31,0.79,21.00
65.882,1,105.00,9.919,9.509,368,406020,178.0,108.33,0.79,21.00
65.889,1,105.00,9.919,9.524,368,406020,178.0,108.34,0.79,21.00
65.897,1,105.00,9.919,9.556,366,405960,178.0,108.35,0.79,21.00
65.904,1,105.00,9.919,9.500,366,405960,178.0,108.36,0.79,21.00
65.911,1,105.00,9.919,9.461,366,405960,178.0,108.38,0.79,21.00
65.922,1,105.00,9.919,9.414,366,405960,178.0,108.39,0.79,21.00
65.932,1,105.00,9.919,9.461,365,405904,178.0,108.41,0.79,21.00
65.942,1,105.00,9.919,9.376,364,405736,178.0,108.43,0.79,21.00
65.953,1,105.00,9.919,9.372,364,405736,178.0,108.45,0.79,21.00
65.963,1,105.00,9.919,9.326,362,404782,178.0,108.46,0.79,21.00
65.973,1,105.00,9.919,9.282,361,404602,178.0,108.48,0.79,21.00
65.983,1,105.00,9.919,9.240,359,403874,178.0,108.50,0.79,21.00
65.994,1,124.00,10.590,9.196,359,403874,178.0,108.52,0.79,21.00
66.004,1,124.00,10.590,9.213,359,403874,178.0,108.53,0.79,21.00
66.014,1,124.00,10.590,9.164,359,403874,178.0,108.55,0.79,21.00
66.024,1,124.00,10.590,9.115,360,404154,178.0,108.57,0.79,21.00
66.035,1,124.00,10.590,9.080,360,404154,178.0,108.59,0.79,21.00
66.045,1,124.00,10.590,9.060,359,403914,178.0,108.60,0.79,21.00
66.055,1,124.00,10.590,9.072,365,405248,178.0,108.62,0.79,21.00
66.066,1,124.00,10.590,9.196,366,405528,178.0,108.64,0.79,21.00
66.076,1,124.00,10.590,9.127,364,405144,178.0,108.66,0.79,21.00
66.087,1,124.00,10.590,9.176,364,405144,178.0,108.67,0.79,21.00
66.097,1,124.00,10.590,9.043,364,405094,178.0,108.69,0.79,21.00
66.107,1,124.00,10.590,9.083,364,405094,178.0,108.71,0.79,21.00
66.118,1,124.00,10.590,8.984,363,404878,178.0,108.73,0.79,21.00
66.128,1,124.00,10.590,8.993,360,404318,178.0,108.75,0.79,21.00
66.139,1,124.00,10.590,8.940,360,404318,178.0,108.76,0.79,21.00
66.149,1,124.00,10.590,8.918,360,404318,178.0,108.78,0.79,21.00
66.160,1,124.00,10.590,9.043,359,404270,178.0,108.80,0.79,21.00
66.170,1,124.00,10.590,9.092,360,404382,178.0,108.82,0.80,21.00
66.180,1,124.00,10.590,9.078,359,404326,178.0,108.83,0.80,21.00
66.191,1,124.00,10.590,9.141,359,404326,178.0,108.85,0.80,21.00
66.201,1,124.00,10.590,9.139,359,404326,178.0,108.87,0.80,21.00
66.212,1,124.00,10.590,9.226,359,404326,178.0,108.89,0.80,21.00
66.222,1,124.00,10.590,9.315,358,404158,178.0,108.90,0.80,21.00
66.232,1,124.00,10.590,9.344,358,404158,178.0,108.92,0.80,21.00
66.243,1,124.00,10.590,9.359,359,404438,178.0,108.94,0.80,21.00
66.253,1,124.00,10.590,9.461,358,404258,178.0,108.96,0.80,21.00
66.264,1,124.00,10.590,9.493,357,403866,178.0,108.98,0.80,21.00
66.274,1,124.00,10.590,9.495,357,403866,178.0,108.99,0.80,21.00
66.285,1,124.00,10.590,9.601,357,403866,178.0,109.01,0.80,21.00
66.295,1,124.00,10.590,9.651,357,403866,178.0,109.03,0.80,21.00
66.305,1,124.00,10.590,9.675,357,403866,178.0,109.05,0.80,21.00
66.316,1,124.00,10.590,9.760,358,404166,178.0,109.06,0.80,21.00
66.326,1,124.00,10.590,9.746,356,398214,178.0,109.08,0.80,21.00
66.337,1,124.00,10.590,9.871,355,397598,178.0,109.10,0.80,21.00
66.347,1,124.00,10.590,9.940,353,391438,178.0,109.12,0.80,21.00
66.357,1,124.00,10.590,9.986,353,391438,178.0,109.13,0.81,21.00
66.368,1,124.00,10.590,10.067,352,391366,178.0,109.15,0.81,21.00
66.378,1,124.00,10.590,9.991,354,392130,178.0,109.17,0.81,21.00
66.389,1,124.00,10.590,9.994,353,390782,178.0,109.19,0.81,21.00
66.399,1,124.00,10.590,10.008,353,390782,178.0,109.20,0.81,21.00
66.410,1,124.00,10.590,10.013,342,385902,178.0,109.22,0.81,21.02
66.421,1,124.00,10.590,9.840,342,385902,178.0,109.23,0.81,21.03
66.432,1,124.00,10.590,9.827,342,385898,178.0,109.24,0.81,21.04
66.443,1,124.00,10.590,9.825,342,385898,178.0,109.26,0.81,21.06
66.454,1,124.00,10.590,9.840,341,385562,178.0,109.27,0.81,21.07
66.465,1,124.00,10.590,9.860,341,385562,178.0,109.28,0.81,21.08
66.475,1,124.00,10.590,9.843,341,385562,178.0,109.30,0.81,21.10
66.486,1,124.00,10.590,9.862,341,385562,178.0,109.31,0.81,21.11
66.497,1,124.00,10.590,9.883,342,385610,178.0,109.32,0.81,21.12
66.508,1,124.00,10.590,9.793,342,385610,178.0,109.33,0.81,21.13
66.519,1,124.00,10.590,9.869,342,385610,178.0,109.35,0.81,21.15
66.530,1,124.00,10.590,9.814,342,385610,178.0,109.36,0.81,21.16
66.541,1,124.00,10.590,9.791,342,385610,178.0,109.37,0.81,21.17
66.552,1,124.00,10.590,9.850,342,385610,178.0,109.39,0.81,21.19
66.563,1,124.00,10.590,9.832,342,385610,178.0,109.40,0.81,21.20
66.574,1,124.00,10.590,9.889,341,385230,178.0,109.41,0.81,21.21
66.585,1,124.00,10.590,9.957,341,385230,178.0,109.43,0.81,21.23
66.596,1,124.00,10.590,9.965,343,395374,178.0,109.44,0.81,21.24
66.607,1,124.00,10.590,10.064,343,395374,178.0,109.45,0.81,21.25
66.618,1,124.00,10.590,10.114,345,395558,178.0,109.47,0.81,21.27
66.629,1,124.00,10.590,10.164,346,396158,178.0,109.48,0.81,21.28
66.641,1,124.00,10.590,10.204,347,397418,178.0,109.49,0.81,21.29
66.652,1,124.00,10.590,10.226,347,406414,178.0,109.51,0.81,21.31
66.663,1,124.00,10.590,10.290,348,406522,178.0,109.52,0.81,21.32
66.674,1,124.00,10.590,10.321,349,406578,178.0,109.53,0.81,21.33
66.685,1,124.00,10.590,10.446,350,406722,178.0,109.55,0.81,21.35
66.697,1,124.00,10.590,10.545,350,407626,178.0,109.56,0.81,21.36
66.708,1,124.00,10.590,10.639,350,401406,178.0,109.58,0.81,21.38
66.720,1,124.00,10.590,10.637,349,399894,178.0,109.59,0.81,21.39
66.732,1,124.00,10.590,10.757,349,399894,178.0,109.60,0.81,21.40
66.744,1,124.00,10.590,10.667,350,399950,178.0,109.62,0.81,21.42
66.755,1,124.00,10.590,10.684,350,393898,178.0,109.63,0.81,21.43
66.767,1,124.00,10.590,10.757,350,393898,178.0,109.65,0.81,21.45
66.779,1,124.00,10.590,10.796,349,393518,178.0,109.66,0.81,21.46
66.791,1,124.00,10.590,10.823,349,393518,178.0,109.67,0.81,21.47
66.803,1,124.00,10.590,10.860,348,385230,178.0,109.69,0.80,21.49
66.814,1,124.00,10.590,10.892,346,384294,178.0,109.70,0.80,21.50
66.826,1,124.00,10.590,10.961,345,377574,178.0,109.72,0.80,21.52
66.838,1,124.00,10.590,10.935,345,371774,178.0,109.73,0.80,21.53
66.850,1,124.00,10.590,11.025,342,370814,178.0,109.75,0.80,21.55
66.863,1,124.00,10.590,11.060,341,370658,178.0,109.76,0.80,21.56
66.875,1,124.00,10.590,10.992,344,373178,178.0,109.78,0.80,21.58
66.887,1,124.00,10.590,11.097,343,371774,178.0,109.79,0.80,21.59
66.899,1,124.00,10.590,11.136,342,370990,178.0,109.81,0.80,21.60
66.911,1,124.00,10.590,11.086,345,369702,178.0,109.83,0.80,21.60
66.923,1,124.00,10.590,11.022,344,362030,178.0,109.85,0.80,21.60
66.935,1,124.00,10.590,11.081,344,362030,178.0,109.87,0.80,21.60
66.947,1,124.00,10.590,11.102,342,365382,178.0,109.89,0.80,21.60
66.959,1,124.00,10.590,11.163,343,365438,178.0,109.91,0.79,21.60
66.971,1,124.00,10.590,11.103,343,365438,178.0,109.93,0.79,21.60
66.984,1,124.00,10.590,11.102,344,357738,178.0,109.95,0.79,21.60
66.996,1,91.00,12.144,11.115,344,357738,178.0,109.97,0.79,21.60
67.008,1,91.00,12.144,11.121,343,357566,178.0,109.99,0.79,21.60
67.020,1,91.00,12.144,11.201,343,357566,178.0,110.01,0.79,21.60
67.032,1,91.00,12.144,11.174,343,349614,178.0,110.03,0.79,21.60
67.044,1,91.00,12.144,11.177,342,349558,178.0,110.05,0.79,21.60
67.056,1,91.00,12.144,11.113,343,349670,178.0,110.07,0.79,21.60
67.069,1,91.00,12.144,11.123,342,350142,178.0,110.10,0.79,21.60
67.081,1,91.00,12.144,11.164,341,350106,178.0,110.12,0.79,21.60
67.093,1,91.00,12.144,11.076,341,350106,178.0,110.14,0.79,21.60
67.105,1,91.00,12.144,11.096,342,350218,178.0,110.16,0.79,21.60
67.117,1,91.00,12.144,11.076,342,350218,178.0,110.18,0.79,21.60
67.129,1,91.00,12.144,11.054,341,350162,178.0,110.20,0.79,21.60
67.141,1,91.00,12.144,10.998,341,350162,178.0,110.22,0.79,21.60
67.154,1,91.00,12.144,11.008,340,350082,178.0,110.24,0.79,21.60
67.166,1,91.00,12.144,11.003,340,350082,178.0,110.26,0.79,21.60
67.178,1,91.00,12.144,10.978,340,350082,178.0,110.28,0.78,21.60
67.190,1,91.00,12.144,10.893,340,350082,178.0,110.30,0.78,21.60
67.202,1,91.00,12.144,10.970,340,350082,178.0,110.32,0.78,21.60
67.214,1,91.00,12.144,10.944,339,342022,178.0,110.34,0.78,21.60
67.226,1,91.00,12.144,10.864,337,341858,178.0,110.36,0.78,21.60
67.238,1,91.00,12.144,10.872,336,341714,178.0,110.38,0.78,21.60
67.251,1,91.00,12.144,10.843,335,341666,178.0,110.40,0.78,21.60
67.263,1,91.00,12.144,10.810,339,332726,178.0,110.43,0.78,21.60
67.275,1,91.00,12.144,10.918,339,332726,178.0,110.45,0.78,21.60
67.287,1,91.00,12.144,10.961,338,332670,178.0,110.47,0.78,21.60
67.299,1,91.00,12.144,10.934,338,332670,178.0,110.49,0.78,21.60
67.311,1,91.00,12.144,10.909,339,332770,178.0,110.51,0.78,21.60
67.323,1,91.00,12.144,10.849,339,332770,178.0,110.53,0.78,21.60
67.335,1,91.00,12.144,10.889,334,331778,178.0,110.55,0.79,21.60
67.348,1,91.00,12.144,10.809,335,332102,178.0,110.57,0.79,21.60
67.360,1,91.00,12.144,10.885,335,332102,178.0,110.59,0.79,21.60
67.372,1,91.00,12.144,10.796,335,332102,178.0,110.61,0.79,21.60
67.384,1,91.00,12.144,10.747,334,331602,178.0,110.63,0.79,21.60
67.396,1,91.00,12.144,10.698,331,331430,178.0,110.65,0.79,21.60
67.408,1,91.00,12.144,10.648,328,331334,178.0,110.67,0.79,21.60
67.420,1,91.00,12.144,10.661,325,330338,178.0,110.69,0.79,21.60
67.432,1,91.00,12.144,10.638,324,330194,178.0,110.71,0.79,21.60
67.444,1,91.00,12.144,10.544,325,330374,178.0,110.73,0.79,21.60
67.457,1,91.00,12.144,10.458,325,330374,178.0,110.75,0.79,21.60
67.469,1,91.00,12.144,10.523,326,330422,178.0,110.78,0.79,21.60
67.480,1,91.00,12.144,10.480,326,328294,178.0,110.80,0.79,21.60
67.492,1,91.00,12.144,10.439,326,328294,178.0,110.82,0.79,21.60
67.504,1,91.00,12.144,10.412,325,327958,178.0,110.84,0.79,21.60
67.516,1,91.00,12.144,10.341,324,327790,178.0,110.86,0.79,21.60
67.528,1,91.00,12.144,10.394,324,327790,178.0,110.88,0.79,21.60
67.540,1,91.00,12.144,10.252,323,327610,178.0,110.90,0.79,21.60
67.551,1,91.00,12.144,10.330,323,327662,178.0,110.92,0.79,21.60
67.563,1,91.00,12.144,10.358,322,327270,178.0,110.94,0.80,21.60
67.575,1,91.00,12.144,10.369,322,327270,178.0,110.96,0.80,21.60
67.587,1,91.00,12.144,10.467,322,327270,178.0,110.98,0.80,21.60
67.599,1,91.00,12.144,10.547,322,327270,178.0,111.00,0.80,21.60
67.611,1,91.00,12.144,10.580,319,323614,178.0,111.02,0.80,21.60
67.623,1,91.00,12.144,10.620,324,324542,178.0,111.04,0.80,21.60
67.635,1,91.00,12.144,10.487,322,324234,178.0,111.06,0.80,21.60
67.647,1,91.00,12.144,10.575,322,324234,178.0,111.08,0.80,21.60
67.659,1,91.00,12.144,10.571,320,323658,178.0,111.10,0.80,21.60
67.671,1,91.00,12.144,10.701,320,324350,178.0,111.12,0.80,21.60
67.682,1,91.00,12.144,10.775,320,324350,178.0,111.14,0.80,21.60
67.694,1,91.00,12.144,10.834,320,324350,178.0,111.16,0.80,21.60
67.706,1,91.00,12.144,10.826,319,324170,178.0,111.18,0.80,21.60
67.718,1,91.00,12.144,11.010,319,324170,178.0,111.20,0.80,21.60
67.730,1,91.00,12.144,11.055,318,323778,178.0,111.22,0.80,21.60
67.742,1,91.00,12.144,10.995,318,323778,178.0,111.24,0.80,21.60
67.754,1,91.00,12.144,11.101,319,324102,178.0,111.26,0.80,21.60
67.766,1,91.00,12.144,11.161,319,324102,178.0,111.28,0.80,21.60
67.778,1,91.00,12.144,11.138,317,322518,178.0,111.30,0.80,21.60
67.790,1,91.00,12.144,11.132,315,320710,178.0,111.32,0.80,21.60
67.801,1,91.00,12.144,11.231,315,320710,178.0,111.34,0.80,21.60
67.813,1,91.00,12.144,11.279,315,319534,178.0,111.36,0.80,21.60
67.825,1,91.00,12.144,11.237,312,315782,178.0,111.38,0.80,21.60
67.837,1,91.00,12.144,11.287,311,315222,178.0,111.40,0.80,21.60
67.849,1,91.00,12.144,11.406,310,315054,178.0,111.42,0.80,21.60
67.861,1,91.00,12.144,11.426,310,315054,178.0,111.44,0.80,21.60
67.873,1,91.00,12.144,11.422,310,315054,178.0,111.46,0.80,21.60
67.885,1,91.00,12.144,11.489,311,315174,178.0,111.48,0.80,21.60
67.897,1,91.00,12.144,11.535,312,315282,178.0,111.50,0.80,21.60
67.909,1,91.00,12.144,11.484,312,315282,178.0,111.52,0.80,21.60
67.921,1,91.00,12.144,11.618,311,313422,178.0,111.54,0.80,21.60
67.932,1,91.00,12.144,11.689,310,313366,178.0,111.56,0.80,21.60
67.944,1,91.00,12.144,11.701,312,313606,178.0,111.58,0.80,21.60
67.956,1,91.00,12.144,11.760,313,314110,178.0,111.60,0.80,21.60
67.969,1,91.00,12.144,11.820,316,316250,178.0,111.62,0.80,21.62
67.981,1,91.00,12.144,12.116,317,317922,178.0,111.63,0.80,21.63
67.993,1,91.00,12.144,12.025,317,317922,178.0,111.65,0.80,21.65
68.005,1,84.00,13.060,12.164,317,317922,178.0,111.66,0.80,21.66
68.017,1,84.00,13.060,12.183,317,317922,178.0,111.68,0.80,21.68
68.029,1,84.00,13.060,12.150,317,317922,178.0,111.69,0.80,21.69
68.041,1,84.00,13.060,12.130,317,317922,178.0,111.71,0.80,21.71
68.053,1,84.00,13.060,12.209,317,317922,178.0,111.72,0.80,21.72
68.066,1,84.00,13.060,12.180,317,317922,178.0,111.74,0.80,21.74
68.079,1,84.00,13.060,12.241,318,318426,178.0,111.75,0.80,21.75
68.093,1,84.00,13.060,12.170,319,318606,178.0,111.77,0.80,21.77
68.106,1,84.00,13.060,12.229,320,319110,178.0,111.78,0.80,21.78
68.119,1,84.00,13.060,12.205,320,319110,178.0,111.80,0.80,21.80
68.132,1,84.00,13.060,12.192,321,319350,178.0,111.81,0.79,21.81
68.145,1,84.00,13.060,12.255,322,320918,178.0,111.83,0.79,21.83
68.159,1,84.00,13.060,12.178,324,321854,178.0,111.85,0.79,21.85
68.172,1,84.00,13.060,12.234,327,324058,178.0,111.86,0.79,21.86
68.185,1,84.00,13.060,12.179,327,324058,178.0,111.88,0.79,21.88
68.198,1,84.00,13.060,12.165,328,324506,178.0,111.89,0.79,21.89
68.211,1,84.00,13.060,12.190,328,324506,178.0,111.91,0.79,21.91
68.225,1,84.00,13.060,12.135,328,324506,178.0,111.93,0.79,21.93
68.238,1,84.00,13.060,12.188,328,324506,178.0,111.94,0.79,21.94
68.251,1,84.00,13.060,12.139,327,324326,178.0,111.96,0.79,21.96
68.264,1,84.00,13.060,12.194,327,324326,178.0,111.97,0.79,21.97
68.278,1,84.00,13.060,12.235,327,324930,178.0,111.99,0.79,21.99
68.291,1,84.00,13.060,12.335,328,325322,178.0,112.01,0.78,22.01
68.304,1,84.00,13.060,12.461,328,325322,178.0,112.02,0.78,22.02
68.318,1,84.00,13.060,12.475,329,325602,178.0,112.04,0.78,22.04
68.331,1,84.00,13.060,12.573,331,326214,178.0,112.05,0.78,22.05
68.345,1,84.00,13.060,12.596,331,326214,178.0,112.07,0.78,22.07
68.358,1,84.00,13.060,12.740,331,326214,178.0,112.09,0.78,22.09
68.372,1,84.00,13.060,12.817,332,326382,178.0,112.10,0.78,22.10
68.386,1,84.00,13.060,12.847,333,326502,178.0,112.12,0.78,22.12
68.400,1,84.00,13.060,12.923,335,327126,178.0,112.14,0.78,22.14
68.414,1,84.00,13.060,13.002,335,327126,178.0,112.15,0.78,22.15
68.428,1,84.00,13.060,13.084,339,328746,178.0,112.17,0.78,22.17
68.442,1,84.00,13.060,13.148,339,328746,178.0,112.19,0.78,22.19
68.456,1,84.00,13.060,13.212,343,329130,178.0,112.21,0.78,22.20
68.470,1,84.00,13.060,13.249,343,329130,178.0,112.23,0.78,22.20
68.485,1,84.00,13.060,13.264,343,329130,178.0,112.25,0.78,22.20
68.499,1,84.00,13.060,13.327,343,329130,178.0,112.28,0.78,22.20
68.513,1,84.00,13.060,13.325,343,329130,178.0,112.30,0.78,22.20
68.527,1,84.00,13.060,13.385,343,329118,178.0,112.33,0.78,22.20
68.542,1,84.00,13.060,13.464,343,329118,178.0,112.35,0.78,22.20
68.556,1,84.00,13.060,13.515,342,328782,178.0,112.38,0.78,22.20
68.571,1,84.00,13.060,13.589,341,328614,178.0,112.40,0.78,22.20
68.586,1,84.00,13.060,13.611,341,328614,178.0,112.43,0.78,22.20
68.600,1,84.00,13.060,13.616,340,328434,178.0,112.45,0.78,22.20
68.615,1,84.00,13.060,13.646,341,328578,178.0,112.48,0.78,22.20
68.629,1,84.00,13.060,13.618,340,328186,178.0,112.50,0.78,22.20
68.644,1,84.00,13.060,13.651,340,328186,178.0,112.52,0.78,22.20
68.659,1,84.00,13.060,13.678,339,328006,178.0,112.55,0.78,22.20
68.673,1,84.00,13.060,13.677,340,328054,178.0,112.58,0.78,22.20
68.688,1,84.00,13.060,13.684,340,328054,178.0,112.60,0.78,22.20
68.703,1,84.00,13.060,13.722,339,326710,178.0,112.62,0.78,22.20
68.718,1,84.00,13.060,13.743,338,325142,178.0,112.65,0.78,22.20
68.732,1,84.00,13.060,13.699,338,325142,178.0,112.67,0.78,22.20
68.747,1,84.00,13.060,13.783,337,324902,178.0,112.70,0.78,22.20
68.762,1,84.00,13.060,13.806,337,324902,178.0,112.73,0.78,22.20
68.777,1,84.00,13.060,13.784,336,323558,178.0,112.75,0.79,22.20
68.791,1,84.00,13.060,13.800,336,323558,178.0,112.78,0.79,22.20
68.806,1,84.00,13.060,13.754,335,323222,178.0,112.80,0.79,22.20
68.821,1,84.00,13.060,13.751,335,323502,178.0,112.83,0.79,22.20
68.835,1,84.00,13.060,13.756,335,323442,178.0,112.85,0.79,22.20
68.850,1,84.00,13.060,13.784,335,323442,178.0,112.88,0.79,22.20
68.865,1,84.00,13.060,13.736,335,323442,178.0,112.90,0.79,22.20
68.880,1,84.00,13.060,13.775,335,323442,178.0,112.93,0.79,22.20
68.895,1,84.00,13.060,13.828,336,323586,178.0,112.95,0.79,22.20
68.909,1,84.00,13.060,13.793,338,323818,178.0,112.98,0.79,22.20
68.924,1,84.00,13.060,13.661,338,323818,178.0,113.00,0.79,22.20
68.939,1,84.00,13.060,13.644,338,323818,178.0,113.03,0.79,22.20
68.954,1,84.00,13.060,13.702,338,323818,178.0,113.05,0.79,22.20
68.969,1,84.00,13.060,13.657,337,321958,178.0,113.08,0.80,22.20
68.984,1,84.00,13.060,13.668,338,322018,178.0,113.10,0.80,22.20
68.998,1,71.00,14.810,13.561,337,321962,178.0,113.13,0.80,22.20
69.013,1,71.00,14.810,13.645,338,322858,178.0,113.15,0.80,22.20
69.028,1,71.00,14.810,13.697,338,322858,178.0,113.18,0.80,22.20
69.043,1,71.00,14.810,13.704,338,322858,178.0,113.20,0.80,22.20
69.058,1,71.00,14.810,13.686,339,322906,178.0,113.23,0.80,22.20
69.072,1,71.00,14.810,13.727,339,322906,178.0,113.25,0.80,22.20
69.087,1,71.00,14.810,13.751,339,322906,178.0,113.28,0.80,22.20
69.102,1,71.00,14.810,13.674,339,322906,178.0,113.30,0.80,22.20
69.117,1,71.00,14.810,13.701,343,323010,178.0,113.33,0.80,22.20
69.132,1,71.00,14.810,13.639,344,323122,178.0,113.35,0.80,22.20
69.147,1,71.00,14.810,13.675,346,323350,178.0,113.38,0.80,22.20
69.161,1,71.00,14.810,13.702,347,323458,178.0,113.40,0.80,22.20
69.176,1,71.00,14.810,13.657,347,323458,178.0,113.43,0.80,22.20
69.191,1,71.00,14.810,13.723,347,323458,178.0,113.45,0.80,22.20
69.206,1,71.00,14.810,13.669,347,323458,178.0,113.48,0.80,22.20
69.221,1,71.00,14.810,13.674,347,323458,178.0,113.51,0.80,22.20
69.235,1,71.00,14.810,13.658,347,323458,178.0,113.53,0.80,22.20
69.250,1,71.00,14.810,13.649,347,323458,178.0,113.56,0.80,22.20
69.265,1,71.00,14.810,13.554,347,323458,178.0,113.58,0.80,22.20
69.280,1,71.00,14.810,13.648,347,323458,178.0,113.61,0.79,22.20
69.295,1,71.00,14.810,13.640,347,323458,178.0,113.63,0.79,22.20
69.309,1,71.00,14.810,13.613,347,323458,178.0,113.66,0.79,22.20
69.324,1,71.00,14.810,13.636,346,323314,178.0,113.68,0.79,22.20
69.339,1,71.00,14.810,13.615,346,323314,178.0,113.71,0.79,22.20
69.354,1,71.00,14.810,13.604,347,323762,178.0,113.73,0.79,22.20
69.369,1,71.00,14.810,13.615,348,323906,178.0,113.76,0.79,22.20
69.384,1,71.00,14.810,13.586,348,323906,178.0,113.78,0.79,22.20
69.398,1,71.00,14.810,13.530,348,323854,178.0,113.81,0.79,22.20
69.413,1,71.00,14.810,13.595,348,323854,178.0,113.83,0.79,22.20
69.428,1,71.00,14.810,13.631,348,323854,178.0,113.86,0.79,22.20
69.443,1,71.00,14.810,13.569,349,323878,178.0,113.88,0.79,22.20
69.458,1,71.00,14.810,13.591,349,323878,178.0,113.91,0.78,22.20
69.472,1,71.00,14.810,13.593,349,323878,178.0,113.93,0.78,22.20
69.487,1,71.00,14.810,13.597,350,325210,178.0,113.96,0.78,22.20
69.502,1,71.00,14.810,13.570,350,325210,178.0,113.98,0.78,22.20
69.517,1,71.00,14.810,13.565,350,325210,178.0,114.01,0.78,22.20
69.532,1,71.00,14.810,13.522,350,325210,178.0,114.03,0.78,22.20
69.546,1,71.00,14.810,13.566,350,325210,178.0,114.06,0.78,22.20
69.561,1,71.00,14.810,13.554,353,344698,178.0,114.08,0.78,22.20
69.575,1,71.00,14.810,13.541,353,344698,178.0,114.11,0.78,22.20
69.590,1,71.00,14.810,13.624,350,344054,178.0,114.13,0.78,22.20
69.605,1,71.00,14.810,13.586,350,344054,178.0,114.16,0.78,22.20
69.619,1,71.00,14.810,13.583,351,343942,178.0,114.18,0.77,22.20
69.634,1,71.00,14.810,13.606,351,343942,178.0,114.21,0.77,22.20
69.648,1,71.00,14.810,13.187,353,351010,178.0,114.23,0.77,22.20
69.663,1,71.00,14.810,9.325,359,359450,178.0,114.26,0.77,22.20
69.676,1,71.00,14.810,9.353,360,367846,178.0,114.28,0.77,22.20
69.687,1,71.00,14.810,9.351,361,374118,178.0,114.30,0.77,22.20
69.697,1,71.00,14.810,9.398,362,380782,178.0,114.32,0.77,22.20
69.708,1,71.00,14.810,9.400,362,380782,178.0,114.33,0.77,22.20
69.718,1,71.00,14.810,9.406,361,380710,178.0,114.35,0.77,22.20
69.729,1,71.00,14.810,9.488,361,380710,178.0,114.37,0.77,22.20
69.739,1,71.00,14.810,9.537,362,387598,178.0,114.39,0.77,22.20
69.750,1,71.00,14.810,9.449,365,387802,178.0,114.40,0.77,22.20
69.760,1,71.00,14.810,9.506,365,387802,178.0,114.42,0.77,22.20
69.771,1,71.00,14.810,9.473,365,387802,178.0,114.44,0.77,22.20
69.781,1,71.00,14.810,9.494,365,387802,178.0,114.46,0.77,22.20
69.792,1,71.00,14.810,9.467,365,387802,178.0,114.48,0.77,22.20
69.802,1,71.00,14.810,9.435,365,387802,178.0,114.49,0.77,22.20
69.813,1,71.00,14.810,9.478,365,387802,178.0,114.51,0.77,22.20
69.823,1,71.00,14.810,9.449,365,387802,178.0,114.53,0.77,22.20
69.834,1,71.00,14.810,9.395,365,387802,178.0,114.55,0.77,22.20
69.844,1,71.00,14.810,9.475,364,385138,178.0,114.57,0.77,22.20
69.855,1,71.00,14.810,9.484,364,385138,178.0,114.58,0.77,22.20
69.865,1,71.00,14.810,9.530,366,385582,178.0,114.60,0.77,22.20
69.876,1,71.00,14.810,9.457,366,385582,178.0,114.62,0.77,22.20
69.886,1,71.00,14.810,9.467,366,385582,178.0,114.64,0.77,22.20
69.897,1,71.00,14.810,9.424,366,385582,178.0,114.65,0.77,22.20
69.907,1,71.00,14.810,9.438,366,385582,178.0,114.67,0.77,22.20
69.917,1,71.00,14.810,9.439,366,385582,178.0,114.69,0.77,22.20
69.928,1,71.00,14.810,9.431,366,385582,178.0,114.71,0.77,22.20
69.938,1,71.00,14.810,9.488,367,386942,178.0,114.73,0.77,22.20
69.949,1,71.00,14.810,9.433,367,386942,178.0,114.74,0.77,22.20
69.959,1,71.00,14.810,9.473,367,386942,178.0,114.76,0.77,22.20
69.969,1,71.00,14.810,9.425,367,386942,178.0,114.78,0.77,22.20
69.980,1,71.00,14.810,9.447,367,386942,178.0,114.80,0.77,22.20
69.990,1,71.00,14.810,9.440,367,386942,178.0,114.81,0.78,22.20
70.001,1,71.00,14.810,9.454,370,387422,178.0,114.83,0.78,22.20
70.011,1,78.00,14.962,9.420,370,387422,178.0,114.85,0.78,22.20
70.022,1,78.00,14.962,9.472,371,387614,178.0,114.87,0.78,22.20
70.032,1,78.00,14.962,9.488,371,387614,178.0,114.88,0.78,22.20
70.042,1,78.00,14.962,9.505,371,387614,178.0,114.90,0.78,22.20
70.053,1,78.00,14.962,9.543,371,387614,178.0,114.92,0.78,22.20
70.063,1,78.00,14.962,9.582,371,387614,178.0,114.94,0.78,22.20
70.074,1,78.00,14.962,9.582,372,387726,178.0,114.96,0.78,22.20
70.084,1,78.00,14.962,9.690,372,387726,178.0,114.97,0.78,22.20
70.094,1,78.00,14.962,9.630,372,387726,178.0,114.99,0.78,22.20
70.105,1,78.00,14.962,9.665,372,387726,178.0,115.01,0.78,22.20
70.115,1,78.00,14.962,9.658,372,387726,178.0,115.03,0.78,22.20
70.126,1,78.00,14.962,9.707,372,387726,178.0,115.04,0.78,22.20
70.136,1,78.00,14.962,9.675,372,387726,178.0,115.06,0.78,22.20
70.147,1,78.00,14.962,9.720,372,387726,178.0,115.08,0.78,22.20
70.157,1,78.00,14.962,9.765,372,387726,178.0,115.10,0.78,22.20
70.167,1,78.00,14.962,9.767,372,387726,178.0,115.11,0.78,22.20
70.178,1,78.00,14.962,9.778,372,387726,178.0,115.13,0.78,22.20
70.188,1,78.00,14.962,9.834,372,387726,178.0,115.15,0.79,22.20
70.199,1,78.00,14.962,9.815,372,387726,178.0,115.17,0.79,22.20
70.209,1,78.00,14.962,9.904,372,387726,178.0,115.19,0.79,22.20
70.219,1,78.00,14.962,9.900,374,388434,178.0,115.20,0.79,22.20
70.230,1,78.00,14.962,9.885,374,385926,178.0,115.22,0.79,22.20
70.241,1,78.00,14.962,9.906,374,385926,178.0,115.24,0.79,22.20
70.251,1,78.00,14.962,9.822,375,386186,178.0,115.26,0.79,22.20
70.262,1,78.00,14.962,9.843,375,386186,178.0,115.28,0.79,22.20
70.272,1,78.00,14.962,9.933,377,386466,178.0,115.29,0.79,22.20
70.283,1,78.00,14.962,9.817,377,386466,178.0,115.31,0.79,22.20
70.294,1,78.00,14.962,9.819,377,386466,178.0,115.33,0.79,22.20
70.304,1,78.00,14.962,9.809,377,386466,178.0,115.35,0.79,22.20
70.315,1,78.00,14.962,9.814,377,386466,178.0,115.37,0.79,22.20
70.326,1,78.00,14.962,9.767,377,386466,178.0,115.38,0.79,22.20
70.336,1,78.00,14.962,9.654,377,386466,178.0,115.40,0.79,22.20
70.347,1,78.00,14.962,9.729,377,386466,178.0,115.42,0.79,22.20
70.357,1,78.00,14.962,9.660,377,386466,178.0,115.44,0.79,22.20
70.368,1,78.00,14.962,9.691,377,386466,178.0,115.46,0.79,22.20
70.379,1,78.00,14.962,9.674,377,386466,178.0,115.47,0.79,22.20
70.389,1,78.00,14.962,9.637,377,386466,178.0,115.49,0.79,22.20
70.400,1,78.00,14.962,9.649,377,386466,178.0,115.51,0.79,22.20
70.410,1,78.00,14.962,9.615,377,386466,178.0,115.53,0.79,22.20
70.421,1,78.00,14.962,9.541,377,386466,178.0,115.55,0.79,22.20
70.432,1,78.00,14.962,9.591,377,386466,178.0,115.56,0.79,22.20
70.442,1,78.00,14.962,9.565,377,386466,178.0,115.58,0.79,22.20
70.453,1,78.00,14.962,9.544,377,386466,178.0,115.60,0.79,22.20
70.463,1,78.00,14.962,9.612,377,386466,178.0,115.62,0.79,22.20
70.474,1,78.00,14.962,9.632,377,386466,178.0,115.64,0.79,22.20
70.485,1,78.00,14.962,9.652,378,386646,178.0,115.65,0.79,22.20
70.495,1,78.00,14.962,9.766,378,386646,178.0,115.67,0.79,22.20
70.506,1,78.00,14.962,9.756,375,388054,178.0,115.69,0.79,22.20
70.516,1,78.00,14.962,9.747,374,387982,178.0,115.71,0.79,22.20
70.527,1,78.00,14.962,9.767,374,387982,178.0,115.73,0.79,22.20
70.538,1,78.00,14.962,9.849,372,387142,178.0,115.74,0.79,22.20
70.548,1,78.00,14.962,9.846,372,387142,178.0,115.76,0.79,22.20
70.559,1,78.00,14.962,9.950,372,387142,178.0,115.78,0.79,22.20
70.569,1,78.00,14.962,9.883,372,387142,178.0,115.80,0.79,22.20
70.580,1,78.00,14.962,10.002,372,387142,178.0,115.82,0.79,22.20
70.591,1,78.00,14.962,10.074,372,387146,178.0,115.83,0.79,22.20
70.601,1,78.00,14.962,10.066,372,387146,178.0,115.85,0.79,22.20
70.612,1,78.00,14.962,10.110,372,387146,178.0,115.87,0.78,22.20
70.624,1,78.00,14.962,10.145,372,387146,178.0,115.89,0.78,22.20
70.635,1,78.00,14.962,10.248,372,387146,178.0,115.91,0.78,22.20
70.646,1,78.00,14.962,10.287,372,387146,178.0,115.93,0.78,22.20
70.658,1,78.00,14.962,10.251,372,387146,178.0,115.95,0.78,22.20
70.669,1,78.00,14.962,10.300,370,386702,178.0,115.97,0.78,22.20
70.681,1,78.00,14.962,10.406,370,386698,178.0,115.99,0.78,22.20
70.692,1,78.00,14.962,10.523,370,386698,178.0,116.01,0.78,22.20
70.704,1,78.00,14.962,10.512,370,386698,178.0,116.03,0.78,22.20
70.716,1,78.00,14.962,10.516,368,386106,178.0,116.05,0.78,22.20
70.727,1,78.00,14.962,10.610,368,386106,178.0,116.07,0.78,22.20
70.739,1,78.00,14.962,10.657,369,387282,178.0,116.09,0.78,22.20
70.751,1,78.00,14.962,10.767,370,387498,178.0,116.11,0.78,22.20
70.763,1,78.00,14.962,10.780,371,387554,178.0,116.13,0.78,22.20
70.775,1,78.00,14.962,10.707,370,387294,178.0,116.15,0.77,22.20
70.787,1,78.00,14.962,10.792,370,387294,178.0,116.17,0.77,22.20
70.799,1,78.00,14.962,10.749,370,387294,178.0,116.19,0.77,22.20
70.811,1,78.00,14.962,10.754,371,388638,178.0,116.21,0.77,22.20
70.822,1,78.00,14.962,10.680,371,388638,178.0,116.23,0.77,22.20
70.834,1,78.00,14.962,10.658,372,388694,178.0,116.25,0.77,22.20
70.846,1,78.00,14.962,10.674,372,388694,178.0,116.27,0.77,22.20
70.858,1,78.00,14.962,10.577,373,389894,178.0,116.29,0.77,22.20
70.870,1,78.00,14.962,10.599,374,389930,178.0,116.31,0.77,22.20
70.882,1,78.00,14.962,10.571,374,389930,178.0,116.33,0.77,22.20
70.894,1,78.00,14.962,10.579,374,389930,178.0,116.35,0.77,22.20
70.906,1,78.00,14.962,10.571,375,389986,178.0,116.37,0.77,22.20
70.918,1,78.00,14.962,10.574,375,389986,178.0,116.39,0.77,22.20
70.929,1,78.00,14.962,10.500,375,389986,178.0,116.41,0.77,22.20
70.941,1,78.00,14.962,10.368,385,398924,178.0,116.43,0.77,22.20
70.953,1,78.00,14.962,10.380,385,398924,178.0,116.45,0.77,22.20
70.965,1,78.00,14.962,10.439,385,398924,178.0,116.47,0.76,22.20
70.977,1,78.00,14.962,10.445,384,398864,178.0,116.49,0.76,22.20
70.989,1,78.00,14.962,10.391,384,398864,178.0,116.51,0.76,22.20
71.001,1,90.00,12.040,10.481,385,399424,178.0,116.53,0.76,22.20
71.013,1,90.00,12.040,10.478,384,399144,178.0,116.55,0.76,22.20
71.025,1,90.00,12.040,10.425,384,399144,178.0,116.57,0.76,22.20
71.037,1,90.00,12.040,10.475,384,399144,178.0,116.59,0.76,22.20
71.048,1,90.00,12.040,10.478,386,399368,178.0,116.61,0.76,22.20
71.060,1,90.00,12.040,10.487,386,399368,178.0,116.63,0.76,22.20
71.072,1,90.00,12.040,10.457,386,399368,178.0,116.65,0.76,22.20
71.084,1,90.00,12.040,10.494,387,399476,178.0,116.67,0.76,22.20
71.096,1,90.00,12.040,10.504,387,399476,178.0,116.69,0.76,22.20
71.108,1,90.00,12.040,10.445,387,399476,178.0,116.71,0.76,22.20
71.120,1,90.00,12.040,10.557,387,399476,178.0,116.73,0.76,22.20
71.132,1,90.00,12.040,10.574,388,399812,178.0,116.75,0.76,22.20
71.144,1,90.00,12.040,10.514,388,399812,178.0,116.77,0.76,22.20
71.155,1,90.00,12.040,10.479,391,399988,178.0,116.79,0.76,22.20
71.167,1,90.00,12.040,10.578,389,399832,178.0,116.81,0.76,22.20
71.179,1,90.00,12.040,10.531,391,399980,178.0,116.83,0.76,22.20
71.190,1,90.00,12.040,10.508,391,399980,178.0,116.85,0.77,22.20
71.202,1,90.00,12.040,10.577,392,400148,178.0,116.87,0.77,22.20
71.214,1,90.00,12.040,10.562,393,400316,178.0,116.89,0.77,22.20
71.225,1,90.00,12.040,10.513,393,400316,178.0,116.91,0.77,22.20
71.237,1,90.00,12.040,10.600,393,400316,178.0,116.93,0.77,22.20
71.249,1,90.00,12.040,10.588,393,400316,178.0,116.95,0.77,22.20
71.260,1,90.00,12.040,10.566,393,400316,178.0,116.97,0.77,22.20
71.272,1,90.00,12.040,10.503,393,400316,178.0,116.99,0.77,22.20
71.284,1,90.00,12.040,10.565,391,400262,178.0,117.01,0.77,22.20
71.295,1,90.00,12.040,10.511,391,399900,178.0,117.03,0.77,22.20
71.307,1,90.00,12.040,10.044,391,399900,178.0,117.05,0.77,22.20
71.319,1,90.00,12.040,10.110,391,399900,178.0,117.07,0.77,22.20
71.330,1,90.00,12.040,10.149,394,400216,178.0,117.09,0.77,22.20
71.342,1,90.00,12.040,10.182,394,400216,178.0,117.11,0.77,22.20
71.354,1,90.00,12.040,10.092,395,400384,178.0,117.13,0.77,22.20
71.365,1,90.00,12.040,10.180,395,400384,178.0,117.15,0.77,22.20
71.377,1,90.00,12.040,10.163,395,400384,178.0,117.17,0.77,22.20
71.389,1,90.00,12.040,10.095,395,400240,178.0,117.19,0.77,22.20
71.400,1,90.00,12.040,10.063,394,400184,178.0,117.21,0.78,22.20
71.412,1,90.00,12.040,10.123,394,400184,178.0,117.23,0.78,22.20
71.424,1,90.00,12.040,10.016,393,400028,178.0,117.25,0.78,22.20
71.435,1,90.00,12.040,10.039,392,399804,178.0,117.27,0.78,22.20
71.447,1,90.00,12.040,10.080,392,399804,178.0,117.29,0.78,22.20
71.459,1,90.00,12.040,10.061,391,399748,178.0,117.31,0.78,22.20
71.470,1,90.00,12.040,10.174,392,400000,178.0,117.33,0.78,22.20
71.482,1,90.00,12.040,10.234,391,397480,178.0,117.35,0.78,22.20
71.493,1,90.00,12.040,10.308,392,397536,178.0,117.37,0.78,22.20
71.504,1,90.00,12.040,10.260,389,396684,178.0,117.39,0.78,22.20
71.516,1,90.00,12.040,10.472,389,396684,178.0,117.41,0.78,22.20
71.528,1,90.00,12.040,10.455,389,396684,178.0,117.43,0.78,22.20
71.539,1,90.00,12.040,10.523,389,396684,178.0,117.45,0.78,22.20
71.551,1,90.00,12.040,10.570,388,396516,178.0,117.47,0.78,22.20
71.562,1,90.00,12.040,10.724,388,396516,178.0,117.49,0.78,22.20
71.574,1,90.00,12.040,10.683,388,396516,178.0,117.51,0.78,22.20
71.586,1,90.00,12.040,10.804,384,395740,178.0,117.53,0.78,22.20
71.597,1,90.00,12.040,10.936,384,395740,178.0,117.55,0.78,22.20
71.609,1,90.00,12.040,11.004,384,395740,178.0,117.57,0.78,22.20
71.621,1,90.00,12.040,11.009,385,395852,178.0,117.59,0.78,22.20
71.632,1,90.00,12.040,11.083,385,395828,178.0,117.61,0.78,22.20
71.644,1,90.00,12.040,11.094,386,396376,178.0,117.63,0.78,22.20
71.656,1,90.00,12.040,10.961,385,396152,178.0,117.64,0.78,22.20
71.667,1,90.00,12.040,11.098,385,396152,178.0,117.66,0.78,22.20
71.679,1,90.00,12.040,11.149,383,395216,178.0,117.68,0.78,22.20
71.691,1,90.00,12.040,11.185,383,395216,178.0,117.70,0.78,22.20
71.702,1,90.00,12.040,11.282,381,392120,178.0,117.72,0.78,22.20
71.714,1,90.00,12.040,11.338,381,392120,178.0,117.74,0.78,22.20
71.726,1,90.00,12.040,11.402,381,392120,178.0,117.76,0.78,22.20
71.737,1,90.00,12.040,11.440,381,392120,178.0,117.78,0.78,22.20
71.749,1,90.00,12.040,11.460,378,391400,178.0,117.80,0.78,22.20
71.761,1,90.00,12.040,11.472,378,391400,178.0,117.82,0.78,22.20
71.773,1,90.00,12.040,11.372,377,391344,178.0,117.84,0.78,22.20
71.785,1,90.00,12.040,11.428,379,391848,178.0,117.86,0.78,22.20
71.796,1,90.00,12.040,11.413,379,391848,178.0,117.88,0.78,22.20
71.808,1,90.00,12.040,11.353,379,391848,178.0,117.90,0.78,22.20
71.820,1,90.00,12.040,11.409,380,392184,178.0,117.92,0.78,22.20
71.832,1,90.00,12.040,11.451,376,390560,178.0,117.95,0.78,22.20
71.844,1,90.00,12.040,11.411,376,390560,178.0,117.97,0.78,22.20
71.856,1,90.00,12.040,11.317,375,390416,178.0,117.99,0.78,22.20
71.868,1,90.00,12.040,11.393,374,383472,178.0,118.01,0.78,22.20
71.880,1,90.00,12.040,11.421,373,383304,178.0,118.03,0.78,22.20
71.892,1,90.00,12.040,11.363,372,376752,178.0,118.05,0.78,22.20
71.904,1,90.00,12.040,11.480,371,376272,178.0,118.07,0.78,22.20
71.916,1,90.00,12.040,11.512,371,376272,178.0,118.09,0.78,22.20
71.928,1,90.00,12.040,11.584,370,376260,178.0,118.11,0.77,22.20
71.940,1,90.00,12.040,11.596,369,375684,178.0,118.13,0.77,22.20
71.952,1,90.00,12.040,11.697,368,362524,178.0,118.15,0.77,22.20
71.965,1,90.00,12.040,11.763,368,362524,178.0,118.17,0.77,22.20
71.978,1,90.00,12.040,11.841,368,362524,178.0,118.19,0.77,22.20
71.990,1,84.00,12.846,11.691,367,356532,178.0,118.21,0.77,22.20
72.003,1,84.00,12.846,11.784,366,341932,178.0,118.24,0.77,22.20
72.016,1,84.00,12.846,11.656,365,341832,178.0,118.26,0.77,22.20
72.029,1,84.00,12.846,11.580,363,341776,178.0,118.28,0.77,22.20
72.041,1,84.00,12.846,11.493,363,341776,178.0,118.30,0.77,22.20
72.054,1,84.00,12.846,11.583,361,339892,178.0,118.32,0.77,22.20
72.067,1,84.00,12.846,11.715,358,337204,178.0,118.34,0.77,22.20
72.079,1,84.00,12.846,11.837,358,337204,178.0,118.37,0.77,22.20
72.092,1,84.00,12.846,11.977,358,337204,178.0,118.39,0.76,22.20
72.106,1,84.00,12.846,12.209,355,326004,178.0,118.41,0.76,22.20
72.119,1,84.00,12.846,12.437,355,326004,178.0,118.43,0.76,22.20
72.133,1,84.00,12.846,12.654,356,326124,178.0,118.46,0.76,22.20
72.147,1,84.00,12.846,12.876,356,326124,178.0,118.48,0.76,22.20
72.161,1,84.00,12.846,13.106,356,326124,178.0,118.50,0.76,22.20
72.176,1,84.00,12.846,13.504,356,326124,178.0,118.53,0.76,22.20
72.191,1,84.00,12.846,13.902,355,312964,178.0,118.55,0.76,22.20
72.206,1,84.00,12.846,13.971,355,312964,178.0,118.58,0.76,22.20
72.221,1,84.00,12.846,13.927,355,312964,178.0,118.61,0.76,22.20
72.236,1,84.00,12.846,13.938,354,299580,178.0,118.63,0.76,22.20
72.251,1,84.00,12.846,13.903,353,298012,178.0,118.66,0.76,22.20
72.266,1,84.00,12.846,13.972,353,298012,178.0,118.68,0.76,22.20
72.281,1,84.00,12.846,13.959,353,298012,178.0,118.71,0.76,22.20
72.296,1,84.00,12.846,13.966,351,296776,178.0,118.73,0.76,22.20
72.311,1,84.00,12.846,14.007,351,296776,178.0,118.76,0.76,22.20
72.326,1,84.00,12.846,13.949,350,296752,178.0,118.78,0.76,22.20
72.341,1,84.00,12.846,13.995,348,284128,178.0,118.81,0.76,22.21
72.356,1,84.00,12.846,13.963,348,284004,178.0,118.83,0.76,22.23
72.371,1,84.00,12.846,13.970,348,284004,178.0,118.84,0.76,22.24
72.386,1,84.00,12.846,13.973,347,283892,178.0,118.86,0.76,22.26
72.401,1,84.00,12.846,13.928,347,283892,178.0,118.88,0.76,22.28
72.416,1,84.00,12.846,13.872,346,283532,178.0,118.90,0.76,22.30
72.431,1,84.00,12.846,13.811,345,283496,178.0,118.92,0.76,22.32
72.446,1,84.00,12.846,13.872,342,282828,178.0,118.93,0.76,22.33
72.461,1,84.00,12.846,13.911,341,269168,178.0,118.95,0.76,22.35
72.476,1,84.00,12.846,13.835,340,258024,178.0,118.97,0.76,22.37
72.491,1,84.00,12.846,13.836,340,258024,178.0,118.99,0.76,22.39
72.506,1,84.00,12.846,13.843,340,258024,178.0,119.01,0.76,22.41
72.521,1,84.00,12.846,13.896,340,258024,178.0,119.02,0.76,22.42
72.536,1,84.00,12.846,13.864,340,258024,178.0,119.04,0.76,22.44
72.551,1,84.00,12.846,13.816,339,256848,178.0,119.06,0.76,22.46
72.566,1,84.00,12.846,13.834,338,256824,178.0,119.08,0.76,22.48
72.581,1,84.00,12.846,13.722,337,256464,178.0,119.10,0.76,22.50
72.596,1,84.00,12.846,13.783,336,256344,178.0,119.11,0.76,22.51
72.611,1,84.00,12.846,13.804,336,256344,178.0,119.13,0.76,22.53
72.626,1,84.00,12.846,13.802,337,256350,178.0,119.15,0.77,22.55
72.641,1,84.00,12.846,13.787,336,256278,178.0,119.17,0.77,22.57
72.656,1,84.00,12.846,12.225,336,256278,178.0,119.19,0.77,22.59
72.671,1,84.00,12.846,9.262,336,256278,178.0,119.20,0.77,22.60
72.686,1,84.00,12.846,8.969,336,256274,178.0,119.22,0.77,22.62
72.699,1,84.00,12.846,8.596,337,256286,178.0,119.24,0.77,22.64
72.709,1,84.00,12.846,8.483,336,256166,178.0,119.25,0.77,22.65
72.718,1,84.00,12.846,8.510,335,256130,178.0,119.26,0.77,22.66
72.728,1,84.00,12.846,8.464,335,256130,178.0,119.27,0.77,22.67
72.737,1,84.00,12.846,8.448,335,256130,178.0,119.28,0.77,22.68
72.747,1,84.00,12.846,8.480,335,256130,178.0,119.29,0.77,22.69
72.756,1,84.00,12.846,8.452,335,256130,178.0,119.31,0.77,22.71
72.766,1,84.00,12.846,8.448,335,256130,178.0,119.32,0.77,22.72
72.775,1,84.00,12.846,8.428,335,256130,178.0,119.33,0.77,22.73
72.784,1,84.00,12.846,8.448,335,256130,178.0,119.34,0.77,22.74
72.793,1,84.00,12.846,8.418,335,256130,178.0,119.35,0.77,22.75
72.803,1,84.00,12.846,8.472,334,256070,178.0,119.36,0.77,22.76
72.812,1,84.00,12.846,8.457,334,256070,178.0,119.37,0.77,22.77
72.821,1,84.00,12.846,8.438,334,256070,178.0,119.38,0.78,22.78
72.830,1,84.00,12.846,8.511,334,256070,178.0,119.40,0.78,22.80
72.840,1,84.00,12.846,8.465,334,256070,178.0,119.41,0.78,22.80
72.849,1,84.00,12.846,8.547,333,254978,178.0,119.42,0.78,22.80
72.858,1,84.00,12.846,8.485,333,254978,178.0,119.44,0.78,22.80
72.867,1,84.00,12.846,8.547,331,254618,178.0,119.46,0.78,22.80
72.877,1,84.00,12.846,8.571,330,254594,178.0,119.47,0.78,22.80
72.886,1,84.00,12.846,8.632,329,254270,178.0,119.49,0.78,22.80
72.895,1,84.00,12.846,8.605,329,254270,178.0,119.50,0.78,22.80
72.904,1,84.00,12.846,8.644,329,254270,178.0,119.52,0.78,22.80
72.914,1,84.00,12.846,8.692,329,254270,178.0,119.53,0.78,22.80
72.923,1,84.00,12.846,8.690,329,254270,178.0,119.55,0.78,22.80
72.932,1,84.00,12.846,8.739,328,252030,178.0,119.57,0.78,22.80
72.941,1,84.00,12.846,8.749,328,252030,178.0,119.58,0.78,22.80
72.951,1,84.00,12.846,8.797,328,252030,178.0,119.60,0.78,22.80
72.960,1,84.00,12.846,8.788,328,252030,178.0,119.61,0.78,22.80
72.969,1,84.00,12.846,8.852,328,252030,178.0,119.63,0.78,22.80
72.979,1,84.00,12.846,8.855,327,251974,178.0,119.65,0.78,22.80
72.988,1,84.00,12.846,8.895,327,251974,178.0,119.66,0.78,22.80
72.997,1,81.00,15.356,8.884,327,251974,178.0,119.68,0.78,22.80
73.007,1,81.00,15.356,8.940,327,251974,178.0,119.69,0.78,22.80
73.016,1,81.00,15.356,8.973,327,251974,178.0,119.71,0.78,22.80
73.026,1,81.00,15.356,8.954,327,251974,178.0,119.73,0.78,22.80
73.035,1,81.00,15.356,8.923,327,251974,178.0,119.74,0.78,22.80
73.045,1,81.00,15.356,8.971,327,251974,178.0,119.76,0.78,22.80
73.054,1,81.00,15.356,8.933,327,251974,178.0,119.77,0.78,22.80
73.064,1,81.00,15.356,9.011,326,251938,178.0,119.79,0.78,22.80
73.073,1,81.00,15.356,9.004,326,251938,178.0,119.81,0.77,22.80
73.083,1,81.00,15.356,8.957,326,251938,178.0,119.82,0.77,22.80
73.092,1,81.00,15.356,8.990,325,251878,178.0,119.84,0.77,22.80
73.102,1,81.00,15.356,9.064,326,251978,178.0,119.85,0.77,22.80
73.111,1,81.00,15.356,9.058,326,251978,178.0,119.87,0.77,22.80
73.121,1,81.00,15.356,8.973,326,251978,178.0,119.89,0.77,22.80
73.130,1,81.00,15.356,8.993,325,251810,178.0,119.90,0.77,22.80
73.140,1,81.00,15.356,8.957,325,251810,178.0,119.92,0.77,22.80
73.149,1,81.00,15.356,9.084,325,251810,178.0,119.94,0.77,22.80
73.159,1,81.00,15.356,9.060,325,251810,178.0,119.95,0.77,22.80
73.168,1,81.00,15.356,9.070,325,251810,178.0,119.97,0.77,22.80
73.178,1,81.00,15.356,9.077,325,251810,178.0,119.98,0.77,22.80
73.188,1,81.00,15.356,9.084,324,251754,178.0,120.00,0.77,22.80
73.198,1,81.00,15.356,9.091,324,251754,178.0,120.02,0.77,22.80
73.208,1,81.00,15.356,9.031,323,251474,178.0,120.03,0.77,22.80
73.218,1,81.00,15.356,8.995,323,251474,178.0,120.05,0.77,22.80
73.228,1,81.00,15.356,9.027,323,251474,178.0,120.07,0.77,22.80
73.238,1,81.00,15.356,9.030,323,251474,178.0,120.09,0.77,22.80
73.248,1,81.00,15.356,9.117,323,251474,178.0,120.10,0.77,22.80
73.258,1,81.00,15.356,9.132,323,251474,178.0,120.12,0.77,22.80
73.268,1,81.00,15.356,9.112,323,251474,178.0,120.14,0.76,22.80
73.278,1,81.00,15.356,9.116,323,251474,178.0,120.15,0.76,22.80
73.288,1,81.00,15.356,9.122,323,251474,178.0,120.17,0.76,22.80
73.298,1,81.00,15.356,9.120,323,251474,178.0,120.19,0.76,22.80
73.308,1,81.00,15.356,9.145,323,251474,178.0,120.21,0.76,22.80
73.318,1,81.00,15.356,9.080,323,251474,178.0,120.22,0.76,22.80
73.329,1,81.00,15.356,9.170,323,251474,178.0,120.24,0.76,22.80
73.339,1,81.00,15.356,9.166,323,251474,178.0,120.26,0.76,22.80
73.349,1,81.00,15.356,9.168,323,251474,178.0,120.27,0.76,22.80
73.359,1,81.00,15.356,9.180,323,251474,178.0,120.29,0.76,22.80
73.369,1,81.00,15.356,9.120,323,251474,178.0,120.31,0.76,22.80
73.379,1,81.00,15.356,9.193,323,251474,178.0,120.33,0.76,22.80
73.389,1,81.00,15.356,9.260,323,251474,178.0,120.34,0.76,22.80
73.400,1,81.00,15.356,9.177,323,251474,178.0,120.36,0.76,22.80
73.410,1,81.00,15.356,9.221,323,251474,178.0,120.38,0.76,22.80
73.421,1,81.00,15.356,9.162,323,251474,178.0,120.40,0.76,22.80
73.431,1,81.00,15.356,9.227,323,251422,178.0,120.41,0.75,22.80
73.441,1,81.00,15.356,9.319,323,251422,178.0,120.43,0.75,22.80
73.452,1,81.00,15.356,9.159,323,251422,178.0,120.45,0.75,22.80
73.462,1,81.00,15.356,9.237,323,251422,178.0,120.47,0.75,22.80
73.473,1,81.00,15.356,9.274,323,251422,178.0,120.49,0.75,22.80
73.483,1,81.00,15.356,9.210,321,251250,178.0,120.50,0.75,22.80
73.494,1,81.00,15.356,9.285,321,251250,178.0,120.52,0.75,22.80
73.504,1,81.00,15.356,9.262,321,251250,178.0,120.54,0.75,22.80
73.514,1,81.00,15.356,9.307,320,251138,178.0,120.56,0.75,22.80
73.525,1,81.00,15.356,9.311,319,250634,178.0,120.57,0.75,22.80
73.535,1,81.00,15.356,9.244,318,250454,178.0,120.59,0.75,22.80
73.546,1,81.00,15.356,9.315,318,250454,178.0,120.61,0.75,22.80
73.556,1,81.00,15.356,9.266,318,250454,178.0,120.63,0.75,22.80
73.566,1,81.00,15.356,9.372,318,250454,178.0,120.64,0.75,22.80
73.577,1,81.00,15.356,9.323,318,250454,178.0,120.66,0.75,22.80
73.587,1,81.00,15.356,9.274,318,250454,178.0,120.68,0.75,22.80
73.598,1,81.00,15.356,9.347,316,249726,178.0,120.70,0.75,22.80
73.608,1,81.00,15.356,9.336,316,249726,178.0,120.72,0.75,22.80
73.619,1,81.00,15.356,9.273,316,249726,178.0,120.73,0.75,22.80
73.629,1,81.00,15.356,9.336,316,249726,178.0,120.75,0.75,22.80
73.639,1,81.00,15.356,9.307,315,249186,178.0,120.77,0.75,22.80
73.650,1,81.00,15.356,9.289,315,249186,178.0,120.79,0.75,22.80
73.660,1,81.00,15.356,9.333,315,249186,178.0,120.80,0.75,22.80
73.671,1,81.00,15.356,9.222,314,245052,178.0,120.82,0.75,22.80
73.681,1,81.00,15.356,9.294,314,245052,178.0,120.84,0.75,22.80
73.691,1,81.00,15.356,9.275,314,245052,178.0,120.86,0.75,22.80
73.702,1,81.00,15.356,9.212,314,245052,178.0,120.87,0.75,22.80
73.712,1,81.00,15.356,9.290,314,245052,178.0,120.89,0.75,22.80
73.723,1,81.00,15.356,9.200,314,245052,178.0,120.91,0.75,22.80
73.733,1,81.00,15.356,9.255,313,244884,178.0,120.93,0.75,22.80
73.744,1,81.00,15.356,9.256,312,244716,178.0,120.95,0.75,22.80
73.754,1,81.00,15.356,9.237,311,244268,178.0,120.96,0.75,22.80
73.764,1,81.00,15.356,9.260,311,244268,178.0,120.98,0.75,22.80
73.775,1,81.00,15.356,9.248,311,244268,178.0,121.00,0.75,22.80
73.785,1,81.00,15.356,9.167,311,244268,178.0,121.02,0.75,22.80
73.796,1,81.00,15.356,9.239,310,244216,178.0,121.03,0.75,22.80
73.806,1,81.00,15.356,9.256,310,244216,178.0,121.05,0.75,22.80
73.816,1,81.00,15.356,9.228,310,244216,178.0,121.07,0.75,22.80
73.827,1,81.00,15.356,9.228,310,244216,178.0,121.09,0.76,22.80
73.837,1,81.00,15.356,9.170,310,244216,178.0,121.10,0.76,22.80
73.848,1,81.00,15.356,9.243,310,244216,178.0,121.12,0.76,22.80
73.858,1,81.00,15.356,9.212,310,244216,178.0,121.14,0.76,22.80
73.868,1,81.00,15.356,9.122,310,244216,178.0,121.16,0.76,22.80
73.878,1,81.00,15.356,9.209,310,244216,178.0,121.17,0.76,22.80
73.888,1,81.00,15.356,9.157,310,244216,178.0,121.19,0.76,22.80
73.898,1,81.00,15.356,9.186,310,244216,178.0,121.21,0.76,22.80
73.909,1,81.00,15.356,9.209,296,240120,178.0,121.23,0.76,22.80
73.919,1,81.00,15.356,9.437,296,240120,178.0,121.24,0.76,22.80
73.929,1,81.00,15.356,9.445,296,240120,178.0,121.26,0.76,22.80
73.940,1,81.00,15.356,9.453,296,240120,178.0,121.28,0.76,22.80
73.950,1,81.00,15.356,9.391,296,240120,178.0,121.30,0.76,22.80
73.961,1,81.00,15.356,9.449,296,240120,178.0,121.31,0.76,22.80
73.971,1,81.00,15.356,9.436,295,239280,178.0,121.33,0.76,22.80
73.981,1,81.00,15.356,9.445,294,238740,178.0,121.35,0.76,22.80
73.992,1,81.00,15.356,9.425,294,238740,178.0,121.37,0.76,22.80
74.002,1,99.00,10.548,9.369,293,238680,178.0,121.39,0.76,22.80
74.013,1,99.00,10.548,9.420,294,238728,178.0,121.40,0.76,22.80
74.023,1,99.00,10.548,9.457,292,238000,178.0,121.42,0.77,22.80
74.034,1,99.00,10.548,9.371,292,238000,178.0,121.44,0.77,22.80
74.044,1,99.00,10.548,9.428,291,237888,178.0,121.46,0.77,22.80
74.054,1,99.00,10.548,9.335,291,237888,178.0,121.47,0.77,22.80
74.065,1,99.00,10.548,9.417,291,237888,178.0,121.49,0.77,22.80
74.075,1,99.00,10.548,9.442,291,237888,178.0,121.51,0.77,22.80
74.085,1,99.00,10.548,9.375,289,236968,178.0,121.53,0.77,22.80
74.096,1,99.00,10.548,9.479,286,236664,178.0,121.54,0.77,22.80
74.106,1,99.00,10.548,9.416,286,236664,178.0,121.56,0.77,22.80
74.117,1,99.00,10.548,9.380,284,236184,178.0,121.58,0.77,22.80
74.127,1,99.00,10.548,9.445,280,235656,178.0,121.60,0.77,22.80
74.138,1,99.00,10.548,9.395,278,234280,178.0,121.62,0.77,22.80
74.148,1,99.00,10.548,9.455,274,234176,178.0,121.63,0.77,22.80
74.158,1,99.00,10.548,9.416,273,233952,178.0,121.65,0.77,22.80
74.169,1,99.00,10.548,9.353,272,233808,178.0,121.67,0.77,22.80
74.179,1,99.00,10.548,9.479,271,233748,178.0,121.69,0.77,22.80
74.190,1,99.00,10.548,9.426,270,233412,178.0,121.70,0.77,22.80
74.200,1,99.00,10.548,9.434,268,232572,178.0,121.72,0.77,22.80
74.210,1,99.00,10.548,9.445,268,232572,178.0,121.74,0.77,22.80
74.221,1,99.00,10.548,9.377,266,231168,178.0,121.76,0.77,22.80
74.231,1,99.00,10.548,9.432,262,222660,178.0,121.77,0.77,22.80
74.242,1,99.00,10.548,9.424,262,216828,178.0,121.79,0.77,22.80
74.252,1,99.00,10.548,9.393,259,216288,178.0,121.81,0.77,22.80
74.262,1,99.00,10.548,9.423,286,235948,178.0,121.83,0.77,22.80
74.273,1,99.00,10.548,9.502,286,235948,178.0,121.85,0.77,22.80
74.283,1,99.00,10.548,9.485,284,235468,178.0,121.86,0.77,22.80
74.294,1,99.00,10.548,9.538,280,234940,178.0,121.88,0.77,22.80
74.304,1,99.00,10.548,9.486,276,234836,178.0,121.90,0.77,22.80
74.315,1,99.00,10.548,9.558,276,234836,178.0,121.92,0.77,22.80
74.325,1,99.00,10.548,9.494,276,234836,178.0,121.93,0.77,22.80
74.335,1,99.00,10.548,9.469,275,235764,178.0,121.95,0.77,22.80
74.346,1,99.00,10.548,9.581,275,235764,178.0,121.97,0.77,22.80
74.356,1,99.00,10.548,9.510,275,236040,178.0,121.99,0.77,22.80
74.367,1,99.00,10.548,9.601,274,235704,178.0,122.00,0.77,22.80
74.377,1,99.00,10.548,9.604,271,230730,178.0,122.02,0.77,22.80
74.387,1,99.00,10.548,9.577,271,230730,178.0,122.04,0.77,22.80
74.398,1,99.00,10.548,9.677,270,235318,178.0,122.06,0.77,22.80
74.408,1,99.00,10.548,9.674,268,233530,178.0,122.08,0.77,22.80
74.419,1,99.00,10.548,9.671,263,220258,178.0,122.09,0.76,22.80
74.429,1,99.00,10.548,9.742,262,220222,178.0,122.11,0.76,22.80
74.440,1,99.00,10.548,9.799,262,240494,178.0,122.13,0.76,22.80
74.450,1,99.00,10.548,9.761,262,246794,178.0,122.15,0.76,22.80
74.460,1,99.00,10.548,9.882,260,250958,178.0,122.16,0.76,22.80
74.471,1,99.00,10.548,9.876,257,250758,178.0,122.18,0.76,22.80
74.481,1,99.00,10.548,9.956,255,258430,178.0,122.20,0.76,22.80
74.492,1,99.00,10.548,10.048,254,264098,178.0,122.22,0.76,22.80
74.502,1,99.00,10.548,10.021,255,264962,178.0,122.24,0.76,22.80
74.512,1,99.00,10.548,10.133,255,269460,178.0,122.25,0.76,22.80
74.523,1,99.00,10.548,10.146,254,269404,178.0,122.27,0.76,22.80
74.534,1,99.00,10.548,10.227,253,269352,178.0,122.29,0.76,22.80
74.545,1,99.00,10.548,10.303,253,269352,178.0,122.31,0.76,22.80
74.557,1,99.00,10.548,10.399,252,269292,178.0,122.33,0.76,22.80
74.568,1,99.00,10.548,10.430,247,269104,178.0,122.35,0.76,22.80
74.580,1,99.00,10.548,10.413,246,269048,178.0,122.37,0.75,22.80
74.591,1,99.00,10.548,10.376,246,269048,178.0,122.39,0.75,22.80
74.603,1,99.00,10.548,10.492,246,269048,178.0,122.41,0.75,22.80
74.614,1,99.00,10.548,10.474,266,273850,178.0,122.43,0.75,22.80
74.625,1,99.00,10.548,10.250,265,273814,178.0,122.44,0.75,22.80
74.636,1,99.00,10.548,10.202,263,271742,178.0,122.46,0.75,22.80
74.648,1,99.00,10.548,10.227,259,271434,178.0,122.48,0.75,22.80
74.659,1,99.00,10.548,10.222,256,271150,178.0,122.50,0.75,22.80
74.670,1,99.00,10.548,10.195,255,271050,178.0,122.52,0.75,22.80
74.681,1,99.00,10.548,10.201,255,271050,178.0,122.54,0.75,22.80
74.692,1,99.00,10.548,10.227,255,269664,178.0,122.56,0.75,22.80
74.704,1,99.00,10.548,10.207,254,269608,178.0,122.58,0.75,22.80
74.715,1,99.00,10.548,10.184,254,269608,178.0,122.60,0.75,22.80
74.726,1,99.00,10.548,10.262,254,269608,178.0,122.62,0.75,22.80
74.737,1,99.00,10.548,10.222,254,269608,178.0,122.63,0.75,22.80
74.749,1,99.00,10.548,10.276,252,269260,178.0,122.65,0.75,22.80
74.760,1,99.00,10.548,10.293,248,269156,178.0,122.67,0.74,22.80
74.771,1,99.00,10.548,10.289,247,269100,178.0,122.69,0.74,22.80
74.782,1,99.00,10.548,10.322,247,269100,178.0,122.71,0.74,22.80
74.794,1,99.00,10.548,10.296,247,269100,178.0,122.73,0.74,22.80
74.805,1,99.00,10.548,10.283,247,269100,178.0,122.75,0.74,22.80
74.817,1,99.00,10.548,10.295,247,269100,178.0,122.77,0.74,22.80
74.828,1,99.00,10.548,10.311,246,268960,178.0,122.79,0.74,22.80
74.840,1,99.00,10.548,10.259,242,268572,178.0,122.81,0.74,22.80
74.852,1,99.00,10.548,10.202,242,268572,178.0,122.83,0.74,22.80
74.863,1,99.00,10.548,10.236,242,268632,178.0,122.85,0.74,22.80
74.875,1,99.00,10.548,10.214,242,268676,178.0,122.87,0.74,22.80
74.887,1,99.00,10.548,10.099,242,268676,178.0,122.89,0.74,22.80
74.898,1,99.00,10.548,10.245,242,269348,178.0,122.91,0.74,22.80
74.910,1,99.00,10.548,10.249,243,269628,178.0,122.93,0.74,22.80
74.922,1,99.00,10.548,10.185,242,269516,178.0,122.95,0.74,22.80
74.933,1,99.00,10.548,10.195,239,268812,178.0,122.97,0.74,22.80
74.945,1,99.00,10.548,10.140,239,268812,178.0,122.99,0.74,22.80
74.957,1,99.00,10.548,10.090,242,269524,178.0,123.01,0.74,22.80
74.968,1,99.00,10.548,10.173,254,271156,178.0,123.03,0.74,22.80
74.980,1,99.00,10.548,10.402,254,271156,178.0,123.05,0.74,22.80
74.992,1,99.00,10.548,10.341,254,271156,178.0,123.07,0.74,22.80
75.003,1,92.00,11.691,10.486,254,271884,178.0,123.09,0.74,22.80
75.015,1,92.00,11.691,10.433,253,271744,178.0,123.11,0.74,22.80
75.027,1,92.00,11.691,10.513,250,271644,178.0,123.13,0.74,22.80
75.038,1,92.00,11.691,10.507,250,271644,178.0,123.15,0.75,22.80
75.050,1,92.00,11.691,10.582,251,273100,178.0,123.17,0.75,22.80
75.062,1,92.00,11.691,10.615,250,274548,178.0,123.19,0.75,22.80
75.073,1,92.00,11.691,10.631,250,274548,178.0,123.21,0.75,22.80
75.085,1,92.00,11.691,10.701,250,275296,178.0,123.23,0.75,22.80
75.097,1,92.00,11.691,10.724,249,275240,178.0,123.25,0.75,22.80
75.108,1,92.00,11.691,10.750,249,275240,178.0,123.27,0.75,22.80
75.120,1,92.00,11.691,10.716,248,275184,178.0,123.29,0.75,22.80
75.132,1,92.00,11.691,10.853,249,275220,178.0,123.31,0.75,22.80
75.143,1,92.00,11.691,10.825,246,274516,178.0,123.33,0.75,22.80
75.155,1,92.00,11.691,10.793,246,274516,178.0,123.35,0.75,22.80
75.167,1,92.00,11.691,10.865,248,277816,178.0,123.36,0.75,22.80
75.178,1,92.00,11.691,10.949,247,276864,178.0,123.38,0.75,22.80
75.190,1,92.00,11.691,10.870,245,276360,178.0,123.40,0.75,22.80
75.202,1,92.00,11.691,10.942,244,276304,178.0,123.42,0.75,22.80
75.213,1,92.00,11.691,10.943,244,276256,178.0,123.44,0.75,22.80
75.225,1,92.00,11.691,10.911,244,276256,178.0,123.46,0.75,22.80
75.237,1,92.00,11.691,10.993,241,275004,178.0,123.48,0.75,22.80
75.248,1,92.00,11.691,11.049,241,275004,178.0,123.50,0.76,22.80
75.260,1,92.00,11.691,11.082,242,276292,178.0,123.52,0.76,22.80
75.272,1,92.00,11.691,11.092,242,275812,178.0,123.54,0.76,22.80
75.283,1,92.00,11.691,11.099,242,275812,178.0,123.56,0.76,22.80
75.295,1,92.00,11.691,11.126,241,275700,178.0,123.58,0.76,22.80
75.307,1,92.00,11.691,11.117,240,275652,178.0,123.60,0.76,22.80
75.318,1,92.00,11.691,11.156,165,223650,178.0,123.62,0.76,22.78
75.330,1,92.00,11.691,10.816,163,223314,178.0,123.63,0.76,22.77
75.342,1,92.00,11.691,10.861,163,223314,178.0,123.64,0.76,22.76
75.353,1,92.00,11.691,10.896,163,223314,178.0,123.66,0.76,22.74
75.365,1,92.00,11.691,10.960,163,223314,178.0,123.67,0.76,22.73
75.377,1,92.00,11.691,11.023,163,223314,178.0,123.69,0.76,22.71
75.388,1,92.00,11.691,11.025,163,223314,178.0,123.70,0.76,22.70
75.400,1,92.00,11.691,11.128,163,223314,178.0,123.71,0.76,22.69
75.412,1,92.00,11.691,11.153,163,223314,178.0,123.73,0.76,22.67
75.424,1,92.00,11.691,11.150,163,223314,178.0,123.74,0.76,22.66
75.436,1,92.00,11.691,11.187,163,223314,178.0,123.76,0.76,22.64
75.449,1,92.00,11.691,11.226,163,223314,178.0,123.77,0.76,22.63
75.461,1,92.00,11.691,11.369,162,223090,178.0,123.79,0.76,22.61
75.473,1,92.00,11.691,11.294,161,222138,178.0,123.80,0.76,22.60
75.486,1,92.00,11.691,11.265,160,221522,178.0,123.82,0.76,22.58
75.498,1,92.00,11.691,11.250,160,221522,178.0,123.83,0.76,22.57
75.510,1,92.00,11.691,11.347,160,221522,178.0,123.85,0.76,22.55
75.522,1,92.00,11.691,11.251,160,221522,178.0,123.86,0.76,22.54
75.534,1,92.00,11.691,11.231,160,221522,178.0,123.88,0.76,22.52
75.547,1,92.00,11.691,11.270,162,221762,178.0,123.89,0.76,22.51
75.559,1,92.00,11.691,11.321,162,221762,178.0,123.91,0.76,22.49
75.571,1,92.00,11.691,11.341,162,221762,178.0,123.92,0.76,22.48
75.584,1,92.00,11.691,11.398,162,221762,178.0,123.94,0.76,22.46
75.596,1,92.00,11.691,11.362,163,221882,178.0,123.95,0.76,22.45
75.609,1,92.00,11.691,11.377,164,221918,178.0,123.97,0.76,22.43
75.621,1,92.00,11.691,11.400,164,221918,178.0,123.98,0.76,22.42
75.634,1,92.00,11.691,11.346,165,222386,178.0,124.00,0.76,22.40
75.646,1,92.00,11.691,11.402,166,222442,178.0,124.01,0.76,22.39
75.659,1,92.00,11.691,11.345,166,222442,178.0,124.03,0.76,22.37
75.671,1,92.00,11.691,11.323,165,221826,178.0,124.04,0.76,22.36
75.684,1,92.00,11.691,11.339,165,221826,178.0,124.06,0.76,22.34
75.696,1,92.00,11.691,11.324,165,221826,178.0,124.07,0.76,22.33
75.709,1,92.00,11.691,11.308,167,222722,178.0,124.09,0.76,22.31
75.721,1,92.00,11.691,11.259,167,222722,178.0,124.10,0.76,22.30
75.734,1,92.00,11.691,11.308,167,222722,178.0,124.12,0.76,22.28
75.746,1,92.00,11.691,11.162,167,222722,178.0,124.13,0.76,22.27
75.759,1,92.00,11.691,11.129,169,224478,178.0,124.15,0.75,22.25
75.771,1,92.00,11.691,11.098,171,224826,178.0,124.16,0.75,22.24
75.784,1,92.00,11.691,11.066,172,225258,178.0,124.18,0.75,22.22
75.796,1,92.00,11.691,10.998,178,243406,178.0,124.19,0.75,22.21
75.809,1,92.00,11.691,10.952,179,245086,178.0,124.21,0.75,22.20
75.821,1,92.00,11.691,10.903,213,267700,178.0,124.23,0.75,22.20
75.834,1,92.00,11.691,10.726,211,267328,178.0,124.25,0.75,22.20
75.846,1,92.00,11.691,10.766,211,267328,178.0,124.27,0.75,22.20
75.859,1,92.00,11.691,10.686,209,266940,178.0,124.29,0.75,22.20
75.871,1,92.00,11.691,10.654,209,266940,178.0,124.31,0.75,22.20
75.883,1,92.00,11.691,10.744,209,266652,178.0,124.33,0.75,22.20
75.895,1,92.00,11.691,10.788,209,266652,178.0,124.35,0.75,22.20
75.907,1,92.00,11.691,10.723,204,265308,178.0,124.38,0.75,22.20
75.919,1,92.00,11.691,10.732,201,265080,178.0,124.40,0.74,22.20
75.931,1,92.00,11.691,10.754,200,264744,178.0,124.42,0.74,22.20
75.944,1,92.00,11.691,10.676,197,261660,178.0,124.44,0.74,22.20
75.956,1,92.00,11.691,10.729,196,260040,178.0,124.46,0.74,22.20
75.968,1,92.00,11.691,10.724,195,256680,178.0,124.48,0.74,22.20
75.980,1,92.00,11.691,10.692,195,256680,178.0,124.50,0.74,22.20
75.992,1,92.00,11.691,10.692,191,251408,178.0,124.52,0.74,22.20
76.004,1,83.00,12.416,10.747,188,250688,178.0,124.54,0.74,22.20
76.016,1,83.00,12.416,10.823,186,249176,178.0,124.56,0.74,22.20
76.028,1,83.00,12.416,10.884,184,249116,178.0,124.58,0.74,22.20
76.041,1,83.00,12.416,10.907,182,247188,178.0,124.60,0.74,22.20
76.053,1,83.00,12.416,10.962,180,246600,178.0,124.62,0.74,22.20
76.065,1,83.00,12.416,10.864,180,246600,178.0,124.64,0.74,22.20
76.077,1,83.00,12.416,10.928,178,245050,178.0,124.66,0.74,22.20
76.089,1,83.00,12.416,10.917,178,245050,178.0,124.68,0.74,22.20
76.101,1,83.00,12.416,11.046,178,245050,178.0,124.71,0.74,22.20
76.113,1,83.00,12.416,11.058,177,244994,178.0,124.73,0.74,22.20
76.125,1,83.00,12.416,11.026,175,244874,178.0,124.75,0.74,22.20
76.138,1,83.00,12.416,11.134,172,244262,178.0,124.77,0.74,22.20
76.150,1,83.00,12.416,11.183,170,242402,178.0,124.79,0.74,22.20
76.162,1,83.00,12.416,11.244,167,224430,178.0,124.81,0.74,22.20
76.174,1,83.00,12.416,11.360,204,265308,178.0,124.83,0.74,22.20
76.186,1,83.00,12.416,11.680,204,265308,178.0,124.85,0.74,22.20
76.198,1,83.00,12.416,11.864,203,263628,178.0,124.87,0.74,22.20
76.210,1,83.00,12.416,11.803,198,261804,178.0,124.89,0.74,22.20
76.222,1,83.00,12.416,11.820,197,260184,178.0,124.91,0.74,22.20
76.235,1,83.00,12.416,11.858,196,260040,178.0,124.93,0.74,22.20
76.247,1,83.00,12.416,11.983,196,260040,178.0,124.95,0.74,22.20
76.259,1,83.00,12.416,11.862,195,259256,178.0,124.97,0.74,22.20
76.271,1,83.00,12.416,11.949,192,255452,178.0,124.99,0.74,22.20
76.283,1,83.00,12.416,12.044,191,255332,178.0,125.01,0.74,22.20
76.296,1,83.00,12.416,12.019,186,249504,178.0,125.04,0.74,22.20
76.308,1,83.00,12.416,12.017,186,249504,178.0,125.06,0.74,22.20
76.321,1,83.00,12.416,12.053,182,248672,178.0,125.08,0.74,22.20
76.333,1,83.00,12.416,12.109,181,248336,178.0,125.10,0.74,22.20
76.346,1,83.00,12.416,12.175,179,246884,178.0,125.12,0.74,22.20
76.358,1,83.00,12.416,12.236,178,245446,178.0,125.14,0.74,22.20
76.371,1,83.00,12.416,12.239,178,245446,178.0,125.16,0.74,22.20
76.383,1,83.00,12.416,12.332,177,244718,178.0,125.18,0.74,22.20
76.396,1,83.00,12.416,12.357,177,244718,178.0,125.21,0.74,22.20
76.408,1,83.00,12.416,12.393,176,244606,178.0,125.23,0.74,22.20
76.421,1,83.00,12.416,12.496,173,244430,178.0,125.25,0.74,22.20
76.434,1,83.00,12.416,12.499,173,244430,178.0,125.27,0.74,22.20
76.447,1,83.00,12.416,12.470,172,244262,178.0,125.29,0.75,22.20
76.461,1,83.00,12.416,12.467,171,244082,178.0,125.32,0.75,22.20
76.474,1,83.00,12.416,12.487,171,244082,178.0,125.34,0.75,22.20
76.488,1,83.00,12.416,12.517,170,243074,178.0,125.36,0.75,22.20
76.501,1,83.00,12.416,12.523,170,243074,178.0,125.39,0.75,22.20
76.515,1,83.00,12.416,12.558,168,241286,178.0,125.41,0.75,22.20
76.528,1,83.00,12.416,12.523,198,259296,178.0,125.43,0.75,22.20
76.542,1,83.00,12.416,12.452,198,259296,178.0,125.45,0.75,22.20
76.555,1,83.00,12.416,12.538,197,258960,178.0,125.48,0.75,22.20
76.569,1,83.00,12.416,12.516,196,258176,178.0,125.50,0.75,22.20
76.582,1,83.00,12.416,12.468,193,257948,178.0,125.52,0.75,22.20
76.596,1,83.00,12.416,12.467,192,257804,178.0,125.55,0.75,22.20
76.609,1,83.00,12.416,12.568,191,257580,178.0,125.57,0.75,22.20
76.623,1,83.00,12.416,12.500,188,256232,178.0,125.59,0.75,22.20
76.636,1,83.00,12.416,12.494,187,252872,178.0,125.61,0.75,22.20
76.650,1,83.00,12.416,12.528,187,252872,178.0,125.64,0.75,22.20
76.664,1,83.00,12.416,12.541,185,248496,178.0,125.66,0.75,22.20
76.677,1,83.00,12.416,12.610,182,247524,178.0,125.68,0.76,22.20
76.691,1,83.00,12.416,12.602,182,247524,178.0,125.71,0.76,22.20
76.705,1,83.00,12.416,12.679,181,246086,178.0,125.73,0.76,22.20
76.718,1,83.00,12.416,12.683,179,245590,178.0,125.75,0.76,22.20
76.732,1,83.00,12.416,12.734,179,245590,178.0,125.78,0.76,22.20
76.746,1,83.00,12.416,12.750,175,243670,178.0,125.80,0.76,22.20
76.759,1,83.00,12.416,12.778,175,243670,178.0,125.82,0.76,22.20
76.773,1,83.00,12.416,12.693,174,243614,178.0,125.85,0.76,22.20
76.787,1,83.00,12.416,12.785,172,243494,178.0,125.87,0.76,22.20
76.801,1,83.00,12.416,12.793,173,243662,178.0,125.89,0.76,22.20
76.814,1,83.00,12.416,12.741,170,242586,178.0,125.92,0.76,22.20
76.828,1,83.00,12.416,12.763,169,242474,178.0,125.94,0.76,22.20
76.842,1,83.00,12.416,12.732,169,242474,178.0,125.96,0.76,22.20
76.855,1,83.00,12.416,12.704,169,242474,178.0,125.99,0.76,22.20
76.869,1,83.00,12.416,12.690,169,242474,178.0,126.01,0.76,22.19
76.883,1,83.00,12.416,12.782,202,262632,178.0,126.02,0.75,22.18
76.897,1,83.00,12.416,12.846,205,264804,178.0,126.04,0.75,22.16
76.911,1,83.00,12.416,12.802,204,264588,178.0,126.06,0.75,22.14
76.925,1,83.00,12.416,12.906,204,265204,178.0,126.07,0.75,22.13
76.939,1,83.00,12.416,12.861,204,265204,178.0,126.09,0.75,22.11
76.952,1,83.00,12.416,12.833,205,265284,178.0,126.11,0.75,22.09
76.966,1,83.00,12.416,12.912,205,265284,178.0,126.12,0.75,22.08
76.980,1,83.00,12.416,12.917,209,265740,178.0,126.14,0.75,22.06
76.994,1,76.00,13.900,12.836,212,266832,178.0,126.16,0.75,22.04
77.008,1,76.00,13.900,12.887,213,266868,178.0,126.17,0.75,22.03
77.022,1,76.00,13.900,12.859,214,267012,178.0,126.19,0.75,22.01
77.036,1,76.00,13.900,12.861,218,267408,178.0,126.21,0.75,21.99
77.050,1,76.00,13.900,12.876,219,267552,178.0,126.22,0.75,21.98
77.064,1,76.00,13.900,12.894,221,268140,178.0,126.24,0.75,21.96
77.077,1,76.00,13.900,12.836,223,262492,178.0,126.26,0.74,21.94
77.091,1,76.00,13.900,12.891,224,262516,178.0,126.27,0.74,21.93
77.105,1,76.00,13.900,12.840,226,263424,178.0,126.29,0.74,21.91
77.119,1,76.00,13.900,12.904,227,263536,178.0,126.31,0.74,21.89
77.133,1,76.00,13.900,12.881,225,263312,178.0,126.32,0.74,21.88
77.147,1,76.00,13.900,12.747,225,262648,178.0,126.34,0.74,21.86
77.161,1,76.00,13.900,12.727,224,255704,178.0,126.36,0.74,21.84
77.175,1,76.00,13.900,12.736,226,256296,178.0,126.37,0.74,21.83
77.189,1,76.00,13.900,12.779,233,257604,178.0,126.39,0.74,21.81
77.202,1,76.00,13.900,12.716,235,258752,178.0,126.41,0.74,21.79
77.216,1,76.00,13.900,12.734,235,252600,178.0,126.42,0.74,21.78
77.230,1,76.00,13.900,12.719,235,252600,178.0,126.44,0.74,21.76
77.244,1,76.00,13.900,12.679,238,252896,178.0,126.46,0.73,21.74
77.258,1,76.00,13.900,12.667,238,252896,178.0,126.47,0.73,21.73
77.272,1,76.00,13.900,12.621,241,253288,178.0,126.49,0.73,21.71
77.286,1,76.00,13.900,12.703,243,254704,178.0,126.51,0.73,21.69
77.300,1,76.00,13.900,12.634,245,254088,178.0,126.52,0.73,21.68
77.314,1,76.00,13.900,12.628,245,254088,178.0,126.54,0.73,21.66
77.327,1,76.00,13.900,12.664,251,256150,178.0,126.56,0.73,21.64
77.341,1,76.00,13.900,12.816,253,257998,178.0,126.58,0.73,21.62
77.355,1,76.00,13.900,12.919,260,258126,178.0,126.59,0.73,21.61
77.369,1,76.00,13.900,12.906,263,270782,178.0,126.61,0.73,21.60
77.383,1,76.00,13.900,13.057,262,271394,178.0,126.64,0.73,21.60
77.397,1,76.00,13.900,13.132,261,271178,178.0,126.66,0.73,21.60
77.411,1,76.00,13.900,13.231,262,272438,178.0,126.68,0.73,21.60
77.425,1,76.00,13.900,13.299,262,272158,178.0,126.71,0.73,21.60
77.439,1,76.00,13.900,13.394,263,272218,178.0,126.73,0.73,21.60
77.452,1,76.00,13.900,13.458,263,272218,178.0,126.75,0.73,21.60
77.466,1,76.00,13.900,13.484,263,272218,178.0,126.78,0.73,21.60
77.480,1,76.00,13.900,13.627,263,272218,178.0,126.80,0.73,21.60
77.494,1,76.00,13.900,13.531,263,272218,178.0,126.82,0.73,21.60
77.508,1,76.00,13.900,13.599,262,272098,178.0,126.85,0.73,21.60
77.523,1,76.00,13.900,13.656,262,272098,178.0,126.87,0.73,21.60
77.537,1,76.00,13.900,13.631,262,272098,178.0,126.90,0.73,21.60
77.552,1,76.00,13.900,13.580,263,272882,178.0,126.92,0.73,21.60
77.566,1,76.00,13.900,13.580,263,272882,178.0,126.95,0.73,21.60
77.581,1,76.00,13.900,13.531,263,272882,178.0,126.97,0.73,21.60
77.595,1,76.00,13.900,13.503,263,272830,178.0,127.00,0.73,21.60
77.610,1,76.00,13.900,13.550,264,272606,178.0,127.02,0.73,21.60
77.624,1,76.00,13.900,13.580,267,272726,178.0,127.05,0.73,21.60
77.639,1,76.00,13.900,13.533,267,272726,178.0,127.07,0.73,21.60
77.654,1,76.00,13.900,13.645,268,272786,178.0,127.10,0.74,21.60
77.668,1,76.00,13.900,13.620,268,272786,178.0,127.12,0.74,21.60
77.683,1,76.00,13.900,13.645,268,272786,178.0,127.15,0.74,21.60
77.697,1,76.00,13.900,13.577,268,272786,178.0,127.17,0.74,21.60
77.712,1,76.00,13.900,13.701,268,272786,178.0,127.19,0.74,21.60
77.727,1,76.00,13.900,13.684,268,272786,178.0,127.22,0.74,21.60
77.741,1,76.00,13.900,13.664,268,272786,178.0,127.24,0.74,21.60
77.756,1,76.00,13.900,13.735,268,272786,178.0,127.27,0.74,21.60
77.771,1,76.00,13.900,13.787,269,272898,178.0,127.30,0.74,21.60
77.786,1,76.00,13.900,13.808,270,273066,178.0,127.32,0.74,21.60
77.800,1,76.00,13.900,13.769,270,273066,178.0,127.35,0.74,21.60
77.815,1,76.00,13.900,13.775,270,273186,178.0,127.37,0.74,21.60
77.830,1,76.00,13.900,13.698,270,273186,178.0,127.39,0.74,21.60
77.844,1,76.00,13.900,13.762,270,273186,178.0,127.42,0.75,21.60
77.859,1,76.00,13.900,13.708,268,256498,178.0,127.44,0.75,21.60
77.874,1,76.00,13.900,13.783,268,256498,178.0,127.47,0.75,21.60
77.889,1,76.00,13.900,13.795,268,256498,178.0,127.49,0.75,21.60
77.903,1,76.00,13.900,13.727,268,256498,178.0,127.52,0.75,21.60
77.918,1,76.00,13.900,13.777,268,255738,178.0,127.54,0.75,21.60
77.933,1,76.00,13.900,13.726,269,255350,178.0,127.57,0.75,21.60
77.948,1,76.00,13.900,13.747,269,255350,178.0,127.60,0.75,21.60
77.962,1,76.00,13.900,13.730,270,255406,178.0,127.62,0.75,21.60
77.977,1,76.00,13.900,13.800,270,255406,178.0,127.65,0.75,21.60
77.992,1,76.00,13.900,13.702,268,240342,178.0,127.67,0.75,21.60
78.007,1,71.00,14.904,13.756,267,232054,178.0,127.70,0.75,21.60
78.022,1,71.00,14.904,13.762,268,232162,178.0,127.72,0.75,21.60
78.036,1,71.00,14.904,13.689,269,232442,178.0,127.75,0.75,21.60
78.051,1,71.00,14.904,13.690,269,226226,178.0,127.77,0.75,21.60
78.066,1,71.00,14.904,13.647,268,219338,178.0,127.80,0.75,21.60
78.081,1,71.00,14.904,13.671,270,219646,178.0,127.82,0.75,21.60
78.096,1,71.00,14.904,13.663,272,219826,178.0,127.85,0.75,21.60
78.110,1,71.00,14.904,13.690,271,219026,178.0,127.87,0.75,21.60
78.125,1,71.00,14.904,13.704,270,218726,178.0,127.90,0.75,21.60
78.140,1,71.00,14.904,13.674,271,218894,178.0,127.92,0.75,21.60
78.155,1,71.00,14.904,13.740,271,218894,178.0,127.95,0.75,21.60
78.170,1,71.00,14.904,13.688,272,219014,178.0,127.97,0.75,21.60
78.185,1,71.00,14.904,13.691,272,216670,178.0,128.00,0.75,21.60
78.199,1,71.00,14.904,13.713,272,216670,178.0,128.02,0.75,21.60
78.214,1,71.00,14.904,10.090,271,216410,178.0,128.05,0.75,21.60
78.229,1,71.00,14.904,9.993,271,216410,178.0,128.07,0.75,21.60
78.243,1,71.00,14.904,10.023,271,216406,178.0,128.10,0.74,21.60
78.257,1,71.00,14.904,9.980,271,216410,178.0,128.12,0.74,21.60
78.268,1,71.00,14.904,9.961,272,216454,178.0,128.14,0.74,21.60
78.279,1,71.00,14.904,9.922,272,209686,178.0,128.16,0.74,21.60
78.290,1,71.00,14.904,9.849,272,209686,178.0,128.18,0.74,21.60
78.300,1,71.00,14.904,9.876,274,209834,178.0,128.20,0.74,21.60
78.311,1,71.00,14.904,9.838,274,209834,178.0,128.21,0.74,21.60
78.322,1,71.00,14.904,9.784,274,209834,178.0,128.23,0.74,21.60
78.333,1,71.00,14.904,9.776,274,209834,178.0,128.25,0.74,21.60
78.344,1,71.00,14.904,9.787,274,209834,178.0,128.27,0.74,21.60
78.354,1,71.00,14.904,9.750,275,209858,178.0,128.29,0.74,21.60
78.365,1,71.00,14.904,9.703,275,209858,178.0,128.30,0.74,21.60
78.376,1,71.00,14.904,9.724,275,209858,178.0,128.32,0.74,21.60
78.386,1,71.00,14.904,9.636,275,209858,178.0,128.34,0.74,21.60
78.397,1,71.00,14.904,9.623,275,209858,178.0,128.36,0.74,21.60
78.407,1,71.00,14.904,9.553,274,209018,178.0,128.38,0.73,21.60
78.418,1,71.00,14.904,9.553,274,209018,178.0,128.40,0.73,21.60
78.429,1,71.00,14.904,9.538,273,208718,178.0,128.41,0.73,21.60
78.439,1,71.00,14.904,9.469,284,207104,178.0,128.43,0.73,21.60
78.449,1,71.00,14.904,8.879,284,207104,178.0,128.45,0.73,21.60
78.459,1,71.00,14.904,8.908,284,207104,178.0,128.46,0.73,21.60
78.469,1,71.00,14.904,8.856,284,207104,178.0,128.48,0.73,21.60
78.479,1,71.00,14.904,8.894,284,207104,178.0,128.50,0.73,21.60
78.488,1,71.00,14.904,8.941,284,207104,178.0,128.51,0.73,21.60
78.498,1,71.00,14.904,8.962,284,207104,178.0,128.53,0.73,21.60
78.508,1,71.00,14.904,8.932,288,207208,178.0,128.55,0.73,21.60
78.518,1,71.00,14.904,9.000,288,207208,178.0,128.57,0.73,21.60
78.528,1,71.00,14.904,8.986,288,207208,178.0,128.58,0.73,21.60
78.538,1,71.00,14.904,9.036,288,207208,178.0,128.60,0.73,21.60
78.548,1,71.00,14.904,9.023,288,207208,178.0,128.62,0.73,21.60
78.558,1,71.00,14.904,9.074,288,207208,178.0,128.63,0.73,21.60
78.568,1,71.00,14.904,9.027,288,207208,178.0,128.65,0.73,21.60
78.578,1,71.00,14.904,9.069,288,207208,178.0,128.67,0.73,21.60
78.588,1,71.00,14.904,9.111,288,207208,178.0,128.68,0.72,21.60
78.598,1,71.00,14.904,9.079,287,207196,178.0,128.70,0.72,21.60
78.608,1,71.00,14.904,9.124,287,207196,178.0,128.72,0.72,21.60
78.618,1,71.00,14.904,9.094,287,207196,178.0,128.74,0.72,21.60
78.628,1,71.00,14.904,9.089,287,207196,178.0,128.75,0.72,21.60
78.638,1,71.00,14.904,9.141,287,207196,178.0,128.77,0.72,21.60
78.648,1,71.00,14.904,9.202,287,207196,178.0,128.79,0.72,21.60
78.658,1,71.00,14.904,9.168,287,207196,178.0,128.80,0.72,21.60
78.668,1,71.00,14.904,9.259,287,207196,178.0,128.82,0.72,21.60
78.678,1,71.00,14.904,9.354,287,207196,178.0,128.84,0.72,21.60
78.688,1,71.00,14.904,9.281,287,207196,178.0,128.85,0.72,21.60
78.698,1,71.00,14.904,9.329,287,207196,178.0,128.87,0.72,21.60
78.708,1,71.00,14.904,9.371,288,207280,178.0,128.89,0.72,21.60
78.718,1,71.00,14.904,9.423,289,207616,178.0,128.91,0.72,21.60
78.728,1,71.00,14.904,9.474,289,207616,178.0,128.92,0.72,21.60
78.738,1,71.00,14.904,9.408,289,207616,178.0,128.94,0.72,21.60
78.748,1,71.00,14.904,9.387,289,207616,178.0,128.96,0.72,21.60
78.758,1,71.00,14.904,9.390,289,207616,178.0,128.97,0.72,21.60
78.768,1,71.00,14.904,9.362,289,207616,178.0,128.99,0.72,21.60
78.778,1,71.00,14.904,9.300,289,207616,178.0,129.01,0.72,21.60
78.788,1,71.00,14.904,9.291,290,207904,178.0,129.02,0.72,21.60
78.798,1,71.00,14.904,9.348,291,208464,178.0,129.04,0.72,21.60
78.808,1,71.00,14.904,9.273,292,208632,178.0,129.06,0.72,21.60
78.818,1,71.00,14.904,9.306,292,208632,178.0,129.08,0.72,21.60
78.828,1,71.00,14.904,9.266,292,208632,178.0,129.09,0.72,21.60
78.838,1,71.00,14.904,9.254,292,208632,178.0,129.11,0.72,21.60
78.848,1,71.00,14.904,9.304,294,208780,178.0,129.13,0.72,21.60
78.859,1,71.00,14.904,9.277,295,208920,178.0,129.14,0.73,21.60
78.869,1,71.00,14.904,9.268,295,208920,178.0,129.16,0.73,21.60
78.879,1,71.00,14.904,9.183,295,208920,178.0,129.18,0.73,21.60
78.889,1,71.00,14.904,9.195,295,208920,178.0,129.20,0.73,21.60
78.900,1,71.00,14.904,9.232,296,208972,178.0,129.21,0.73,21.60
78.910,1,71.00,14.904,9.161,296,208972,178.1,129.23,0.73,21.60
78.920,1,71.00,14.904,9.151,296,208972,178.1,129.25,0.73,21.60
78.930,1,71.00,14.904,9.195,296,208972,178.1,129.27,0.73,21.60
78.941,1,71.00,14.904,9.207,296,208972,178.1,129.28,0.73,21.60
78.951,1,71.00,14.904,9.251,296,208972,178.1,129.30,0.73,21.60
78.961,1,71.00,14.904,9.220,296,208972,178.1,129.32,0.73,21.60
78.971,1,71.00,14.904,9.178,296,208972,178.1,129.34,0.73,21.60
78.982,1,71.00,14.904,9.125,295,208966,178.1,129.35,0.73,21.60
78.992,1,71.00,14.904,9.146,295,208966,178.1,129.37,0.73,21.60
79.002,1,90.00,14.666,9.138,295,208966,178.1,129.39,0.73,21.60
79.012,1,90.00,14.666,9.128,295,208966,178.1,129.40,0.73,21.60
79.022,1,90.00,14.666,9.109,295,208966,178.1,129.42,0.73,21.60
79.032,1,90.00,14.666,9.074,295,208966,178.1,129.44,0.73,21.60
79.042,1,90.00,14.666,9.079,295,208966,178.1,129.46,0.73,21.60
79.053,1,90.00,14.666,9.037,295,208966,178.1,129.47,0.73,21.60
79.063,1,90.00,14.666,9.030,295,208966,178.1,129.49,0.73,21.60
79.073,1,90.00,14.666,9.074,295,208966,178.1,129.51,0.74,21.60
79.083,1,90.00,14.666,9.032,295,208966,178.1,129.53,0.74,21.60
79.093,1,90.00,14.666,8.990,296,209206,178.1,129.54,0.74,21.60
79.103,1,90.00,14.666,9.034,296,209206,178.1,129.56,0.74,21.60
79.113,1,90.00,14.666,9.005,296,209206,178.1,129.58,0.74,21.60
79.123,1,90.00,14.666,9.004,296,209206,178.1,129.59,0.74,21.60
79.133,1,90.00,14.666,9.016,296,209206,178.1,129.61,0.74,21.60
79.143,1,90.00,14.666,9.015,296,209206,178.1,129.63,0.74,21.60
79.153,1,90.00,14.666,9.255,296,209206,178.1,129.65,0.74,21.60
79.164,1,90.00,14.666,9.260,296,209206,178.1,129.66,0.74,21.60
79.174,1,90.00,14.666,9.250,296,209206,178.1,129.68,0.74,21.60
79.184,1,90.00,14.666,9.252,296,209206,178.1,129.70,0.74,21.60
79.195,1,90.00,14.666,9.259,296,209206,178.1,129.72,0.74,21.60
79.205,1,90.00,14.666,9.220,296,209206,178.1,129.73,0.74,21.60
79.215,1,90.00,14.666,9.228,296,209206,178.1,129.75,0.74,21.60
79.226,1,90.00,14.666,9.231,296,209206,178.1,129.77,0.74,21.60
79.236,1,90.00,14.666,9.222,296,209206,178.1,129.79,0.74,21.60
79.246,1,90.00,14.666,9.201,296,209206,178.1,129.80,0.74,21.60
79.257,1,90.00,14.666,9.203,295,209098,178.1,129.82,0.74,21.60
79.267,1,90.00,14.666,9.269,295,209098,178.1,129.84,0.74,21.60
79.277,1,90.00,14.666,9.218,295,209098,178.1,129.86,0.74,21.60
79.287,1,90.00,14.666,9.277,295,209098,178.1,129.87,0.74,21.60
79.298,1,90.00,14.666,9.242,295,209098,178.1,129.89,0.74,21.60
79.308,1,90.00,14.666,9.219,295,209098,178.1,129.91,0.74,21.60
79.318,1,90.00,14.666,9.211,295,209098,178.1,129.93,0.74,21.60
79.328,1,90.00,14.666,9.205,294,210418,178.1,129.94,0.74,21.60
79.339,1,90.00,14.666,9.219,294,210418,178.1,129.96,0.74,21.60
79.349,1,90.00,14.666,9.160,294,210418,178.1,129.98,0.74,21.60
79.359,1,90.00,14.666,9.166,294,210418,178.1,130.00,0.74,21.60
79.369,1,90.00,14.666,9.147,294,210418,178.1,130.01,0.74,21.60
79.380,1,90.00,14.666,9.128,294,210418,178.1,130.03,0.74,21.60
79.390,1,90.00,14.666,9.125,295,217082,178.1,130.05,0.74,21.60
79.400,1,90.00,14.666,9.176,296,225874,178.1,130.06,0.74,21.60
79.410,1,90.00,14.666,9.208,296,225874,178.1,130.08,0.74,21.60
79.420,1,90.00,14.666,9.223,300,253090,178.1,130.10,0.74,21.60
79.431,1,90.00,14.666,9.292,301,260146,178.1,130.12,0.74,21.60
79.441,1,90.00,14.666,9.282,302,269218,178.1,130.13,0.74,21.60
79.452,1,90.00,14.666,9.335,303,277226,178.1,130.15,0.74,21.60
79.462,1,90.00,14.666,9.374,303,277226,178.1,130.17,0.74,21.60
79.472,1,90.00,14.666,9.491,303,277226,178.1,130.19,0.74,21.60
79.483,1,90.00,14.666,9.510,303,277226,178.1,130.21,0.74,21.60
79.493,1,90.00,14.666,9.562,302,277118,178.1,130.22,0.74,21.60
79.504,1,90.00,14.666,9.168,302,277118,178.1,130.24,0.74,21.60
79.514,1,90.00,14.666,9.209,302,277118,178.1,130.26,0.74,21.60
79.524,1,90.00,14.666,9.304,302,277118,178.1,130.28,0.74,21.60
79.535,1,90.00,14.666,9.309,302,277118,178.1,130.29,0.74,21.60
79.545,1,90.00,14.666,9.337,302,277118,178.1,130.31,0.74,21.60
79.556,1,90.00,14.666,9.417,302,277118,178.1,130.33,0.74,21.60
79.566,1,90.00,14.666,9.366,303,277218,178.1,130.35,0.73,21.60
79.577,1,90.00,14.666,9.508,301,276618,178.1,130.36,0.73,21.60
79.587,1,90.00,14.666,9.566,301,276618,178.1,130.38,0.73,21.60
79.597,1,90.00,14.666,9.541,301,276618,178.1,130.40,0.73,21.60
79.608,1,90.00,14.666,9.630,301,276618,178.1,130.42,0.73,21.60
79.618,1,90.00,14.666,9.645,301,276618,178.1,130.44,0.73,21.60
79.629,1,90.00,14.666,9.638,300,276570,178.1,130.45,0.73,21.60
79.639,1,90.00,14.666,9.751,301,276906,178.1,130.47,0.73,21.60
79.649,1,90.00,14.666,9.773,301,276906,178.1,130.49,0.73,21.60
79.660,1,90.00,14.666,9.774,301,276906,178.1,130.51,0.73,21.60
79.670,1,90.00,14.666,9.754,301,276906,178.1,130.52,0.73,21.60
79.681,1,90.00,14.666,9.739,301,276906,178.1,130.54,0.73,21.60
79.691,1,90.00,14.666,9.769,301,276906,178.1,130.56,0.73,21.60
79.702,1,90.00,14.666,9.741,301,276906,178.1,130.58,0.73,21.60
79.712,1,90.00,14.666,9.741,301,276906,178.1,130.59,0.73,21.60
79.722,1,90.00,14.666,9.756,301,276906,178.1,130.61,0.72,21.60
79.733,1,90.00,14.666,9.728,301,276906,178.1,130.63,0.72,21.60
79.743,1,90.00,14.666,9.693,301,276906,178.1,130.65,0.72,21.60
79.754,1,90.00,14.666,9.735,301,276906,178.1,130.67,0.72,21.60
79.764,1,90.00,14.666,9.729,301,276906,178.1,130.68,0.72,21.60
79.774,1,90.00,14.666,9.666,301,276906,178.1,130.70,0.72,21.60
79.785,1,90.00,14.666,9.664,301,276906,178.1,130.72,0.72,21.60
79.795,1,90.00,14.666,9.619,301,276906,178.1,130.74,0.72,21.60
79.806,1,90.00,14.666,9.591,301,276906,178.1,130.75,0.72,21.60
79.816,1,90.00,14.666,9.584,301,276906,178.1,130.77,0.72,21.60
79.827,1,90.00,14.666,9.548,301,276906,178.1,130.79,0.72,21.60
79.838,1,90.00,14.666,9.588,301,276906,178.1,130.81,0.72,21.61
79.848,1,90.00,14.666,9.525,301,276906,178.1,130.82,0.72,21.62
79.859,1,90.00,14.666,9.533,301,276906,178.1,130.83,0.72,21.63
79.870,1,90.00,14.666,9.568,301,276906,178.1,130.84,0.72,21.64
79.880,1,90.00,14.666,9.463,301,276906,178.1,130.86,0.72,21.66
79.891,1,90.00,14.666,9.516,301,276906,178.1,130.87,0.72,21.67
79.902,1,90.00,14.666,9.498,301,276906,178.1,130.88,0.72,21.68
79.912,1,90.00,14.666,9.443,301,276906,178.1,130.90,0.72,21.70
79.923,1,90.00,14.666,9.357,301,276906,178.1,130.91,0.72,21.71
79.933,1,90.00,14.666,9.328,302,282842,178.1,130.92,0.72,21.72
79.944,1,90.00,14.666,9.327,302,282842,178.1,130.93,0.72,21.73
79.954,1,90.00,14.666,9.252,302,282842,178.1,130.95,0.72,21.75
79.965,1,90.00,14.666,9.197,302,282842,178.1,130.96,0.72,21.76
79.976,1,90.00,14.666,9.162,302,282842,178.1,130.97,0.72,21.77
79.986,1,90.00,14.666,9.163,302,282842,178.1,130.98,0.72,21.78
79.997,1,96.00,10.921,9.088,302,282842,178.1,131.00,0.72,21.80
80.007,1,96.00,10.921,9.102,302,282842,178.1,131.01,0.72,21.81
80.018,1,96.00,10.921,9.028,302,282842,178.1,131.02,0.72,21.82
80.029,1,96.00,10.921,9.047,302,282842,178.1,131.04,0.72,21.84
80.039,1,96.00,10.921,9.056,302,282842,178.1,131.05,0.72,21.85
80.050,1,96.00,10.921,9.149,302,282842,178.1,131.06,0.72,21.86
80.060,1,96.00,10.921,9.177,302,282842,178.1,131.07,0.72,21.87
80.071,1,96.00,10.921,9.177,302,282842,178.1,131.09,0.72,21.89
80.082,1,96.00,10.921,9.225,302,282842,178.1,131.10,0.72,21.90
80.092,1,96.00,10.921,9.293,302,282842,178.1,131.11,0.72,21.91
80.103,1,96.00,10.921,9.369,303,287882,178.1,131.12,0.72,21.92
80.113,1,96.00,10.921,9.332,304,293258,178.1,131.14,0.72,21.94
80.124,1,96.00,10.921,9.359,304,293258,178.1,131.15,0.72,21.95
80.135,1,96.00,10.921,9.463,305,298298,178.1,131.16,0.72,21.96
80.145,1,96.00,10.921,9.482,305,298298,178.1,131.18,0.72,21.98
80.156,1,96.00,10.921,9.468,305,298298,178.1,131.19,0.72,21.99
80.167,1,96.00,10.921,9.541,305,298298,178.1,131.20,0.72,22.00
80.177,1,96.00,10.921,9.451,305,298298,178.1,131.21,0.72,22.01
80.188,1,96.00,10.921,9.536,305,298298,178.1,131.23,0.72,22.03
80.198,1,96.00,10.921,9.528,305,298298,178.1,131.24,0.72,22.04
80.209,1,96.00,10.921,9.604,305,298298,178.1,131.25,0.72,22.05
80.220,1,96.00,10.921,9.585,305,298298,178.1,131.26,0.72,22.07
80.230,1,96.00,10.921,9.638,305,298298,178.1,131.28,0.72,22.08
80.241,1,96.00,10.921,9.592,305,298298,178.1,131.29,0.72,22.09
80.251,1,96.00,10.921,9.663,305,298298,178.1,131.30,0.72,22.10
80.262,1,96.00,10.921,9.664,305,298298,178.1,131.32,0.72,22.12
80.273,1,96.00,10.921,9.708,305,298298,178.1,131.33,0.73,22.13
80.283,1,96.00,10.921,9.692,305,298298,178.1,131.34,0.73,22.14
80.294,1,96.00,10.921,9.720,305,298298,178.1,131.35,0.73,22.15
80.304,1,96.00,10.921,9.728,305,298298,178.1,131.37,0.73,22.17
80.315,1,96.00,10.921,9.786,301,298194,178.1,131.38,0.73,22.18
80.326,1,96.00,10.921,9.767,301,298194,178.1,131.39,0.73,22.19
80.336,1,96.00,10.921,9.768,301,298194,178.1,131.41,0.73,22.20
80.347,1,96.00,10.921,9.741,301,298194,178.1,131.43,0.73,22.20
80.357,1,96.00,10.921,9.783,301,298194,178.1,131.44,0.73,22.20
80.368,1,96.00,10.921,9.809,301,298194,178.1,131.46,0.73,22.20
80.379,1,96.00,10.921,9.774,301,298194,178.1,131.48,0.73,22.20
80.389,1,96.00,10.921,9.846,301,298194,178.1,131.50,0.73,22.20
80.400,1,96.00,10.921,9.831,301,298194,178.1,131.52,0.73,22.20
80.410,1,96.00,10.921,9.752,301,298194,178.1,131.53,0.73,22.20
80.421,1,96.00,10.921,9.830,301,298194,178.1,131.55,0.73,22.20
80.432,1,96.00,10.921,9.784,301,298194,178.1,131.57,0.73,22.20
80.442,1,96.00,10.921,9.788,301,298194,178.1,131.59,0.73,22.20
80.453,1,96.00,10.921,9.802,301,298194,178.1,131.61,0.73,22.20
80.463,1,96.00,10.921,9.792,301,298194,178.1,131.62,0.73,22.20
80.474,1,96.00,10.921,9.708,300,298146,178.1,131.64,0.73,22.20
80.485,1,96.00,10.921,9.744,300,298146,178.1,131.66,0.73,22.20
80.495,1,96.00,10.921,9.754,300,298146,178.1,131.68,0.74,22.20
80.506,1,96.00,10.921,9.750,300,298146,178.1,131.70,0.74,22.20
80.517,1,96.00,10.921,9.798,300,298146,178.1,131.71,0.74,22.20
80.527,1,96.00,10.921,9.839,300,298146,178.1,131.73,0.74,22.20
80.538,1,96.00,10.921,9.841,300,298146,178.1,131.75,0.74,22.20
80.549,1,96.00,10.921,9.843,300,298146,178.1,131.77,0.74,22.20
80.559,1,96.00,10.921,9.857,301,303186,178.1,131.79,0.74,22.20
80.570,1,96.00,10.921,9.841,301,303186,178.1,131.81,0.74,22.20
80.581,1,96.00,10.921,9.786,301,303186,178.1,131.82,0.74,22.20
80.592,1,96.00,10.921,9.807,301,303186,178.1,131.84,0.74,22.20
80.603,1,96.00,10.921,9.783,301,303186,178.1,131.86,0.74,22.20
80.614,1,96.00,10.921,9.798,301,303186,178.1,131.88,0.74,22.20
80.625,1,96.00,10.921,9.875,305,303290,178.1,131.90,0.74,22.20
80.635,1,96.00,10.921,9.809,305,303290,178.1,131.92,0.74,22.20
80.646,1,96.00,10.921,9.798,305,303290,178.1,131.93,0.74,22.20
80.657,1,96.00,10.921,9.764,305,303290,178.1,131.95,0.74,22.20
80.668,1,96.00,10.921,9.792,305,303290,178.1,131.97,0.74,22.20
80.679,1,96.00,10.921,9.746,305,303290,178.1,131.99,0.74,22.20
80.690,1,96.00,10.921,9.728,304,303030,178.1,132.01,0.74,22.20
80.702,1,96.00,10.921,9.701,304,303030,178.1,132.03,0.73,22.20
80.713,1,96.00,10.921,9.708,304,303030,178.1,132.05,0.73,22.20
80.724,1,96.00,10.921,9.678,303,302918,178.1,132.07,0.73,22.20
80.735,1,96.00,10.921,9.649,303,302918,178.1,132.09,0.73,22.20
80.746,1,96.00,10.921,9.634,299,302710,178.1,132.10,0.73,22.20
80.757,1,96.00,10.921,9.647,299,302710,178.1,132.12,0.73,22.20
80.768,1,96.00,10.921,9.601,299,302710,178.1,132.14,0.73,22.20
80.779,1,96.00,10.921,9.584,299,302710,178.1,132.16,0.73,22.20
80.790,1,96.00,10.921,9.598,299,302710,178.1,132.18,0.73,22.20
80.802,1,96.00,10.921,9.549,296,302230,178.1,132.20,0.73,22.20
80.813,1,96.00,10.921,9.564,296,302230,178.1,132.22,0.73,22.20
80.824,1,96.00,10.921,9.571,296,302230,178.1,132.24,0.73,22.20
80.835,1,96.00,10.921,9.568,296,302230,178.1,132.26,0.73,22.20
80.846,1,96.00,10.921,9.541,298,308786,178.1,132.27,0.73,22.20
80.857,1,96.00,10.921,9.543,298,308786,178.1,132.29,0.73,22.20
80.868,1,96.00,10.921,9.485,298,308786,178.1,132.31,0.73,22.20
80.878,1,96.00,10.921,9.526,298,308786,178.1,132.33,0.73,22.20
80.889,1,96.00,10.921,9.497,298,308786,178.1,132.35,0.73,22.20
80.900,1,96.00,10.921,9.473,298,308786,178.1,132.37,0.72,22.20
80.910,1,96.00,10.921,9.479,298,308786,178.1,132.38,0.72,22.20
80.921,1,96.00,10.921,9.419,297,308674,178.1,132.40,0.72,22.20
80.931,1,96.00,10.921,9.385,297,308674,178.1,132.42,0.72,22.20
80.942,1,96.00,10.921,9.372,297,308674,178.1,132.44,0.72,22.20
80.953,1,96.00,10.921,9.420,297,308674,178.1,132.46,0.72,22.20
80.963,1,96.00,10.921,9.430,296,308638,178.1,132.47,0.72,22.20
80.974,1,96.00,10.921,9.369,296,308638,178.1,132.49,0.72,22.20
80.985,1,96.00,10.921,9.340,296,308638,178.1,132.51,0.72,22.20
80.995,1,96.00,10.921,9.341,296,308638,178.1,132.53,0.72,22.20
81.006,1,94.00,10.918,9.314,296,308638,178.1,132.55,0.72,22.20
81.016,1,94.00,10.918,9.370,295,308494,178.1,132.56,0.72,22.20
81.027,1,94.00,10.918,9.292,294,308438,178.1,132.58,0.72,22.20
81.038,1,94.00,10.918,9.311,294,308438,178.1,132.60,0.72,22.20
81.048,1,94.00,10.918,9.287,294,308438,178.1,132.62,0.72,22.20
81.059,1,94.00,10.918,9.257,294,308438,178.1,132.64,0.71,22.20
81.069,1,94.00,10.918,9.204,294,308438,178.1,132.65,0.71,22.20
81.080,1,94.00,10.918,9.247,294,308438,178.1,132.67,0.71,22.20
81.091,1,94.00,10.918,9.187,294,308438,178.1,132.69,0.71,22.20
81.101,1,94.00,10.918,9.238,294,308438,178.1,132.71,0.71,22.20
81.112,1,94.00,10.918,9.217,294,308438,178.1,132.73,0.71,22.20
81.122,1,94.00,10.918,9.205,294,308438,178.1,132.74,0.71,22.20
81.133,1,94.00,10.918,9.187,290,308230,178.1,132.76,0.71,22.20
81.144,1,94.00,10.918,9.222,288,307630,178.1,132.78,0.71,22.20
81.154,1,94.00,10.918,9.109,287,307366,178.1,132.80,0.71,22.20
81.165,1,94.00,10.918,9.099,286,307078,178.1,132.82,0.71,22.20
81.175,1,94.00,10.918,9.144,286,307078,178.1,132.83,0.71,22.20
81.186,1,94.00,10.918,9.072,285,306966,178.1,132.85,0.71,22.20
81.196,1,94.00,10.918,9.065,284,306930,178.1,132.87,0.71,22.20
81.207,1,94.00,10.918,9.116,284,306930,178.1,132.89,0.71,22.20
81.217,1,94.00,10.918,9.044,284,306930,178.1,132.90,0.71,22.20
81.227,1,94.00,10.918,8.956,284,306930,178.1,132.92,0.71,22.20
81.237,1,94.00,10.918,8.892,284,306930,178.1,132.94,0.71,22.20
81.247,1,94.00,10.918,8.896,279,306714,178.1,132.95,0.71,22.20
81.256,1,94.00,10.918,8.786,279,306714,178.1,132.97,0.71,22.20
81.266,1,94.00,10.918,8.779,279,306714,178.1,132.99,0.71,22.20
81.276,1,94.00,10.918,8.706,279,306714,178.1,133.00,0.71,22.20
81.285,1,94.00,10.918,8.688,278,306678,178.1,133.02,0.71,22.20
81.295,1,94.00,10.918,8.626,277,306486,178.1,133.04,0.71,22.20
81.305,1,94.00,10.918,8.636,277,306486,178.1,133.05,0.71,22.20
81.315,1,94.00,10.918,8.626,277,306486,178.1,133.07,0.71,22.20
81.324,1,94.00,10.918,8.553,277,306486,178.1,133.09,0.71,22.20
81.334,1,94.00,10.918,8.541,277,306486,178.1,133.10,0.71,22.20
81.343,1,94.00,10.918,8.552,276,306342,178.1,133.12,0.71,22.20
81.353,1,94.00,10.918,8.511,276,306342,178.1,133.14,0.71,22.20
81.362,1,94.00,10.918,8.509,276,306342,178.1,133.15,0.71,22.20
81.372,1,94.00,10.918,8.440,275,306286,178.1,133.17,0.71,22.20
81.381,1,94.00,10.918,8.424,274,305362,178.1,133.18,0.71,22.20
81.391,1,94.00,10.918,8.423,274,305362,178.1,133.20,0.71,22.20
81.400,1,94.00,10.918,8.453,282,306282,178.1,133.22,0.71,22.20
81.409,1,94.00,10.918,7.987,282,306282,178.1,133.23,0.71,22.20
81.418,1,94.00,10.918,8.025,281,306138,178.1,133.25,0.71,22.20
81.427,1,94.00,10.918,8.028,281,306138,178.1,133.26,0.71,22.20
81.436,1,94.00,10.918,8.023,281,306138,178.1,133.28,0.71,22.20
81.445,1,94.00,10.918,8.036,281,306138,178.1,133.29,0.71,22.20
81.454,1,94.00,10.918,8.039,281,306138,178.1,133.31,0.71,22.20
81.463,1,94.00,10.918,8.037,281,306138,178.1,133.32,0.71,22.20
81.472,1,94.00,10.918,8.015,280,306026,178.1,133.34,0.71,22.20
81.481,1,94.00,10.918,8.002,280,306026,178.1,133.35,0.71,22.20
81.490,1,94.00,10.918,8.032,280,306026,178.1,133.37,0.72,22.20
81.499,1,94.00,10.918,7.991,280,306026,178.1,133.38,0.72,22.20
81.508,1,94.00,10.918,7.979,280,306026,178.1,133.40,0.72,22.20
81.517,1,94.00,10.918,8.005,280,306026,178.1,133.42,0.72,22.20
81.526,1,94.00,10.918,7.990,279,305990,178.1,133.43,0.72,22.20
81.535,1,94.00,10.918,7.953,275,305758,178.1,133.45,0.72,22.20
81.544,1,94.00,10.918,7.968,275,305566,178.1,133.46,0.72,22.20
81.553,1,94.00,10.918,8.030,275,305566,178.1,133.48,0.72,22.20
81.562,1,94.00,10.918,8.027,274,305410,178.1,133.49,0.72,22.20
81.571,1,94.00,10.918,7.993,273,305362,178.1,133.51,0.72,22.20
81.580,1,94.00,10.918,7.911,273,305362,178.1,133.52,0.72,22.20
81.589,1,94.00,10.918,7.861,273,305362,178.1,133.54,0.72,22.20
81.597,1,94.00,10.918,7.831,272,305250,178.1,133.55,0.72,22.20
81.606,1,94.00,10.918,7.748,272,305250,178.1,133.57,0.72,22.20
81.614,1,94.00,10.918,7.690,271,305194,178.1,133.58,0.72,22.20
81.622,1,94.00,10.918,7.642,271,305194,178.1,133.59,0.72,22.20
81.631,1,94.00,10.918,7.596,269,303754,178.1,133.61,0.72,22.20
81.639,1,94.00,10.918,7.586,268,302830,178.1,133.62,0.72,22.20
81.647,1,94.00,10.918,7.472,268,302778,178.1,133.64,0.72,22.20
81.656,1,94.00,10.918,7.397,268,302778,178.1,133.65,0.72,22.20
81.664,1,94.00,10.918,7.370,268,302778,178.1,133.66,0.72,22.20
81.672,1,94.00,10.918,7.307,268,302778,178.1,133.68,0.72,22.20
81.681,1,94.00,10.918,7.353,265,302058,178.1,133.69,0.72,22.20
81.689,1,94.00,10.918,7.305,265,302058,178.1,133.71,0.73,22.20
81.697,1,94.00,10.918,7.352,265,302058,178.1,133.72,0.73,22.20
81.706,1,94.00,10.918,7.307,265,302058,178.1,133.74,0.73,22.20
81.714,1,94.00,10.918,7.297,265,302058,178.1,133.75,0.73,22.20
81.722,1,94.00,10.918,7.306,263,301122,178.1,133.76,0.73,22.20
81.731,1,94.00,10.918,7.358,263,301122,178.1,133.78,0.73,22.20
81.739,1,94.00,10.918,7.336,263,301122,178.1,133.79,0.73,22.20
81.747,1,94.00,10.918,7.354,263,301122,178.1,133.81,0.73,22.20
81.756,1,94.00,10.918,7.319,268,301674,178.1,133.82,0.73,22.20
81.764,1,94.00,10.918,7.256,266,295246,178.1,133.83,0.73,22.20
81.772,1,94.00,10.918,7.228,266,295246,178.1,133.85,0.73,22.20
81.781,1,94.00,10.918,7.172,263,295126,178.1,133.86,0.73,22.20
81.789,1,94.00,10.918,7.222,263,295126,178.1,133.88,0.73,22.20
81.797,1,94.00,10.918,7.223,261,294862,178.1,133.89,0.73,22.20
81.806,1,94.00,10.918,7.185,261,294862,178.1,133.91,0.73,22.20
81.814,1,94.00,10.918,7.180,260,294750,178.1,133.92,0.73,22.20
81.822,1,94.00,10.918,7.137,260,294750,178.1,133.93,0.73,22.20
81.831,1,94.00,10.918,7.153,259,287918,178.1,133.95,0.73,22.20
81.839,1,94.00,10.918,7.135,259,287918,178.1,133.96,0.73,22.20
81.847,1,94.00,10.918,7.101,258,279742,178.1,133.98,0.73,22.20
81.855,1,94.00,10.918,7.093,257,279630,178.1,133.99,0.73,22.20
81.863,1,94.00,10.918,7.121,255,272854,178.1,134.00,0.73,22.20
81.871,1,94.00,10.918,7.540,255,272854,178.1,134.02,0.73,22.20
81.880,1,94.00,10.918,7.528,255,272854,178.1,134.03,0.73,22.20
81.888,1,94.00,10.918,7.453,255,272854,178.1,134.05,0.73,22.20
81.896,1,94.00,10.918,7.470,255,272854,178.1,134.06,0.73,22.20
81.905,1,94.00,10.918,7.484,255,272854,178.1,134.07,0.73,22.20
81.913,1,94.00,10.918,7.451,255,272854,178.1,134.09,0.73,22.20
81.921,1,94.00,10.918,7.377,254,272630,178.1,134.10,0.73,22.20
81.930,1,94.00,10.918,7.396,254,272630,178.1,134.12,0.73,22.20
81.938,1,94.00,10.918,7.291,254,272630,178.1,134.13,0.73,22.20
81.946,1,94.00,10.918,7.290,251,263854,178.1,134.14,0.73,22.20
81.955,1,94.00,10.918,7.224,248,263134,178.1,134.16,0.73,22.20
81.963,1,94.00,10.918,7.239,248,263134,178.1,134.17,0.73,22.20
81.971,1,94.00,10.918,7.146,248,263134,178.1,134.19,0.73,22.20
81.979,1,94.00,10.918,7.128,248,263134,178.1,134.20,0.73,22.20
81.987,1,94.00,10.918,7.044,248,263134,178.1,134.21,0.73,22.20
81.995,1,94.00,10.918,7.043,248,263134,178.1,134.23,0.73,22.20
82.003,1,110.00,10.361,6.979,248,263134,178.1,134.24,0.73,22.20
82.011,1,110.00,10.361,6.903,247,256586,178.1,134.25,0.73,22.20
82.019,1,110.00,10.361,6.848,246,255410,178.1,134.27,0.73,22.20
82.027,1,110.00,10.361,6.815,246,255410,178.1,134.28,0.73,22.20
82.034,1,110.00,10.361,6.750,244,255262,178.1,134.29,0.73,22.20
82.042,1,110.00,10.361,6.732,244,255262,178.1,134.31,0.72,22.20
82.050,1,110.00,10.361,6.685,244,255262,178.1,134.32,0.72,22.20
82.057,1,110.00,10.361,6.590,244,255262,178.1,134.33,0.72,22.20
82.065,1,110.00,10.361,6.574,244,255262,178.1,134.35,0.72,22.20
82.072,1,110.00,10.361,6.512,244,255262,178.1,134.36,0.72,22.20
82.080,1,110.00,10.361,6.492,244,255262,178.1,134.37,0.72,22.20
82.087,1,110.00,10.361,6.395,244,255262,178.1,134.38,0.72,22.20
82.094,1,110.00,10.361,6.361,244,255262,178.1,134.40,0.72,22.20
82.102,1,110.00,10.361,6.291,243,247086,178.1,134.41,0.72,22.20
82.109,1,110.00,10.361,6.264,248,247954,178.1,134.42,0.72,22.20
82.116,1,110.00,10.361,6.010,248,247954,178.1,134.43,0.72,22.20
82.123,1,110.00,10.361,5.908,248,247954,178.1,134.44,0.72,22.20
82.130,1,110.00,10.361,5.889,248,247954,178.1,134.46,0.72,22.20
82.137,1,110.00,10.361,5.694,248,247954,178.1,134.47,0.72,22.20
82.143,1,110.00,10.361,5.732,246,247806,178.1,134.48,0.72,22.20
82.150,1,110.00,10.361,5.537,246,247806,178.1,134.49,0.72,22.20
82.156,1,110.00,10.361,5.493,246,247806,178.1,134.50,0.72,22.20
82.163,1,110.00,10.361,5.434,245,247446,178.1,134.51,0.72,22.20
82.169,1,110.00,10.361,5.265,245,247446,178.1,134.52,0.72,22.20
82.175,1,110.00,10.361,5.295,244,239606,178.1,134.53,0.72,22.20
82.181,1,110.00,10.361,5.116,244,239606,178.1,134.54,0.72,22.20
82.187,1,110.00,10.361,5.015,244,239606,178.1,134.55,0.72,22.20
82.193,1,110.00,10.361,4.943,244,239606,178.1,134.56,0.72,22.20
82.199,1,110.00,10.361,4.885,245,239662,178.1,134.57,0.72,22.20
82.205,1,110.00,10.361,4.887,245,239662,178.1,134.58,0.72,22.20
82.211,1,110.00,10.361,4.865,245,239662,178.1,134.59,0.71,22.20
82.217,1,110.00,10.361,4.859,245,239662,178.1,134.60,0.71,22.20
82.223,1,110.00,10.361,4.968,244,238738,178.1,134.61,0.71,22.20
82.229,1,110.00,10.361,4.824,244,238738,178.1,134.62,0.71,22.20
82.235,1,110.00,10.361,5.586,245,238962,178.1,134.64,0.71,22.20
82.241,1,110.00,10.361,6.142,245,238962,178.1,134.65,0.71,22.20
82.249,1,110.00,10.361,6.409,244,232970,178.1,134.66,0.71,22.20
82.255,1,110.00,10.361,6.350,240,231074,178.1,134.67,0.71,22.20
82.262,1,110.00,10.361,6.291,240,231074,178.1,134.68,0.71,22.20
82.268,1,110.00,10.361,6.457,239,229714,178.1,134.69,0.71,22.20
82.274,1,110.00,10.361,6.418,239,229714,178.1,134.70,0.71,22.20
82.280,1,110.00,10.361,6.503,238,228202,178.1,134.71,0.71,22.20
82.287,1,110.00,10.361,6.452,238,228202,178.1,134.72,0.71,22.20
82.293,1,110.00,10.361,6.519,238,228202,178.1,134.73,0.71,22.20
82.300,1,110.00,10.361,6.625,238,228202,178.1,134.75,0.71,22.20
82.306,1,110.00,10.361,6.627,237,227986,178.1,134.76,0.71,22.20
82.313,1,110.00,10.361,6.615,237,227986,178.1,134.77,0.71,22.20
82.320,1,110.00,10.361,6.586,237,227986,178.1,134.78,0.71,22.20
82.326,1,110.00,10.361,6.612,237,227986,178.1,134.79,0.71,22.20
82.333,1,110.00,10.361,6.864,237,227986,178.1,134.80,0.71,22.20
82.340,1,110.00,10.361,6.611,237,227986,178.1,134.81,0.71,22.20
82.346,1,110.00,10.361,6.602,237,227986,178.1,134.82,0.71,22.20
82.353,1,110.00,10.361,6.575,237,227986,178.1,134.84,0.71,22.20
82.360,1,110.00,10.361,6.610,237,227986,178.1,134.85,0.71,22.20
82.368,1,110.00,10.361,6.620,237,227986,178.1,134.86,0.71,22.20
82.376,1,110.00,10.361,6.625,237,227986,178.1,134.87,0.71,22.20
82.383,1,110.00,10.361,6.702,237,227986,178.1,134.89,0.71,22.20
82.391,1,110.00,10.361,6.684,236,227314,178.1,134.90,0.70,22.20
82.399,1,110.00,10.361,6.719,236,227314,178.1,134.91,0.70,22.20
82.406,1,110.00,10.361,6.585,236,227314,178.1,134.93,0.70,22.20
82.414,1,110.00,10.361,6.624,235,221322,178.1,134.94,0.70,22.20
82.421,1,110.00,10.361,6.569,234,219978,178.1,134.95,0.70,22.20
82.429,1,110.00,10.361,6.893,234,219978,178.1,134.97,0.70,22.20
82.437,1,110.00,10.361,6.674,234,219978,178.1,134.98,0.70,22.20
82.444,1,110.00,10.361,6.537,234,219978,178.1,134.99,0.70,22.20
82.452,1,110.00,10.361,6.682,234,219978,178.1,135.00,0.70,22.20
82.459,1,110.00,10.361,6.494,234,214350,178.1,135.02,0.70,22.20
82.467,1,110.00,10.361,6.451,234,214350,178.1,135.03,0.70,22.20
82.475,1,110.00,10.361,6.456,234,214350,178.1,135.04,0.70,22.20
82.482,1,110.00,10.361,6.347,234,214350,178.1,135.06,0.70,22.20
82.490,1,110.00,10.361,6.307,233,214170,178.1,135.07,0.70,22.20
82.497,1,110.00,10.361,6.235,234,214206,178.1,135.08,0.70,22.20
82.505,1,110.00,10.361,6.261,234,214206,178.1,135.09,0.70,22.20
82.512,1,110.00,10.361,6.237,233,212694,178.1,135.11,0.70,22.20
82.520,1,110.00,10.361,6.179,233,212694,178.1,135.12,0.70,22.20
82.528,1,110.00,10.361,6.135,232,212454,178.1,135.13,0.70,22.20
82.535,1,110.00,10.361,5.983,232,212454,178.1,135.15,0.70,22.20
82.543,1,110.00,10.361,5.909,232,212454,178.1,135.16,0.70,22.20
82.550,1,110.00,10.361,5.897,232,212454,178.1,135.17,0.70,22.20
82.558,1,110.00,10.361,5.824,232,211118,178.1,135.18,0.70,22.20
82.565,1,110.00,10.361,5.735,232,211118,178.1,135.20,0.70,22.20
82.573,1,110.00,10.361,5.707,232,211118,178.1,135.21,0.70,22.20
82.580,1,110.00,10.361,5.738,232,211118,178.1,135.22,0.70,22.20
82.588,1,110.00,10.361,5.736,232,211118,178.1,135.24,0.70,22.20
82.595,1,110.00,10.361,5.731,232,211118,178.1,135.25,0.70,22.20
82.603,1,110.00,10.361,5.750,229,210398,178.1,135.26,0.70,22.20
82.610,1,110.00,10.361,5.702,229,210398,178.1,135.27,0.70,22.20
82.618,1,110.00,10.361,5.720,229,210398,178.1,135.29,0.70,22.20
82.625,1,110.00,10.361,5.640,229,210398,178.1,135.30,0.70,22.20
82.632,1,110.00,10.361,5.926,229,210398,178.1,135.31,0.70,22.20
82.640,1,110.00,10.361,8.474,228,209054,178.1,135.32,0.70,22.20
82.647,1,110.00,10.361,10.021,228,209054,178.1,135.34,0.70,22.20
82.655,1,110.00,10.361,10.055,228,209058,178.1,135.35,0.70,22.20
82.662,1,110.00,10.361,10.083,228,209058,178.1,135.36,0.70,22.20
82.672,1,110.00,10.361,10.132,228,209058,178.1,135.38,0.70,22.20
82.683,1,110.00,10.361,10.144,228,209058,178.1,135.40,0.70,22.20
82.694,1,110.00,10.361,10.083,228,209058,178.1,135.42,0.70,22.20
82.705,1,110.00,10.361,10.129,228,209058,178.1,135.43,0.71,22.20
82.716,1,110.00,10.361,10.183,228,209058,178.1,135.45,0.71,22.20
82.727,1,110.00,10.361,10.062,228,209058,178.1,135.47,0.71,22.20
82.738,1,110.00,10.361,10.128,229,209394,178.1,135.49,0.71,22.20
82.749,1,110.00,10.361,10.131,229,209394,178.1,135.51,0.71,22.20
82.760,1,110.00,10.361,10.105,229,209394,178.1,135.53,0.71,22.20
82.771,1,110.00,10.361,10.174,229,209394,178.1,135.55,0.71,22.20
82.782,1,110.00,10.361,10.187,229,209394,178.1,135.57,0.71,22.20
82.794,1,110.00,10.361,10.119,229,209394,178.1,135.58,0.71,22.20
82.805,1,110.00,10.361,10.292,230,209730,178.1,135.60,0.71,22.20
82.816,1,110.00,10.361,10.226,221,209790,178.1,135.62,0.71,22.22
82.827,1,110.00,10.361,9.999,220,209550,178.1,135.63,0.71,22.23
82.838,1,110.00,10.361,9.056,220,209550,178.1,135.64,0.71,22.24
82.849,1,110.00,10.361,8.936,220,209546,178.1,135.66,0.71,22.26
82.860,1,110.00,10.361,9.022,219,209426,178.1,135.67,0.71,22.27
82.871,1,110.00,10.361,9.247,219,209426,178.1,135.68,0.71,22.28
82.883,1,110.00,10.361,9.332,217,209278,178.1,135.70,0.71,22.30
82.894,1,110.00,10.361,9.389,217,209278,178.1,135.71,0.71,22.31
82.905,1,110.00,10.361,9.515,217,209278,178.1,135.72,0.72,22.32
82.916,1,110.00,10.361,9.702,217,209278,178.1,135.74,0.72,22.34
82.927,1,110.00,10.361,9.960,217,209278,178.1,135.75,0.72,22.35
82.938,1,110.00,10.361,10.203,217,209278,178.1,135.76,0.72,22.36
82.949,1,110.00,10.361,10.427,217,209282,178.1,135.78,0.72,22.38
82.960,1,110.00,10.361,10.409,217,209282,178.1,135.79,0.72,22.39
82.971,1,110.00,10.361,10.504,217,209282,178.1,135.80,0.72,22.40
82.983,1,110.00,10.361,10.514,218,209450,178.1,135.82,0.72,22.42
82.994,1,110.00,10.361,10.522,218,209450,178.1,135.83,0.72,22.43
83.005,1,124.00,11.480,10.509,217,209338,178.1,135.84,0.72,22.44
83.016,1,124.00,11.480,10.539,217,209326,178.1,135.86,0.72,22.46
83.027,1,124.00,11.480,10.479,215,209086,178.1,135.87,0.72,22.47
83.038,1,124.00,11.480,10.549,215,209086,178.1,135.88,0.72,22.48
83.049,1,124.00,11.480,10.395,215,209086,178.1,135.90,0.72,22.50
83.060,1,124.00,11.480,10.399,215,209086,178.1,135.91,0.72,22.51
83.071,1,124.00,11.480,10.457,215,209086,178.1,135.92,0.72,22.52
83.083,1,124.00,11.480,10.468,215,209086,178.1,135.94,0.72,22.54
83.094,1,124.00,11.480,10.423,216,212446,178.1,135.95,0.72,22.55
83.105,1,124.00,11.480,10.523,216,212446,178.1,135.96,0.72,22.56
83.116,1,124.00,11.480,10.530,217,213058,178.1,135.98,0.72,22.58
83.127,1,124.00,11.480,10.531,217,213058,178.1,135.99,0.72,22.59
83.138,1,124.00,11.480,10.597,216,212998,178.1,136.00,0.72,22.60
83.149,1,124.00,11.480,10.531,216,212998,178.1,136.02,0.72,22.62
83.160,1,124.00,11.480,10.646,217,215350,178.1,136.03,0.72,22.63
83.171,1,124.00,11.480,10.679,218,219606,178.1,136.04,0.72,22.64
83.183,1,124.00,11.480,10.654,219,223414,178.1,136.06,0.72,22.66
83.194,1,124.00,11.480,10.554,220,226270,178.1,136.07,0.72,22.67
83.205,1,124.00,11.480,10.550,221,228734,178.1,136.08,0.72,22.68
83.216,1,124.00,11.480,10.613,219,228614,178.1,136.10,0.72,22.70
83.227,1,124.00,11.480,10.558,221,236062,178.1,136.11,0.72,22.71
83.239,1,124.00,11.480,10.630,221,236062,178.1,136.12,0.72,22.72
83.251,1,124.00,11.480,10.686,221,236062,178.1,136.14,0.72,22.74
83.262,1,124.00,11.480,10.584,221,236062,178.1,136.15,0.72,22.75
83.274,1,124.00,11.480,10.653,221,236062,178.1,136.17,0.72,22.77
83.285,1,124.00,11.480,10.693,219,235926,178.1,136.18,0.72,22.78
83.297,1,124.00,11.480,10.675,219,235926,178.1,136.19,0.72,22.79
83.308,1,124.00,11.480,10.701,219,235926,178.1,136.21,0.72,22.80
83.320,1,124.00,11.480,10.708,221,236062,178.1,136.23,0.72,22.80
83.332,1,124.00,11.480,10.978,222,238582,178.1,136.25,0.72,22.80
83.344,1,124.00,11.480,11.111,222,238582,178.1,136.27,0.72,22.80
83.356,1,124.00,11.480,11.166,222,238582,178.1,136.29,0.72,22.80
83.368,1,124.00,11.480,11.041,222,238582,178.1,136.31,0.72,22.80
83.380,1,124.00,11.480,11.078,222,238582,178.1,136.33,0.72,22.80
83.392,1,124.00,11.480,11.091,222,238582,178.1,136.35,0.71,22.80
83.404,1,124.00,11.480,11.143,221,238470,178.1,136.37,0.71,22.80
83.416,1,124.00,11.480,11.213,219,238066,178.1,136.39,0.71,22.80
83.428,1,124.00,11.480,11.152,219,238066,178.1,136.42,0.71,22.80
83.440,1,124.00,11.480,11.267,219,238066,178.1,136.44,0.71,22.80
83.453,1,124.00,11.480,11.298,219,238066,178.1,136.46,0.71,22.80
83.465,1,124.00,11.480,11.265,219,238066,178.1,136.48,0.71,22.80
83.477,1,124.00,11.480,11.253,219,238066,178.1,136.50,0.71,22.80
83.489,1,124.00,11.480,11.295,218,238018,178.1,136.52,0.71,22.80
83.501,1,124.00,11.480,11.309,218,238018,178.1,136.54,0.71,22.80
83.514,1,124.00,11.480,11.343,218,238018,178.1,136.56,0.71,22.80
83.526,1,124.00,11.480,11.459,217,237638,178.1,136.58,0.71,22.80
83.538,1,124.00,11.480,11.451,216,237518,178.1,136.60,0.71,22.80
83.551,1,124.00,11.480,11.559,216,237518,178.1,136.62,0.70,22.80
83.563,1,124.00,11.480,11.654,216,237518,178.1,136.65,0.70,22.80
83.576,1,124.00,11.480,11.650,216,237518,178.1,136.67,0.70,22.80
83.589,1,124.00,11.480,11.718,216,237518,178.1,136.69,0.70,22.80
83.601,1,124.00,11.480,11.745,216,237518,178.1,136.71,0.70,22.80
83.614,1,124.00,11.480,11.757,216,237518,178.1,136.73,0.70,22.80
83.627,1,124.00,11.480,11.899,216,237518,178.1,136.75,0.70,22.80
83.640,1,124.00,11.480,11.899,216,237518,178.1,136.77,0.70,22.80
83.652,1,124.00,11.480,11.899,215,237458,178.1,136.80,0.70,22.80
83.665,1,124.00,11.480,11.938,215,237458,178.1,136.82,0.70,22.80
83.678,1,124.00,11.480,12.019,216,237518,178.1,136.84,0.70,22.80
83.692,1,124.00,11.480,12.460,216,237518,178.1,136.86,0.70,22.80
83.705,1,124.00,11.480,12.365,216,237518,178.1,136.89,0.70,22.80
83.718,1,124.00,11.480,12.418,216,237518,178.1,136.91,0.70,22.80
83.732,1,124.00,11.480,12.359,216,237518,178.1,136.93,0.70,22.80
83.745,1,124.00,11.480,12.398,216,237518,178.1,136.95,0.70,22.80
83.759,1,124.00,11.480,12.429,216,237518,178.1,136.98,0.70,22.80
83.772,1,124.00,11.480,12.433,215,237458,178.1,137.00,0.70,22.80
83.785,1,124.00,11.480,12.380,215,237458,178.1,137.02,0.70,22.80
83.799,1,124.00,11.480,12.332,215,237458,178.1,137.04,0.70,22.80
83.812,1,124.00,11.480,12.355,215,237458,178.1,137.07,0.70,22.80
83.825,1,124.00,11.480,12.453,215,237458,178.1,137.09,0.70,22.80
83.839,1,124.00,11.480,12.362,212,237098,178.1,137.11,0.70,22.80
83.852,1,124.00,11.480,12.381,212,237098,178.1,137.14,0.70,22.80
83.865,1,124.00,11.480,12.392,211,237050,178.1,137.16,0.70,22.80
83.879,1,124.00,11.480,12.410,211,237050,178.1,137.18,0.70,22.80
83.892,1,124.00,11.480,12.462,210,236906,178.1,137.20,0.70,22.80
83.905,1,124.00,11.480,12.465,210,236906,178.1,137.23,0.70,22.80
83.919,1,124.00,11.480,12.441,210,236906,178.1,137.25,0.70,22.80
83.932,1,124.00,11.480,12.409,209,236762,178.1,137.27,0.70,22.80
83.945,1,124.00,11.480,12.548,209,236762,178.1,137.29,0.70,22.80
83.959,1,124.00,11.480,12.552,209,236762,178.1,137.32,0.70,22.80
83.972,1,124.00,11.480,12.478,207,236402,178.1,137.34,0.70,22.80
83.986,1,124.00,11.480,12.551,203,236042,178.1,137.36,0.70,22.80
83.999,1,81.00,13.504,12.592,203,236162,178.1,137.39,0.70,22.80
84.012,1,81.00,13.504,12.516,203,236158,178.1,137.41,0.70,22.80
84.026,1,81.00,13.504,12.537,207,236710,178.1,137.43,0.70,22.80
84.039,1,81.00,13.504,12.542,207,236710,178.1,137.45,0.70,22.80
84.053,1,81.00,13.504,12.624,207,236710,178.1,137.48,0.70,22.80
84.067,1,81.00,13.504,12.555,206,236566,178.1,137.50,0.70,22.80
84.080,1,81.00,13.504,12.512,205,236542,178.1,137.52,0.70,22.80
84.094,1,81.00,13.504,12.547,205,236542,178.1,137.55,0.70,22.80
84.107,1,81.00,13.504,12.524,203,236158,178.1,137.57,0.70,22.80
84.121,1,81.00,13.504,12.579,201,235918,178.1,137.59,0.71,22.80
84.135,1,81.00,13.504,12.517,201,235918,178.1,137.62,0.71,22.80
84.148,1,81.00,13.504,12.547,199,235558,178.1,137.64,0.71,22.80
84.162,1,81.00,13.504,12.536,199,235558,178.1,137.66,0.71,22.80
84.176,1,81.00,13.504,12.530,198,235418,178.1,137.69,0.71,22.80
84.189,1,81.00,13.504,12.497,198,235418,178.1,137.71,0.71,22.80
84.203,1,81.00,13.504,12.474,198,235418,178.1,137.73,0.71,22.80
84.217,1,81.00,13.504,12.521,198,235418,178.1,137.76,0.71,22.80
84.230,1,81.00,13.504,12.521,198,235418,178.1,137.78,0.71,22.80
84.244,1,81.00,13.504,12.480,198,235418,178.1,137.80,0.71,22.80
84.257,1,81.00,13.504,12.476,198,235418,178.1,137.82,0.71,22.80
84.271,1,81.00,13.504,12.456,198,235418,178.1,137.85,0.71,22.80
84.285,1,81.00,13.504,12.488,198,235418,178.1,137.87,0.71,22.80
84.298,1,81.00,13.504,12.463,198,235418,178.1,137.89,0.71,22.80
84.312,1,81.00,13.504,12.430,198,235418,178.1,137.92,0.71,22.80
84.326,1,81.00,13.504,12.409,198,235418,178.1,137.94,0.71,22.80
84.339,1,81.00,13.504,12.422,198,235418,178.1,137.96,0.71,22.80
84.353,1,81.00,13.504,12.396,198,235418,178.1,137.99,0.72,22.80
84.367,1,81.00,13.504,12.416,197,235274,178.1,138.01,0.72,22.79
84.380,1,81.00,13.504,12.391,206,236546,178.1,138.02,0.72,22.78
84.394,1,81.00,13.504,13.463,205,236434,178.1,138.04,0.72,22.76
84.407,1,81.00,13.504,13.413,205,236434,178.1,138.06,0.72,22.74
84.421,1,81.00,13.504,13.438,205,236434,178.1,138.07,0.72,22.73
84.435,1,81.00,13.504,13.400,205,236434,178.1,138.09,0.72,22.71
84.448,1,81.00,13.504,13.424,205,236434,178.1,138.11,0.72,22.69
84.462,1,81.00,13.504,13.359,205,236434,178.1,138.12,0.72,22.68
84.476,1,81.00,13.504,13.368,205,236434,178.1,138.14,0.72,22.66
84.489,1,81.00,13.504,13.386,205,236434,178.1,138.15,0.72,22.65
84.503,1,81.00,13.504,13.332,205,236434,178.1,138.17,0.71,22.63
84.518,1,81.00,13.504,13.342,206,236674,178.1,138.19,0.71,22.61
84.532,1,81.00,13.504,13.305,206,236674,178.1,138.21,0.71,22.59
84.546,1,81.00,13.504,13.236,206,236674,178.1,138.22,0.71,22.58
84.560,1,81.00,13.504,13.227,206,236674,178.1,138.24,0.71,22.56
84.574,1,81.00,13.504,13.196,204,236082,178.1,138.26,0.71,22.54
84.588,1,81.00,13.504,13.131,204,236082,178.1,138.27,0.71,22.53
84.602,1,81.00,13.504,13.108,204,236082,178.1,138.29,0.71,22.51
84.616,1,81.00,13.504,13.112,204,236082,178.1,138.31,0.71,22.49
84.631,1,81.00,13.504,13.144,204,236082,178.1,138.32,0.71,22.48
84.645,1,81.00,13.504,13.147,204,236082,178.1,138.34,0.71,22.46
84.659,1,81.00,13.504,13.045,204,236082,178.1,138.36,0.71,22.44
84.673,1,81.00,13.504,13.128,204,236082,178.1,138.38,0.71,22.42
84.688,1,81.00,13.504,13.080,203,235902,178.1,138.39,0.71,22.41
84.702,1,81.00,13.504,13.026,203,235902,178.1,138.41,0.71,22.39
84.716,1,81.00,13.504,13.060,203,235902,178.1,138.43,0.70,22.37
84.731,1,81.00,13.504,13.020,203,235902,178.1,138.44,0.70,22.36
84.745,1,81.00,13.504,13.025,203,235902,178.1,138.46,0.70,22.34
84.759,1,81.00,13.504,13.058,203,235902,178.1,138.48,0.70,22.32
84.773,1,81.00,13.504,12.988,203,235902,178.1,138.50,0.70,22.30
84.788,1,81.00,13.504,12.965,203,235902,178.1,138.51,0.70,22.29
84.802,1,81.00,13.504,12.949,202,235734,178.1,138.53,0.70,22.27
84.816,1,81.00,13.504,12.950,202,235734,178.1,138.55,0.70,22.25
84.831,1,81.00,13.504,12.923,202,235734,178.1,138.57,0.70,22.23
84.845,1,81.00,13.504,12.951,202,235734,178.1,138.58,0.70,22.22
84.859,1,81.00,13.504,12.900,202,235734,178.1,138.60,0.70,22.20
84.873,1,81.00,13.504,12.900,202,235734,178.1,138.62,0.70,22.20
84.888,1,81.00,13.504,12.886,199,235518,178.1,138.65,0.69,22.20
84.902,1,81.00,13.504,12.892,198,235374,178.1,138.67,0.69,22.20
84.916,1,81.00,13.504,12.893,197,235326,178.1,138.70,0.69,22.20
84.930,1,81.00,13.504,12.919,194,234750,178.1,138.72,0.69,22.20
84.944,1,81.00,13.504,12.851,191,234030,178.1,138.74,0.69,22.20
84.958,1,81.00,13.504,12.814,191,234030,178.1,138.77,0.69,22.20
84.971,1,81.00,13.504,12.824,191,234030,178.1,138.79,0.69,22.20
84.985,1,81.00,13.504,12.823,190,233918,178.1,138.81,0.69,22.20
84.999,1,81.00,13.504,12.783,190,233918,178.1,138.84,0.69,22.20
85.013,1,73.00,14.305,12.762,189,233678,178.1,138.86,0.69,22.20
85.027,1,73.00,14.305,12.765,189,233678,178.1,138.88,0.69,22.20
85.041,1,73.00,14.305,12.769,189,233678,178.1,138.91,0.69,22.20
85.055,1,73.00,14.305,12.764,187,233330,178.1,138.93,0.69,22.20
85.069,1,73.00,14.305,12.703,187,233330,178.1,138.96,0.69,22.20
85.083,1,73.00,14.305,12.741,187,233330,178.1,138.98,0.69,22.20
85.096,1,73.00,14.305,12.697,186,232826,178.1,139.00,0.69,22.20
85.110,1,73.00,14.305,12.701,186,232826,178.1,139.03,0.69,22.20
85.124,1,73.00,14.305,12.764,186,232826,178.1,139.05,0.69,22.20
85.138,1,73.00,14.305,12.759,186,232826,178.1,139.07,0.69,22.20
85.152,1,73.00,14.305,12.732,184,232678,178.1,139.10,0.69,22.20
85.166,1,73.00,14.305,12.748,184,232678,178.1,139.12,0.69,22.20
85.180,1,73.00,14.305,12.754,184,232678,178.1,139.14,0.69,22.20
85.194,1,73.00,14.305,12.765,183,232558,178.1,139.17,0.69,22.20
85.208,1,73.00,14.305,12.904,183,232558,178.1,139.19,0.69,22.20
85.221,1,73.00,14.305,12.957,183,232558,178.1,139.22,0.69,22.20
85.235,1,73.00,14.305,12.617,182,232246,178.1,139.24,0.69,22.20
85.249,1,73.00,14.305,12.544,182,232246,178.1,139.26,0.69,22.20
85.263,1,73.00,14.305,12.138,179,231886,178.1,139.29,0.69,22.20
85.277,1,73.00,14.305,12.086,179,231886,178.1,139.31,0.69,22.20
85.291,1,73.00,14.305,11.942,179,231886,178.1,139.33,0.69,22.20
85.304,1,73.00,14.305,11.894,177,231766,178.1,139.36,0.69,22.20
85.317,1,73.00,14.305,11.910,177,231766,178.1,139.38,0.70,22.20
85.330,1,73.00,14.305,11.962,177,231766,178.1,139.40,0.70,22.20
85.343,1,73.00,14.305,12.049,177,231766,178.1,139.42,0.70,22.20
85.356,1,73.00,14.305,12.135,176,231598,178.1,139.44,0.70,22.20
85.369,1,73.00,14.305,12.267,175,231454,178.1,139.47,0.70,22.20
85.382,1,73.00,14.305,12.355,175,231454,178.1,139.49,0.70,22.20
85.395,1,73.00,14.305,12.308,175,231454,178.1,139.51,0.70,22.20
85.408,1,73.00,14.305,12.276,175,231454,178.1,139.53,0.70,22.20
85.421,1,73.00,14.305,12.249,175,231454,178.1,139.55,0.70,22.20
85.434,1,73.00,14.305,12.365,175,231454,178.1,139.58,0.70,22.20
85.447,1,73.00,14.305,12.400,175,231454,178.1,139.60,0.70,22.20
85.460,1,73.00,14.305,12.401,175,231454,178.1,139.62,0.70,22.20
85.472,1,73.00,14.305,12.460,175,231454,178.1,139.64,0.70,22.20
85.485,1,73.00,14.305,12.502,175,231454,178.1,139.66,0.70,22.20
85.498,1,73.00,14.305,12.554,172,231170,178.1,139.69,0.70,22.20
85.511,1,73.00,14.305,12.563,172,231170,178.1,139.71,0.71,22.20
85.524,1,73.00,14.305,12.643,172,231170,178.1,139.73,0.71,22.20
85.537,1,73.00,14.305,12.665,172,231170,178.1,139.75,0.71,22.20
85.550,1,73.00,14.305,12.744,172,231170,178.1,139.77,0.71,22.20
85.563,1,73.00,14.305,12.760,172,231170,178.1,139.80,0.71,22.20
85.576,1,73.00,14.305,12.745,170,231110,178.1,139.82,0.71,22.20
85.590,1,73.00,14.305,12.773,169,230550,178.1,139.84,0.71,22.20
85.603,1,73.00,14.305,12.489,167,229522,178.1,139.86,0.71,22.20
85.616,1,73.00,14.305,12.578,167,229522,178.1,139.89,0.71,22.20
85.630,1,73.00,14.305,12.599,167,229522,178.1,139.91,0.71,22.20
85.643,1,73.00,14.305,12.625,167,229522,178.1,139.93,0.71,22.20
85.656,1,73.00,14.305,12.679,167,229522,178.1,139.95,0.71,22.20
85.670,1,73.00,14.305,12.667,167,229522,178.1,139.98,0.71,22.20
85.683,1,73.00,14.305,12.669,164,228802,178.1,140.00,0.71,22.20
85.696,1,73.00,14.305,12.729,164,228802,178.1,140.02,0.71,22.20
85.710,1,73.00,14.305,12.700,164,228802,178.1,140.04,0.71,22.20
85.723,1,73.00,14.305,12.678,164,228802,178.1,140.07,0.71,22.20
85.736,1,73.00,14.305,12.832,164,228802,178.1,140.09,0.71,22.20
85.750,1,73.00,14.305,12.670,164,228802,178.1,140.11,0.71,22.20
85.763,1,73.00,14.305,12.691,164,228802,178.1,140.14,0.71,22.20
85.776,1,73.00,14.305,12.729,164,228802,178.1,140.16,0.71,22.20
85.790,1,73.00,14.305,12.722,164,228802,178.1,140.18,0.71,22.20
85.803,1,73.00,14.305,12.876,162,228210,178.1,140.20,0.71,22.20
85.816,1,73.00,14.305,12.713,162,228158,178.1,140.23,0.71,22.20
85.830,1,73.00,14.305,12.832,162,228158,178.1,140.25,0.71,22.20
85.843,1,73.00,14.305,12.720,161,226720,178.1,140.27,0.71,22.20
85.856,1,73.00,14.305,12.775,161,226720,178.1,140.29,0.71,22.20
85.870,1,73.00,14.305,12.763,161,226720,178.1,140.32,0.70,22.20
85.883,1,73.00,14.305,12.779,161,226720,178.1,140.34,0.70,22.20
85.896,1,73.00,14.305,12.809,161,226720,178.1,140.36,0.70,22.20
85.910,1,73.00,14.305,12.811,160,226576,178.1,140.39,0.70,22.20
85.924,1,73.00,14.305,12.796,160,226576,178.1,140.41,0.70,22.21
85.937,1,73.00,14.305,12.834,158,225732,178.1,140.42,0.70,22.22
85.951,1,73.00,14.305,12.829,158,225732,178.1,140.44,0.70,22.24
85.965,1,73.00,14.305,12.920,158,225732,178.1,140.46,0.70,22.26
85.979,1,73.00,14.305,12.841,157,224872,178.1,140.47,0.70,22.27
85.993,1,73.00,14.091,12.839,157,224872,178.1,140.49,0.70,22.29
86.006,1,73.00,14.091,13.016,157,224872,178.1,140.51,0.70,22.31
86.020,1,73.00,14.091,12.982,157,224872,178.1,140.52,0.70,22.32
86.034,1,73.00,14.091,12.971,155,224036,178.1,140.54,0.70,22.34
86.048,1,73.00,14.091,13.088,155,224036,178.1,140.56,0.69,22.36
86.062,1,73.00,14.091,13.068,155,224036,178.1,140.57,0.69,22.37
86.078,1,73.00,14.091,14.625,155,224036,178.1,140.59,0.69,22.39
86.092,1,73.00,14.091,13.168,154,222598,178.1,140.61,0.69,22.41
86.106,1,73.00,14.091,13.339,154,222598,178.1,140.63,0.69,22.43
86.121,1,73.00,14.091,13.293,154,222598,178.1,140.64,0.69,22.44
86.135,1,73.00,14.091,13.363,153,221814,178.1,140.66,0.69,22.46
86.153,1,73.00,14.091,17.650,153,221814,178.1,140.68,0.69,22.48
86.168,1,73.00,14.091,13.359,153,221814,178.1,140.70,0.69,22.50
86.182,1,73.00,14.091,13.488,153,221814,178.1,140.72,0.69,22.52
86.197,1,73.00,14.091,13.363,153,221814,178.1,140.74,0.69,22.54
86.212,1,73.00,14.091,13.367,153,221814,178.1,140.75,0.69,22.55
86.227,1,73.00,14.091,13.401,152,215878,178.1,140.77,0.68,22.57
86.242,1,73.00,14.091,15.426,150,215430,178.1,140.79,0.68,22.59
86.257,1,73.00,14.091,13.355,150,215430,178.1,140.81,0.68,22.61
86.271,1,73.00,14.091,13.405,149,213750,178.1,140.82,0.68,22.62
86.286,1,73.00,14.091,13.356,148,212490,178.1,140.84,0.68,22.64
86.301,1,73.00,14.091,13.492,147,206554,178.1,140.86,0.68,22.66
86.316,1,73.00,14.091,13.869,147,206554,178.1,140.88,0.68,22.68
86.331,1,73.00,14.091,13.346,145,206354,178.1,140.90,0.68,22.70
86.345,1,73.00,14.091,15.538,145,206354,178.1,140.91,0.68,22.71
86.360,1,73.00,14.091,13.375,144,201314,178.1,140.93,0.68,22.73
86.375,1,73.00,14.091,13.366,144,201314,178.1,140.95,0.68,22.75
86.390,1,73.00,14.091,13.341,144,201314,178.1,140.97,0.68,22.77
86.405,1,73.00,14.091,13.352,144,201314,178.1,140.98,0.68,22.78
86.419,1,73.00,14.091,13.315,143,199694,178.1,141.00,0.68,22.80
86.434,1,73.00,14.091,13.465,143,199694,178.1,141.03,0.68,22.80
86.449,1,73.00,14.091,13.594,141,199314,178.1,141.05,0.68,22.80
86.464,1,73.00,14.091,13.323,140,199158,178.1,141.08,0.68,22.80
86.479,1,73.00,14.091,14.831,139,194118,178.1,141.10,0.68,22.80
86.494,1,73.00,14.091,13.310,138,192438,178.1,141.13,0.68,22.80
86.508,1,73.00,14.091,13.630,137,192102,178.1,141.15,0.69,22.80
86.523,1,73.00,14.091,13.314,137,192102,178.1,141.18,0.69,22.80
86.538,1,73.00,14.091,13.579,137,192102,178.1,141.20,0.69,22.80
86.553,1,73.00,14.091,13.312,137,192102,178.1,141.23,0.69,22.80
86.568,1,73.00,14.091,13.583,137,192102,178.1,141.26,0.69,22.80
86.582,1,73.00,14.091,13.600,135,190994,178.1,141.28,0.69,22.80
86.597,1,73.00,14.091,13.288,135,190994,178.1,141.31,0.69,22.80
86.612,1,73.00,14.091,14.906,135,190994,178.1,141.33,0.69,22.80
86.627,1,73.00,14.091,13.223,134,190094,178.1,141.36,0.69,22.80
86.642,1,73.00,14.091,13.786,134,190094,178.1,141.38,0.69,22.80
86.657,1,73.00,14.091,13.285,134,190094,178.1,141.41,0.69,22.80
86.671,1,73.00,14.091,13.621,134,190094,178.1,141.43,0.69,22.80
86.686,1,73.00,14.091,13.254,133,189938,178.1,141.46,0.69,22.80
86.701,1,73.00,14.091,14.878,133,189938,178.1,141.48,0.69,22.80
86.715,1,73.00,14.091,13.493,132,184898,178.1,141.51,0.70,22.80
86.730,1,73.00,14.091,13.227,132,184898,178.1,141.53,0.70,22.80
86.745,1,73.00,14.091,13.536,130,183962,178.1,141.56,0.70,22.80
86.759,1,73.00,14.091,13.207,130,183962,178.1,141.58,0.70,22.80
86.774,1,73.00,14.091,15.725,129,178306,178.1,141.61,0.70,22.80
86.789,1,73.00,14.091,13.134,128,178138,178.1,141.63,0.70,22.80
86.803,1,73.00,14.091,13.481,128,178138,178.1,141.66,0.70,22.80
86.818,1,73.00,14.091,13.460,127,171082,178.1,141.68,0.70,22.80
86.833,1,73.00,14.091,16.014,126,162290,178.1,141.71,0.70,22.80
86.848,1,73.00,14.091,14.727,126,162290,178.1,141.73,0.70,22.80
86.862,1,73.00,14.091,13.164,120,145454,178.1,141.76,0.70,22.80
86.877,1,73.00,14.091,13.418,119,139462,178.1,141.78,0.70,22.80
86.892,1,73.00,14.091,13.172,119,139462,178.1,141.81,0.70,22.80
86.907,1,73.00,14.091,13.173,118,139406,178.1,141.83,0.70,22.80
86.921,1,73.00,14.091,10.060,117,139238,178.1,141.86,0.70,22.80
86.936,1,73.00,14.091,10.080,116,133862,178.1,141.88,0.70,22.80
86.948,1,73.00,14.091,10.087,114,129472,178.1,141.90,0.70,22.80
86.959,1,73.00,14.091,10.054,112,128536,178.1,141.92,0.70,22.80
86.970,1,73.00,14.091,10.028,111,128512,178.1,141.94,0.70,22.80
86.981,1,73.00,14.091,10.044,111,128512,178.1,141.96,0.70,22.80
86.992,1,73.00,14.091,10.060,111,128512,178.1,141.98,0.70,22.80
87.003,1,73.00,14.091,10.055,110,128344,178.1,141.99,0.70,22.80
87.014,1,71.00,18.523,10.046,110,128344,178.1,142.01,0.70,22.80
87.025,1,71.00,18.523,10.040,109,126724,178.1,142.03,0.70,22.80
87.036,1,71.00,18.523,10.043,107,121628,178.1,142.05,0.70,22.80
87.047,1,71.00,18.523,10.040,107,121628,178.1,142.07,0.70,22.80
87.057,1,71.00,18.523,10.022,105,104828,178.1,142.09,0.70,22.80
87.068,1,71.00,18.523,10.020,104,104540,178.1,142.11,0.70,22.80
87.079,1,71.00,18.523,10.037,103,95468,178.1,142.13,0.70,22.80
87.090,1,71.00,18.523,10.034,101,95128,178.1,142.14,0.70,22.80
87.101,1,71.00,18.523,10.054,100,94960,178.1,142.16,0.70,22.80
87.112,1,71.00,18.523,10.013,99,93672,178.1,142.18,0.70,22.80
87.123,1,71.00,18.523,10.052,97,86948,178.1,142.20,0.70,22.80
87.134,1,71.00,18.523,10.077,96,86768,178.1,142.22,0.70,22.80
87.145,1,71.00,18.523,10.008,96,86768,178.1,142.24,0.70,22.80
87.156,1,71.00,18.523,10.034,95,85088,178.1,142.26,0.70,22.80
87.167,1,71.00,18.523,10.046,95,85088,178.1,142.27,0.70,22.80
87.178,1,71.00,18.523,10.041,95,85088,178.1,142.29,0.70,22.80
87.189,1,71.00,18.523,10.089,94,84360,178.1,142.31,0.70,22.80
87.200,1,71.00,18.523,10.078,94,84360,178.1,142.33,0.70,22.80
87.211,1,71.00,18.523,10.045,94,84360,178.1,142.35,0.69,22.80
87.222,1,71.00,18.523,10.129,94,84360,178.1,142.37,0.69,22.80
87.233,1,71.00,18.523,10.078,93,84324,178.1,142.39,0.69,22.80
87.244,1,71.00,18.523,10.078,93,84324,178.1,142.40,0.69,22.80
87.255,1,71.00,18.523,10.178,92,84212,178.1,142.42,0.69,22.80
87.266,1,71.00,18.523,10.168,91,83988,178.1,142.44,0.69,22.80
87.277,1,71.00,18.523,10.097,91,83988,178.1,142.46,0.69,22.80
87.288,1,71.00,18.523,10.062,91,83988,178.1,142.48,0.69,22.80
87.299,1,71.00,18.523,10.063,90,82700,178.1,142.50,0.69,22.80
87.309,1,71.00,18.523,10.060,90,82700,178.1,142.52,0.69,22.80
87.320,1,71.00,18.523,10.025,90,82412,178.1,142.53,0.69,22.80
87.330,1,71.00,18.523,10.035,89,82356,178.1,142.55,0.69,22.80
87.341,1,71.00,18.523,10.007,88,82176,178.1,142.57,0.69,22.80
87.352,1,71.00,18.523,9.990,87,75064,178.1,142.59,0.69,22.80
87.362,1,71.00,18.523,10.038,87,75060,178.1,142.61,0.69,22.80
87.373,1,71.00,18.523,9.988,87,75064,178.1,142.62,0.68,22.80
87.383,1,71.00,18.523,10.023,86,75004,178.1,142.64,0.68,22.80
87.394,1,71.00,18.523,10.015,85,73552,178.1,142.66,0.68,22.80
87.405,1,71.00,18.523,10.055,84,71872,178.1,142.68,0.68,22.80
87.415,1,71.00,18.523,9.971,84,71872,178.1,142.70,0.68,22.80
87.426,1,71.00,18.523,9.981,84,71868,178.1,142.71,0.68,22.80
87.436,1,71.00,18.523,9.995,84,71868,178.1,142.73,0.68,22.80
87.447,1,71.00,18.523,9.996,84,71868,178.1,142.75,0.68,22.80
87.458,1,71.00,18.523,9.929,84,71872,178.1,142.77,0.68,22.80
87.468,1,71.00,18.523,9.987,83,64140,178.1,142.79,0.68,22.80
87.479,1,71.00,18.523,9.962,80,64020,178.1,142.80,0.68,22.80
87.490,1,71.00,18.523,9.958,81,80708,178.1,142.82,0.68,22.80
87.500,1,71.00,18.523,10.240,81,80708,178.1,142.84,0.68,22.80
87.511,1,71.00,18.523,10.286,81,80712,178.1,142.86,0.68,22.80
87.521,1,71.00,18.523,10.293,81,80712,178.1,142.88,0.68,22.80
87.532,1,71.00,18.523,10.293,81,80712,178.1,142.89,0.68,22.80
87.543,1,71.00,18.523,10.309,80,80600,178.1,142.91,0.68,22.80
87.554,1,71.00,18.523,10.322,80,80312,178.1,142.93,0.68,22.80
87.565,1,71.00,18.523,10.330,79,80256,178.1,142.95,0.68,22.80
87.576,1,71.00,18.523,10.321,78,80156,178.1,142.97,0.68,22.80
87.587,1,71.00,18.523,10.322,78,80156,178.1,142.99,0.68,22.80
87.599,1,71.00,18.523,10.320,77,73044,178.1,143.01,0.68,22.80
87.610,1,71.00,18.523,10.345,76,71364,178.1,143.03,0.68,22.80
87.621,1,71.00,18.523,10.313,75,69908,178.1,143.05,0.68,22.80
87.632,1,71.00,18.523,10.301,75,69908,178.1,143.06,0.68,22.80
87.643,1,71.00,18.523,10.334,75,69908,178.1,143.08,0.68,22.80
87.654,1,71.00,18.523,10.262,74,69572,178.1,143.10,0.68,22.80
87.665,1,71.00,18.523,10.230,73,69392,178.1,143.12,0.68,22.80
87.676,1,71.00,18.523,10.215,73,69392,178.1,143.14,0.68,22.80
87.687,1,71.00,18.523,10.234,73,69392,178.1,143.16,0.68,22.80
87.699,1,71.00,18.523,10.217,72,69224,178.1,143.18,0.68,22.80
87.710,1,71.00,18.523,10.221,69,69104,178.1,143.20,0.68,22.80
87.721,1,71.00,18.523,10.211,68,61376,178.1,143.22,0.68,22.80
87.732,1,71.00,18.523,10.213,67,61208,178.1,143.23,0.68,22.80
87.743,1,71.00,18.523,10.238,67,61208,178.1,143.25,0.68,22.80
87.754,1,71.00,18.523,10.234,67,61208,178.1,143.27,0.68,22.80
87.765,1,71.00,18.523,10.211,67,61208,178.1,143.29,0.68,22.80
87.776,1,71.00,18.523,10.221,67,61208,178.1,143.31,0.68,22.80
87.787,1,71.00,18.523,10.235,67,61208,178.1,143.33,0.68,22.80
87.799,1,71.00,18.523,10.257,67,61208,178.1,143.35,0.68,22.80
87.810,1,71.00,18.523,10.235,66,60776,178.1,143.37,0.68,22.80
87.821,1,71.00,18.523,10.245,66,60776,178.1,143.39,0.68,22.80
87.832,1,71.00,18.523,10.243,65,60440,178.1,143.40,0.68,22.80
87.843,1,71.00,18.523,10.276,67,58524,178.1,143.42,0.68,22.80
87.854,1,71.00,18.523,10.328,67,58524,178.1,143.44,0.68,22.80
87.865,1,71.00,18.523,10.347,65,57756,178.1,143.46,0.68,22.80
87.876,1,71.00,18.523,10.403,64,57456,178.1,143.48,0.68,22.80
87.887,1,71.00,18.523,10.296,64,57456,178.1,143.50,0.68,22.80
87.899,1,71.00,18.523,10.417,64,57456,178.1,143.52,0.68,22.80
87.910,1,71.00,18.523,10.323,64,57456,178.1,143.54,0.68,22.80
87.921,1,71.00,18.523,10.331,64,57456,178.1,143.56,0.68,22.80
87.932,1,71.00,18.523,10.348,63,57288,178.1,143.57,0.68,22.80
87.943,1,71.00,18.523,10.362,63,57288,178.1,143.59,0.69,22.80
87.954,1,71.00,18.523,10.352,63,57288,178.1,143.61,0.69,22.80
87.965,1,71.00,18.523,10.386,63,57288,178.1,143.63,0.69,22.80
87.976,1,71.00,18.523,10.483,61,57020,178.1,143.65,0.69,22.80
87.987,1,71.00,18.523,10.395,61,57020,178.1,143.67,0.69,22.80
87.999,1,90.00,11.397,10.457,61,57020,178.1,143.69,0.69,22.80
88.010,1,90.00,11.397,10.539,61,57020,178.1,143.71,0.69,22.80
88.021,1,90.00,11.397,10.413,61,57020,178.1,143.73,0.69,22.80
88.032,1,90.00,11.397,10.460,60,56180,178.1,143.74,0.69,22.80
88.043,1,90.00,11.397,12.296,60,56180,178.1,143.76,0.69,22.80
88.054,1,90.00,11.397,10.467,59,55844,178.1,143.78,0.69,22.80
88.065,1,90.00,11.397,10.588,59,55844,178.1,143.80,0.69,22.80
88.076,1,90.00,11.397,10.498,59,55844,178.1,143.82,0.69,22.80
88.088,1,90.00,11.397,10.501,59,55844,178.1,143.84,0.69,22.80
88.100,1,90.00,11.397,11.626,58,55564,178.1,143.86,0.69,22.80
88.112,1,90.00,11.397,11.387,58,55564,178.1,143.88,0.69,22.80
88.124,1,90.00,11.397,10.531,57,55276,178.1,143.90,0.69,22.80
88.136,1,90.00,11.397,10.573,57,55276,178.1,143.92,0.69,22.80
88.147,1,90.00,11.397,10.588,57,55276,178.1,143.94,0.69,22.80
88.159,1,90.00,11.397,10.770,57,55276,178.1,143.96,0.69,22.80
88.171,1,90.00,11.397,10.652,55,52152,178.1,143.98,0.69,22.80
88.182,1,90.00,11.397,10.681,55,52152,178.1,144.00,0.70,22.80
88.196,1,90.00,11.397,13.458,58,52840,178.1,144.02,0.70,22.80
88.209,1,90.00,11.397,11.491,57,52732,178.1,144.04,0.70,22.80
88.220,1,90.00,11.397,11.077,56,50106,178.1,144.07,0.70,22.80
88.234,1,90.00,11.397,12.431,55,49806,178.1,144.09,0.70,22.80
88.246,1,90.00,11.397,11.194,54,49470,178.1,144.11,0.70,22.80
88.259,1,90.00,11.397,11.288,54,49470,178.1,144.13,0.70,22.80
88.271,1,90.00,11.397,11.409,54,49470,178.1,144.15,0.70,22.80
88.284,1,90.00,11.397,11.334,54,49470,178.1,144.17,0.70,22.80
88.296,1,90.00,11.397,12.683,53,49190,178.1,144.19,0.70,22.80
88.309,1,90.00,11.397,11.969,53,49190,178.1,144.22,0.69,22.80
88.322,1,90.00,11.397,11.500,53,49190,178.1,144.24,0.69,22.80
88.336,1,90.00,11.397,13.334,53,49190,178.1,144.26,0.69,22.80
88.349,1,90.00,11.397,11.648,52,48902,178.1,144.28,0.69,22.80
88.362,1,90.00,11.397,11.555,52,48902,178.1,144.31,0.69,22.80
88.375,1,90.00,11.397,11.696,51,48650,178.1,144.33,0.69,22.80
88.388,1,90.00,11.397,11.611,50,48550,178.1,144.35,0.69,22.80
88.401,1,90.00,11.397,12.891,50,48550,178.1,144.37,0.69,22.80
88.414,1,90.00,11.397,12.176,50,48550,178.1,144.39,0.69,22.80
88.427,1,90.00,11.397,11.678,50,48550,178.1,144.42,0.69,22.80
88.440,1,90.00,11.397,13.342,49,48494,178.1,144.44,0.69,22.80
88.453,1,90.00,11.397,11.685,48,48386,178.1,144.46,0.69,22.80
88.467,1,90.00,11.397,13.331,48,48386,178.1,144.48,0.69,22.80
88.480,1,90.00,11.397,11.812,48,48386,178.1,144.51,0.69,22.80
88.493,1,90.00,11.397,11.806,48,48386,178.1,144.53,0.69,22.80
88.506,1,90.00,11.397,13.016,47,47826,178.1,144.55,0.69,22.80
88.519,1,90.00,11.397,11.826,47,47826,178.1,144.57,0.69,22.80
88.533,1,90.00,11.397,13.285,47,47826,178.1,144.60,0.68,22.80
88.547,1,90.00,11.397,13.003,47,47826,178.1,144.62,0.68,22.80
88.561,1,90.00,11.397,11.889,48,48378,178.1,144.64,0.68,22.80
88.576,1,90.00,11.397,15.203,48,48378,178.1,144.67,0.68,22.80
88.589,1,90.00,11.397,11.831,48,48378,178.1,144.69,0.68,22.80
88.604,1,90.00,11.397,14.257,48,48378,178.1,144.72,0.68,22.80
88.620,1,90.00,11.397,15.202,47,48322,178.1,144.74,0.68,22.80
88.634,1,90.00,11.397,11.798,47,48322,178.1,144.77,0.68,22.80
88.648,1,90.00,11.397,13.759,47,48322,178.1,144.79,0.68,22.80
88.662,1,90.00,11.397,11.796,47,48322,178.1,144.82,0.68,22.80
88.676,1,90.00,11.397,13.858,46,48210,178.1,144.84,0.68,22.80
88.690,1,90.00,11.397,11.773,46,48210,178.1,144.86,0.67,22.80
88.704,1,90.00,11.397,13.491,45,47930,178.1,144.89,0.67,22.80
88.718,1,90.00,11.397,11.790,45,47930,178.1,144.91,0.67,22.80
88.732,1,90.00,11.397,14.018,44,47370,178.1,144.94,0.67,22.80
88.747,1,90.00,11.397,13.616,43,47270,178.1,144.96,0.67,22.80
88.761,1,90.00,11.397,12.023,43,47270,178.1,144.98,0.67,22.80
88.775,1,90.00,11.397,13.079,43,47270,178.1,145.01,0.67,22.80
88.790,1,90.00,11.397,12.043,43,47270,178.1,145.03,0.67,22.80
88.804,1,90.00,11.397,13.926,43,47270,178.1,145.06,0.67,22.80
88.818,1,90.00,11.397,12.270,43,47270,178.1,145.08,0.67,22.80
88.832,1,90.00,11.397,12.371,43,47270,178.1,145.11,0.67,22.80
88.847,1,90.00,11.397,12.538,43,47270,178.1,145.13,0.67,22.80
88.861,1,90.00,11.397,12.377,43,47270,178.1,145.15,0.67,22.80
88.875,1,90.00,11.397,12.462,43,47270,178.1,145.18,0.67,22.80
88.889,1,90.00,11.397,12.471,42,47162,178.1,145.20,0.67,22.80
88.903,1,90.00,11.397,13.945,42,47162,178.1,145.22,0.67,22.78
88.917,1,90.00,11.397,15.283,42,47162,178.1,145.23,0.67,22.77
88.932,1,90.00,11.397,12.788,42,47162,178.1,145.25,0.67,22.75
88.947,1,90.00,11.397,14.082,42,47162,178.1,145.27,0.67,22.73
88.961,1,90.00,11.397,12.774,42,47162,178.1,145.29,0.67,22.71
88.975,1,90.00,11.397,14.043,42,47162,178.1,145.30,0.67,22.70
88.990,1,90.00,11.397,14.441,42,47162,178.1,145.32,0.67,22.68
89.004,1,76.00,16.150,14.604,41,47050,178.1,145.34,0.67,22.66
89.018,1,76.00,16.150,12.917,40,44178,178.1,145.36,0.67,22.64
89.032,1,76.00,16.150,13.298,39,44082,178.1,145.37,0.67,22.63
89.047,1,76.00,16.150,13.283,38,43802,178.1,145.39,0.67,22.61
89.061,1,76.00,16.150,13.072,38,43802,178.1,145.41,0.67,22.59
89.075,1,76.00,16.150,13.323,38,43802,178.1,145.43,0.67,22.57
89.090,1,76.00,16.150,13.230,38,43802,178.1,145.44,0.67,22.56
89.104,1,76.00,16.150,13.498,38,43802,178.1,145.46,0.67,22.54
89.118,1,76.00,16.150,13.239,38,43802,178.1,145.48,0.67,22.52
89.132,1,76.00,16.150,13.504,37,43718,178.1,145.49,0.67,22.51
89.147,1,76.00,16.150,13.566,37,43718,178.1,145.51,0.68,22.49
89.161,1,76.00,16.150,13.287,37,43718,178.1,145.53,0.68,22.47
89.175,1,76.00,16.150,13.575,37,43718,178.1,145.55,0.68,22.45
89.190,1,76.00,16.150,15.192,37,43718,178.1,145.56,0.68,22.44
89.204,1,76.00,16.150,13.631,37,43718,178.1,145.58,0.68,22.42
89.218,1,76.00,16.150,13.284,36,43382,178.1,145.60,0.68,22.40
89.232,1,76.00,16.150,13.574,36,43382,178.1,145.61,0.68,22.39
89.247,1,76.00,16.150,13.623,36,43382,178.1,145.63,0.68,22.37
89.261,1,76.00,16.150,14.035,35,43346,178.1,145.65,0.68,22.35
